patient_id,admission_date,department,age,bmi,systolic_bp,cholesterol,glucose_mg_dl,risk_score,recovery_days,clinical_outcome
PAT-20000,2025-11-03,Cardiology,48,28.7,144.0,163.0,102.0,29.7,12.0,Discharged Full Recovery
PAT-20001,2025-07-14,General Medicine,80,25.9,152.0,211.0,109.0,50.9,10.0,Outpatient Monitoring
PAT-20002,2025-08-25,Neurology,25,22.3,117.0,151.0,104.0,13.4,4.0,Discharged Full Recovery
PAT-20003,2025-07-18,Cardiology,29,27.3,131.0,161.0,117.0,28.6,9.0,Discharged Full Recovery
PAT-20004,2025-11-06,Neurology,60,27.1,132.0,200.0,122.0,42.8,8.0,Outpatient Monitoring
PAT-20005,2025-11-13,Cardiology,78,20.2,147.0,206.0,106.0,45.7,14.0,Outpatient Monitoring
PAT-20006,2025-08-23,General Medicine,79,27.4,165.0,212.0,142.0,70.9,12.0,Extended Hospital Care
PAT-20007,2025-07-14,Cardiology,72,24.7,164.0,208.0,88.0,47.6,14.0,Outpatient Monitoring
PAT-20008,2025-09-21,Cardiology,74,26.2,139.0,181.0,120.0,39.8,16.0,Outpatient Monitoring
PAT-20009,2025-07-16,Endocrinology,59,24.6,141.0,180.0,97.0,31.3,8.0,Discharged Full Recovery
PAT-20010,2025-07-19,Cardiology,37,27.4,130.0,168.0,129.0,35.0,7.0,Outpatient Monitoring
PAT-20011,2026-03-06,Endocrinology,72,23.0,165.0,208.0,90.0,48.9,12.0,Outpatient Monitoring
PAT-20012,2025-06-04,Cardiology,53,11.3,132.0,181.0,118.0,35.5,9.0,Outpatient Monitoring
PAT-20013,2025-06-01,Endocrinology,26,22.0,117.0,167.0,117.0,23.4,3.0,Discharged Full Recovery
PAT-20014,2026-01-15,Endocrinology,74,29.2,154.0,211.0,110.0,52.3,12.0,Outpatient Monitoring
PAT-20015,2025-12-24,General Medicine,22,24.7,121.0,181.0,115.0,28.8,10.0,Discharged Full Recovery
PAT-20016,2025-09-15,General Medicine,81,27.8,174.0,202.0,127.0,66.4,14.0,Extended Hospital Care
PAT-20017,2026-02-05,Neurology,28,36.2,141.0,159.0,116.0,32.6,9.0,Discharged Full Recovery
PAT-20018,2025-10-04,Neurology,78,25.7,161.0,209.0,104.0,52.8,13.0,Outpatient Monitoring
PAT-20019,2026-01-24,General Medicine,41,25.6,135.0,172.0,106.0,29.5,8.0,Discharged Full Recovery
PAT-20020,2026-02-01,Neurology,33,25.0,145.0,192.0,119.0,45.7,10.0,Outpatient Monitoring
PAT-20021,2025-08-12,Endocrinology,25,21.4,139.0,172.0,131.0,41.5,12.0,Outpatient Monitoring
PAT-20022,2025-06-02,Cardiology,72,17.2,138.0,199.0,100.0,36.7,11.0,Outpatient Monitoring
PAT-20023,2025-08-06,Endocrinology,26,30.4,137.0,204.0,126.0,48.1,9.0,Outpatient Monitoring
PAT-20024,2025-09-27,Neurology,47,36.7,133.0,188.0,138.0,46.1,10.0,Outpatient Monitoring
PAT-20025,2025-07-06,Neurology,52,20.7,132.0,205.0,121.0,43.9,11.0,Outpatient Monitoring
PAT-20026,2025-07-17,Endocrinology,27,24.5,150.0,188.0,119.0,47.0,10.0,Outpatient Monitoring
PAT-20027,2026-01-18,Neurology,56,33.6,156.0,218.0,109.0,55.0,11.0,Outpatient Monitoring
PAT-20028,2025-11-11,General Medicine,49,29.0,145.0,195.0,127.0,49.8,10.0,Outpatient Monitoring
PAT-20029,2025-07-10,Endocrinology,33,23.4,133.0,199.0,103.0,35.4,10.0,Outpatient Monitoring
PAT-20030,2026-03-03,Endocrinology,59,32.7,148.0,162.0,90.0,26.6,12.0,Discharged Full Recovery
PAT-20031,2025-08-13,Endocrinology,42,23.1,139.0,211.0,119.0,48.4,11.0,Outpatient Monitoring
PAT-20032,2025-08-10,Neurology,49,29.9,131.0,177.0,153.0,47.8,10.0,Outpatient Monitoring
PAT-20033,2025-06-08,Cardiology,64,26.4,165.0,172.0,118.0,49.3,12.0,Outpatient Monitoring
PAT-20034,2026-02-17,Neurology,58,31.6,150.0,200.0,90.0,39.0,11.0,Outpatient Monitoring
PAT-20035,2026-03-22,Cardiology,21,28.4,137.0,177.0,97.0,28.4,10.0,Discharged Full Recovery
PAT-20036,2025-07-06,General Medicine,55,24.0,145.0,217.0,124.0,55.2,12.0,Outpatient Monitoring
PAT-20037,2025-06-14,Cardiology,27,26.9,137.0,168.0,118.0,34.1,9.0,Discharged Full Recovery
PAT-20038,2025-10-14,Cardiology,54,36.5,149.0,188.0,106.0,41.3,11.0,Outpatient Monitoring
PAT-20039,2025-11-08,General Medicine,50,18.4,134.0,197.0,127.0,44.9,9.0,Outpatient Monitoring
PAT-20040,2025-06-27,Endocrinology,29,34.2,146.0,182.0,130.0,47.6,10.0,Outpatient Monitoring
PAT-20041,2025-12-19,Neurology,62,27.2,149.0,195.0,108.0,44.2,15.0,Outpatient Monitoring
PAT-20042,2025-12-26,General Medicine,72,28.2,141.0,202.0,125.0,49.1,10.0,Outpatient Monitoring
PAT-20043,2025-08-15,Endocrinology,77,28.5,143.0,214.0,98.0,42.9,12.0,Outpatient Monitoring
PAT-20044,2026-01-27,Cardiology,42,23.2,132.0,178.0,117.0,34.2,9.0,Discharged Full Recovery
PAT-20045,2025-07-01,Cardiology,37,28.5,134.0,153.0,130.0,32.9,9.0,Discharged Full Recovery
PAT-20046,2026-02-21,General Medicine,48,25.6,133.0,189.0,100.0,31.2,10.0,Discharged Full Recovery
PAT-20047,2025-09-24,Endocrinology,55,24.8,133.0,203.0,132.0,48.2,10.0,Outpatient Monitoring
PAT-20048,2025-06-04,Endocrinology,32,27.1,145.0,173.0,126.0,42.8,10.0,Outpatient Monitoring
PAT-20049,2025-10-16,Endocrinology,58,32.1,136.0,191.0,126.0,43.7,11.0,Outpatient Monitoring
PAT-20050,2025-11-01,Endocrinology,31,32.4,140.0,161.0,123.0,35.5,7.0,Outpatient Monitoring
PAT-20051,2025-06-06,Cardiology,22,27.1,138.0,158.0,108.0,27.6,7.0,Discharged Full Recovery
PAT-20052,2025-08-02,Neurology,26,32.0,132.0,169.0,125.0,34.7,9.0,Discharged Full Recovery
PAT-20053,2025-06-11,Cardiology,60,29.9,151.0,226.0,107.0,54.1,11.0,Outpatient Monitoring
PAT-20054,2025-07-01,Cardiology,27,24.1,144.0,192.0,99.0,37.2,9.0,Outpatient Monitoring
PAT-20055,2025-08-10,Cardiology,83,19.7,154.0,211.0,98.0,47.5,11.0,Outpatient Monitoring
PAT-20056,2026-02-15,Endocrinology,43,30.0,151.0,168.0,111.0,38.3,9.0,Outpatient Monitoring
PAT-20057,2026-01-18,General Medicine,40,24.7,138.0,185.0,112.0,37.3,10.0,Outpatient Monitoring
PAT-20058,2025-08-17,Cardiology,61,30.6,153.0,183.0,117.0,46.2,12.0,Outpatient Monitoring
PAT-20059,2025-09-21,Endocrinology,74,28.6,148.0,212.0,106.0,48.0,12.0,Outpatient Monitoring
PAT-20060,2026-03-21,General Medicine,28,36.5,149.0,157.0,156.0,52.0,8.0,Outpatient Monitoring
PAT-20061,2026-01-06,Neurology,71,26.9,150.0,218.0,101.0,48.8,10.0,Outpatient Monitoring
PAT-20062,2025-10-03,Neurology,80,25.8,145.0,221.0,123.0,56.0,12.0,Outpatient Monitoring
PAT-20063,2026-01-12,Cardiology,58,32.1,148.0,211.0,145.0,63.3,13.0,Extended Hospital Care
PAT-20064,2025-08-27,Cardiology,31,29.5,128.0,161.0,113.0,25.5,8.0,Discharged Full Recovery
PAT-20065,2025-10-09,Cardiology,51,25.2,155.0,220.0,90.0,47.5,10.0,Outpatient Monitoring
PAT-20066,2025-07-26,Cardiology,79,30.6,159.0,185.0,104.0,44.6,16.0,Outpatient Monitoring
PAT-20067,2025-08-09,Cardiology,58,29.1,153.0,171.0,117.0,42.6,10.0,Outpatient Monitoring
PAT-20068,2026-01-23,General Medicine,30,31.8,138.0,194.0,142.0,52.0,8.0,Outpatient Monitoring
PAT-20069,2025-11-01,Endocrinology,43,27.3,135.0,219.0,116.0,47.6,8.0,Outpatient Monitoring
PAT-20070,2025-11-12,Cardiology,78,23.9,143.0,242.0,117.0,58.9,15.0,Outpatient Monitoring
PAT-20071,2025-07-14,Cardiology,84,28.1,148.0,177.0,113.0,40.3,11.0,Outpatient Monitoring
PAT-20072,2025-08-17,Endocrinology,34,19.3,127.0,191.0,96.0,27.2,8.0,Discharged Full Recovery
PAT-20073,2025-07-24,General Medicine,29,31.4,139.0,139.0,100.0,19.2,9.0,Discharged Full Recovery
PAT-20074,2025-10-17,Neurology,53,28.8,146.0,178.0,139.0,50.0,11.0,Outpatient Monitoring
PAT-20075,2025-07-10,Endocrinology,43,21.1,135.0,150.0,102.0,21.3,9.0,Discharged Full Recovery
PAT-20076,2026-01-22,Endocrinology,32,24.9,129.0,190.0,91.0,25.9,5.0,Discharged Full Recovery
PAT-20077,2025-08-10,Cardiology,51,17.9,138.0,189.0,79.0,25.3,11.0,Discharged Full Recovery
PAT-20078,2026-01-14,General Medicine,73,18.3,142.0,208.0,98.0,40.6,15.0,Outpatient Monitoring
PAT-20079,2025-12-20,Neurology,63,32.3,141.0,190.0,129.0,47.1,9.0,Outpatient Monitoring
PAT-20080,2026-02-28,Cardiology,77,25.6,157.0,211.0,114.0,55.4,14.0,Outpatient Monitoring
PAT-20081,2025-06-13,Endocrinology,42,25.9,148.0,194.0,102.0,41.0,10.0,Outpatient Monitoring
PAT-20082,2026-03-22,Cardiology,57,30.6,155.0,187.0,146.0,60.0,12.0,Extended Hospital Care
PAT-20083,2025-10-10,Cardiology,71,29.7,157.0,199.0,113.0,51.4,11.0,Outpatient Monitoring
PAT-20084,2025-07-29,Neurology,73,27.1,149.0,205.0,114.0,49.6,15.0,Outpatient Monitoring
PAT-20085,2025-12-27,Endocrinology,40,29.1,131.0,178.0,117.0,33.7,9.0,Discharged Full Recovery
PAT-20086,2026-01-05,Cardiology,38,16.0,136.0,185.0,100.0,31.5,14.0,Discharged Full Recovery
PAT-20087,2025-09-10,Endocrinology,58,28.0,136.0,246.0,106.0,52.2,13.0,Outpatient Monitoring
PAT-20088,2025-09-03,Endocrinology,38,26.7,138.0,185.0,112.0,37.3,7.0,Outpatient Monitoring
PAT-20089,2025-07-24,Neurology,58,24.6,143.0,215.0,132.0,56.8,9.0,Outpatient Monitoring
PAT-20090,2025-06-21,Endocrinology,53,29.0,153.0,186.0,112.0,45.1,12.0,Outpatient Monitoring
PAT-20091,2026-03-20,General Medicine,61,26.4,146.0,201.0,112.0,46.1,10.0,Outpatient Monitoring
PAT-20092,2026-01-14,Cardiology,63,27.3,143.0,181.0,116.0,40.2,17.0,Outpatient Monitoring
PAT-20093,2025-10-11,Endocrinology,24,22.1,123.0,173.0,138.0,36.6,6.0,Outpatient Monitoring
PAT-20094,2025-10-07,Cardiology,74,29.2,152.0,172.0,99.0,35.2,14.0,Outpatient Monitoring
PAT-20095,2026-01-19,General Medicine,72,33.6,163.0,255.0,103.0,67.2,11.0,Extended Hospital Care
PAT-20096,2025-08-28,Neurology,50,25.1,141.0,185.0,112.0,38.8,8.0,Outpatient Monitoring
PAT-20097,2025-11-02,General Medicine,72,20.9,145.0,242.0,114.0,58.7,10.0,Outpatient Monitoring
PAT-20098,2025-08-25,Cardiology,54,20.9,149.0,201.0,102.0,43.6,13.0,Outpatient Monitoring
PAT-20099,2025-07-23,Cardiology,83,25.2,151.0,206.0,116.0,51.7,17.0,Outpatient Monitoring
PAT-20100,2025-07-16,Cardiology,69,33.9,160.0,216.0,105.0,54.8,16.0,Outpatient Monitoring
PAT-20101,2025-10-10,Endocrinology,82,20.3,156.0,193.0,109.0,47.5,13.0,Outpatient Monitoring
PAT-20102,2026-01-19,Neurology,83,29.4,157.0,236.0,111.0,61.7,12.0,Extended Hospital Care
PAT-20103,2025-11-13,Endocrinology,67,25.2,141.0,208.0,119.0,48.5,12.0,Outpatient Monitoring
PAT-20104,2025-07-23,Cardiology,27,26.9,141.0,167.0,108.0,31.8,11.0,Discharged Full Recovery
PAT-20105,2025-08-12,General Medicine,33,25.6,134.0,157.0,131.0,34.5,7.0,Discharged Full Recovery
PAT-20106,2026-01-18,Cardiology,50,27.5,149.0,207.0,116.0,51.0,13.0,Outpatient Monitoring
PAT-20107,2026-03-19,Neurology,58,24.4,132.0,211.0,102.0,38.1,11.0,Outpatient Monitoring
PAT-20108,2025-10-29,Neurology,65,22.6,143.0,200.0,110.0,43.5,10.0,Outpatient Monitoring
PAT-20109,2025-11-03,Neurology,21,30.8,145.0,178.0,105.0,35.9,7.0,Outpatient Monitoring
PAT-20110,2025-07-08,General Medicine,66,20.3,135.0,203.0,100.0,36.4,16.0,Outpatient Monitoring
PAT-20111,2025-09-06,Endocrinology,48,29.1,135.0,129.0,119.0,21.8,12.0,Discharged Full Recovery
PAT-20112,2025-12-15,Neurology,21,28.7,136.0,192.0,141.0,50.0,9.0,Outpatient Monitoring
PAT-20113,2025-11-30,Neurology,21,17.5,136.0,168.0,93.0,23.6,9.0,Discharged Full Recovery
PAT-20114,2025-08-14,Cardiology,26,34.9,144.0,173.0,147.0,50.7,5.0,Outpatient Monitoring
PAT-20115,2025-06-27,General Medicine,20,27.9,131.0,180.0,102.0,28.3,10.0,Discharged Full Recovery
PAT-20116,2025-12-16,Endocrinology,74,31.9,142.0,180.0,126.0,43.4,9.0,Outpatient Monitoring
PAT-20117,2025-09-04,Cardiology,36,25.1,134.0,187.0,125.0,41.1,12.0,Outpatient Monitoring
PAT-20118,2025-12-24,Cardiology,52,22.0,137.0,165.0,135.0,40.0,10.0,Outpatient Monitoring
PAT-20119,2025-12-11,Endocrinology,56,23.1,156.0,190.0,86.0,37.4,11.0,Outpatient Monitoring
PAT-20120,2025-06-05,Neurology,56,28.1,145.0,200.0,113.0,45.7,8.0,Outpatient Monitoring
PAT-20121,2025-10-24,Cardiology,52,25.2,147.0,187.0,111.0,42.0,13.0,Outpatient Monitoring
PAT-20122,2025-07-03,Neurology,46,30.5,148.0,173.0,125.0,43.9,15.0,Outpatient Monitoring
PAT-20123,2026-01-06,Neurology,66,30.2,166.0,191.0,120.0,56.3,12.0,Outpatient Monitoring
PAT-20124,2025-06-14,Endocrinology,60,40.4,156.0,207.0,149.0,67.7,12.0,Extended Hospital Care
PAT-20125,2025-10-30,Endocrinology,26,23.2,136.0,171.0,143.0,44.5,9.0,Outpatient Monitoring
PAT-20126,2025-11-01,Cardiology,34,25.6,133.0,183.0,119.0,37.0,8.0,Outpatient Monitoring
PAT-20127,2025-11-15,General Medicine,41,34.3,153.0,169.0,98.0,34.4,15.0,Discharged Full Recovery
PAT-20128,2025-06-05,Cardiology,42,32.8,140.0,169.0,129.0,40.3,13.0,Outpatient Monitoring
PAT-20129,2026-03-01,Endocrinology,24,30.8,129.0,210.0,114.0,41.1,9.0,Outpatient Monitoring
PAT-20130,2025-06-24,Cardiology,35,31.6,146.0,190.0,132.0,50.8,12.0,Outpatient Monitoring
PAT-20131,2026-01-11,Endocrinology,30,17.4,129.0,190.0,120.0,37.5,12.0,Outpatient Monitoring
PAT-20132,2025-09-07,Neurology,50,27.4,134.0,164.0,80.0,16.2,9.0,Discharged Full Recovery
PAT-20133,2026-01-22,Cardiology,34,31.1,145.0,170.0,105.0,33.5,13.0,Discharged Full Recovery
PAT-20134,2025-12-28,Endocrinology,23,20.7,138.0,130.0,116.0,22.4,7.0,Discharged Full Recovery
PAT-20135,2025-06-15,General Medicine,56,24.2,142.0,173.0,123.0,40.1,12.0,Outpatient Monitoring
PAT-20136,2026-03-23,Endocrinology,34,34.4,129.0,183.0,152.0,48.2,10.0,Outpatient Monitoring
PAT-20137,2026-01-12,Neurology,37,25.7,138.0,208.0,131.0,51.8,12.0,Outpatient Monitoring
PAT-20138,2025-10-23,Neurology,76,26.9,148.0,215.0,107.0,49.3,13.0,Outpatient Monitoring
PAT-20139,2025-08-07,Cardiology,67,25.7,154.0,187.0,141.0,57.5,12.0,Outpatient Monitoring
PAT-20140,2025-07-12,Cardiology,55,29.5,138.0,220.0,98.0,42.2,12.0,Outpatient Monitoring
PAT-20141,2025-08-29,Cardiology,73,25.3,132.0,200.0,105.0,36.0,13.0,Outpatient Monitoring
PAT-20142,2026-02-21,Cardiology,39,26.0,132.0,204.0,94.0,32.8,9.0,Discharged Full Recovery
PAT-20143,2025-09-25,Neurology,64,25.3,157.0,190.0,109.0,47.1,13.0,Outpatient Monitoring
PAT-20144,2025-12-14,Cardiology,57,25.9,142.0,193.0,126.0,47.3,6.0,Outpatient Monitoring
PAT-20145,2025-12-07,Endocrinology,41,27.2,134.0,187.0,123.0,40.3,10.0,Outpatient Monitoring
PAT-20146,2025-11-06,Neurology,29,27.4,119.0,176.0,94.0,17.9,7.0,Discharged Full Recovery
PAT-20147,2025-07-20,Cardiology,75,24.8,157.0,200.0,118.0,53.7,9.0,Outpatient Monitoring
PAT-20148,2025-12-03,Endocrinology,42,26.7,139.0,180.0,128.0,42.7,8.0,Outpatient Monitoring
PAT-20149,2026-01-27,Cardiology,35,28.0,117.0,222.0,121.0,41.5,7.0,Outpatient Monitoring
PAT-20150,2025-07-02,General Medicine,30,37.8,130.0,208.0,98.0,34.6,9.0,Discharged Full Recovery
PAT-20151,2025-06-29,Endocrinology,75,23.7,162.0,203.0,113.0,55.1,11.0,Outpatient Monitoring
PAT-20152,2025-10-13,General Medicine,65,30.3,141.0,233.0,146.0,66.8,10.0,Extended Hospital Care
PAT-20153,2025-07-27,Cardiology,60,30.6,151.0,203.0,125.0,54.4,13.0,Outpatient Monitoring
PAT-20154,2025-09-01,Cardiology,57,22.9,125.0,203.0,112.0,36.2,11.0,Outpatient Monitoring
PAT-20155,2025-06-30,Cardiology,84,30.4,165.0,230.0,142.0,76.3,14.0,Extended Hospital Care
PAT-20156,2025-06-13,Cardiology,75,24.2,143.0,173.0,133.0,44.6,14.0,Outpatient Monitoring
PAT-20157,2026-03-15,Endocrinology,50,25.5,139.0,180.0,119.0,39.1,10.0,Outpatient Monitoring
PAT-20158,2026-02-18,Cardiology,26,27.0,140.0,155.0,124.0,34.1,10.0,Discharged Full Recovery
PAT-20159,2025-09-02,Cardiology,41,27.7,144.0,184.0,95.0,33.2,9.0,Discharged Full Recovery
PAT-20160,2025-06-10,Neurology,59,23.2,137.0,227.0,129.0,56.2,15.0,Outpatient Monitoring
PAT-20161,2025-08-13,Endocrinology,34,29.2,142.0,173.0,106.0,33.3,9.0,Discharged Full Recovery
PAT-20162,2025-10-07,Neurology,36,27.7,130.0,185.0,108.0,31.7,6.0,Discharged Full Recovery
PAT-20163,2026-02-20,Neurology,54,29.0,138.0,166.0,128.0,38.0,8.0,Outpatient Monitoring
PAT-20164,2025-07-28,Neurology,37,21.9,132.0,153.0,141.0,36.3,7.0,Outpatient Monitoring
PAT-20165,2025-07-13,Cardiology,50,26.0,132.0,194.0,112.0,37.0,7.0,Outpatient Monitoring
PAT-20166,2025-11-06,Endocrinology,54,29.7,148.0,179.0,139.0,51.3,13.0,Outpatient Monitoring
PAT-20167,2026-03-03,Neurology,41,27.8,136.0,193.0,109.0,37.5,10.0,Outpatient Monitoring
PAT-20168,2026-03-23,Cardiology,32,24.3,136.0,196.0,124.0,44.4,8.0,Outpatient Monitoring
PAT-20169,2025-12-04,General Medicine,60,20.5,141.0,190.0,116.0,41.9,11.0,Outpatient Monitoring
PAT-20170,2025-06-21,Cardiology,58,27.4,143.0,190.0,126.0,46.9,13.0,Outpatient Monitoring
PAT-20171,2026-01-21,General Medicine,22,27.5,137.0,173.0,139.0,44.0,8.0,Outpatient Monitoring
PAT-20172,2025-12-08,General Medicine,25,30.2,112.0,175.0,130.0,28.5,9.0,Discharged Full Recovery
PAT-20173,2025-12-11,Neurology,29,25.4,136.0,150.0,124.0,30.6,12.0,Discharged Full Recovery
PAT-20174,2026-01-27,Endocrinology,70,28.0,156.0,204.0,137.0,62.0,17.0,Extended Hospital Care
PAT-20175,2026-03-15,Endocrinology,62,32.3,158.0,179.0,125.0,50.7,10.0,Outpatient Monitoring
PAT-20176,2025-06-16,Cardiology,66,25.1,147.0,215.0,126.0,56.4,10.0,Outpatient Monitoring
PAT-20177,2025-09-07,Cardiology,46,31.1,145.0,181.0,154.0,56.4,9.0,Outpatient Monitoring
PAT-20178,2025-06-11,Cardiology,28,28.5,145.0,194.0,116.0,45.1,8.0,Outpatient Monitoring
PAT-20179,2026-02-07,Cardiology,56,33.6,143.0,190.0,129.0,48.1,10.0,Outpatient Monitoring
PAT-20180,2026-03-24,Endocrinology,75,27.0,155.0,230.0,139.0,70.1,11.0,Extended Hospital Care
PAT-20181,2025-07-20,General Medicine,71,32.6,152.0,197.0,125.0,53.1,13.0,Outpatient Monitoring
PAT-20182,2025-08-28,Endocrinology,65,36.9,149.0,229.0,120.0,59.2,8.0,Outpatient Monitoring
PAT-20183,2025-10-11,Cardiology,58,25.5,146.0,179.0,138.0,49.9,10.0,Outpatient Monitoring
PAT-20184,2025-11-21,Endocrinology,72,33.2,146.0,164.0,108.0,33.4,13.0,Discharged Full Recovery
PAT-20185,2026-02-15,Cardiology,76,30.0,154.0,218.0,116.0,56.8,12.0,Outpatient Monitoring
PAT-20186,2026-01-27,Cardiology,48,24.3,127.0,158.0,80.0,10.9,10.0,Discharged Full Recovery
PAT-20187,2025-07-16,Cardiology,26,17.1,127.0,183.0,121.0,34.8,9.0,Discharged Full Recovery
PAT-20188,2025-08-01,Endocrinology,74,21.6,131.0,191.0,93.0,28.0,13.0,Discharged Full Recovery
PAT-20189,2025-08-11,Cardiology,32,29.0,144.0,161.0,126.0,38.7,8.0,Outpatient Monitoring
PAT-20190,2025-08-13,Cardiology,22,22.8,129.0,178.0,107.0,28.7,9.0,Discharged Full Recovery
PAT-20191,2025-12-27,Cardiology,57,35.5,159.0,180.0,112.0,46.3,12.0,Outpatient Monitoring
PAT-20192,2025-07-23,Endocrinology,28,20.2,140.0,215.0,106.0,44.9,8.0,Outpatient Monitoring
PAT-20193,2026-02-27,Cardiology,56,38.1,146.0,239.0,129.0,64.3,13.0,Extended Hospital Care
PAT-20194,2025-09-14,General Medicine,37,25.3,139.0,179.0,126.0,41.6,10.0,Outpatient Monitoring
PAT-20195,2026-01-17,Endocrinology,24,28.1,141.0,181.0,103.0,34.0,8.0,Discharged Full Recovery
PAT-20196,2025-09-22,Cardiology,52,37.5,153.0,185.0,140.0,56.0,9.0,Outpatient Monitoring
PAT-20197,2025-07-01,Cardiology,76,36.0,155.0,208.0,104.0,49.5,11.0,Outpatient Monitoring
PAT-20198,2025-09-07,Endocrinology,69,26.0,163.0,160.0,114.0,43.1,15.0,Outpatient Monitoring
PAT-20199,2026-01-31,Cardiology,21,21.7,138.0,179.0,110.0,34.7,8.0,Discharged Full Recovery
PAT-20200,2026-02-01,Endocrinology,58,30.0,149.0,217.0,131.0,60.0,12.0,Extended Hospital Care
PAT-20201,2025-06-11,Endocrinology,72,33.5,159.0,232.0,126.0,67.5,15.0,Extended Hospital Care
PAT-20202,2026-01-18,General Medicine,25,10.9,132.0,166.0,96.0,22.2,6.0,Discharged Full Recovery
PAT-20203,2025-11-30,Endocrinology,54,23.2,118.0,180.0,134.0,34.6,11.0,Discharged Full Recovery
PAT-20204,2025-09-20,Cardiology,52,25.0,152.0,253.0,117.0,66.7,13.0,Extended Hospital Care
PAT-20205,2026-02-17,Neurology,23,30.6,130.0,172.0,117.0,31.4,10.0,Discharged Full Recovery
PAT-20206,2025-10-16,Endocrinology,52,28.1,148.0,203.0,121.0,51.3,14.0,Outpatient Monitoring
PAT-20207,2025-09-27,Cardiology,65,25.8,133.0,195.0,131.0,45.4,13.0,Outpatient Monitoring
PAT-20208,2025-06-07,General Medicine,29,30.1,145.0,192.0,146.0,56.5,5.0,Outpatient Monitoring
PAT-20209,2025-12-06,Cardiology,78,34.3,167.0,228.0,87.0,54.7,13.0,Outpatient Monitoring
PAT-20210,2025-11-05,Cardiology,42,29.5,154.0,141.0,122.0,36.1,11.0,Outpatient Monitoring
PAT-20211,2025-09-14,Neurology,28,28.1,126.0,191.0,119.0,35.9,10.0,Outpatient Monitoring
PAT-20212,2025-12-04,Endocrinology,79,30.4,165.0,213.0,114.0,60.0,15.0,Extended Hospital Care
PAT-20213,2025-10-08,Neurology,69,26.4,145.0,184.0,120.0,43.7,9.0,Outpatient Monitoring
PAT-20214,2025-10-05,Neurology,27,24.0,139.0,138.0,101.0,19.3,6.0,Discharged Full Recovery
PAT-20215,2026-03-06,Cardiology,22,24.0,121.0,136.0,107.0,12.1,13.0,Discharged Full Recovery
PAT-20216,2025-10-26,Cardiology,40,28.5,153.0,191.0,116.0,48.2,6.0,Outpatient Monitoring
PAT-20217,2026-01-27,Cardiology,31,24.5,145.0,173.0,131.0,44.8,8.0,Outpatient Monitoring
PAT-20218,2025-10-22,Neurology,25,31.9,129.0,160.0,121.0,28.9,10.0,Discharged Full Recovery
PAT-20219,2025-06-11,Neurology,68,26.1,141.0,203.0,126.0,49.8,10.0,Outpatient Monitoring
PAT-20220,2025-07-13,Neurology,25,25.0,129.0,140.0,119.0,22.1,5.0,Discharged Full Recovery
PAT-20221,2025-08-24,Cardiology,79,23.8,160.0,223.0,100.0,54.9,14.0,Outpatient Monitoring
PAT-20222,2025-07-30,General Medicine,55,34.0,150.0,190.0,114.0,45.6,11.0,Outpatient Monitoring
PAT-20223,2025-10-26,Cardiology,41,32.7,141.0,193.0,118.0,43.6,8.0,Outpatient Monitoring
PAT-20224,2025-10-17,Neurology,70,20.7,144.0,192.0,85.0,31.6,12.0,Discharged Full Recovery
PAT-20225,2025-09-14,Neurology,59,27.1,137.0,175.0,114.0,34.6,12.0,Discharged Full Recovery
PAT-20226,2026-03-14,Neurology,60,33.6,169.0,190.0,132.0,62.3,9.0,Extended Hospital Care
PAT-20227,2025-09-03,Endocrinology,84,38.9,171.0,191.0,140.0,66.8,13.0,Extended Hospital Care
PAT-20228,2026-03-15,Neurology,70,25.8,157.0,259.0,98.0,63.4,8.0,Extended Hospital Care
PAT-20229,2025-08-27,Endocrinology,55,18.9,132.0,192.0,136.0,46.0,10.0,Outpatient Monitoring
PAT-20230,2025-06-11,Endocrinology,49,27.5,136.0,180.0,138.0,45.2,8.0,Outpatient Monitoring
PAT-20231,2025-08-09,Cardiology,44,34.3,135.0,210.0,124.0,48.1,9.0,Outpatient Monitoring
PAT-20232,2025-08-21,Neurology,43,30.9,140.0,196.0,115.0,42.8,11.0,Outpatient Monitoring
PAT-20233,2025-07-04,Cardiology,67,28.3,139.0,210.0,104.0,42.1,8.0,Outpatient Monitoring
PAT-20234,2025-11-13,Endocrinology,32,14.5,123.0,150.0,80.0,6.5,8.0,Discharged Full Recovery
PAT-20235,2025-09-01,Endocrinology,72,35.9,159.0,170.0,101.0,38.9,10.0,Outpatient Monitoring
PAT-20236,2025-06-25,General Medicine,42,24.1,131.0,215.0,112.0,42.8,10.0,Outpatient Monitoring
PAT-20237,2025-06-14,Neurology,27,25.3,134.0,171.0,123.0,35.5,8.0,Outpatient Monitoring
PAT-20238,2025-12-13,Neurology,67,33.3,147.0,185.0,130.0,49.0,10.0,Outpatient Monitoring
PAT-20239,2025-11-10,Endocrinology,27,28.7,140.0,198.0,134.0,51.0,9.0,Outpatient Monitoring
PAT-20240,2025-11-11,Cardiology,50,26.8,142.0,196.0,114.0,43.4,12.0,Outpatient Monitoring
PAT-20241,2025-08-01,Endocrinology,41,22.5,127.0,175.0,113.0,29.2,11.0,Discharged Full Recovery
PAT-20242,2026-02-19,Endocrinology,42,34.4,147.0,191.0,128.0,50.0,10.0,Outpatient Monitoring
PAT-20243,2026-01-28,Cardiology,40,23.7,144.0,182.0,103.0,35.8,10.0,Outpatient Monitoring
PAT-20244,2025-08-27,Neurology,56,21.3,140.0,174.0,109.0,33.8,9.0,Discharged Full Recovery
PAT-20245,2025-10-05,Neurology,64,34.1,152.0,192.0,101.0,42.0,14.0,Outpatient Monitoring
PAT-20246,2026-02-13,General Medicine,84,25.6,153.0,206.0,114.0,51.9,14.0,Outpatient Monitoring
PAT-20247,2025-09-05,Endocrinology,83,32.1,159.0,183.0,109.0,46.0,9.0,Outpatient Monitoring
PAT-20248,2025-10-01,Cardiology,45,22.4,134.0,202.0,114.0,41.2,9.0,Outpatient Monitoring
PAT-20249,2026-03-08,Endocrinology,21,24.8,124.0,141.0,119.0,19.9,5.0,Discharged Full Recovery
PAT-20250,2025-11-16,Endocrinology,49,34.9,157.0,220.0,124.0,62.1,10.0,Extended Hospital Care
PAT-20251,2025-11-01,Cardiology,47,32.3,152.0,220.0,143.0,67.2,12.0,Extended Hospital Care
PAT-20252,2026-01-04,Neurology,42,21.1,122.0,167.0,100.0,19.1,6.0,Discharged Full Recovery
PAT-20253,2025-09-01,Cardiology,75,26.7,154.0,179.0,129.0,50.3,11.0,Outpatient Monitoring
PAT-20254,2026-03-20,General Medicine,36,30.2,135.0,224.0,123.0,51.9,8.0,Outpatient Monitoring
PAT-20255,2025-12-03,Neurology,75,24.3,149.0,163.0,118.0,38.6,16.0,Outpatient Monitoring
PAT-20256,2026-01-27,General Medicine,53,27.3,134.0,187.0,120.0,39.1,13.0,Outpatient Monitoring
PAT-20257,2025-07-27,Cardiology,83,26.5,145.0,228.0,84.0,42.5,13.0,Outpatient Monitoring
PAT-20258,2026-01-17,Endocrinology,21,21.3,130.0,173.0,104.0,26.5,8.0,Discharged Full Recovery
PAT-20259,2025-10-12,General Medicine,62,24.9,154.0,159.0,130.0,44.7,12.0,Outpatient Monitoring
PAT-20260,2025-08-09,General Medicine,43,27.9,134.0,201.0,119.0,42.9,13.0,Outpatient Monitoring
PAT-20261,2025-06-22,Neurology,82,30.5,161.0,186.0,94.0,41.9,12.0,Outpatient Monitoring
PAT-20262,2025-08-29,Cardiology,49,23.3,142.0,201.0,99.0,38.9,12.0,Outpatient Monitoring
PAT-20263,2025-09-16,Neurology,77,22.9,163.0,210.0,132.0,65.3,15.0,Extended Hospital Care
PAT-20264,2026-02-14,Endocrinology,78,28.1,175.0,192.0,120.0,61.1,12.0,Extended Hospital Care
PAT-20265,2025-11-14,General Medicine,58,22.9,149.0,209.0,111.0,49.6,8.0,Outpatient Monitoring
PAT-20266,2026-01-01,Endocrinology,46,16.6,140.0,200.0,114.0,43.6,12.0,Outpatient Monitoring
PAT-20267,2025-07-30,Neurology,58,37.5,146.0,202.0,76.0,32.0,10.0,Discharged Full Recovery
PAT-20268,2026-02-24,Cardiology,21,33.8,155.0,171.0,122.0,45.6,10.0,Outpatient Monitoring
PAT-20269,2025-07-02,Neurology,56,41.5,165.0,229.0,158.0,82.4,11.0,Critical Care Intervention
PAT-20270,2026-03-13,Neurology,57,31.0,145.0,193.0,107.0,41.2,12.0,Outpatient Monitoring
PAT-20271,2025-11-12,Neurology,60,31.1,143.0,232.0,93.0,46.3,8.0,Outpatient Monitoring
PAT-20272,2025-06-08,Cardiology,51,18.1,145.0,213.0,121.0,52.8,12.0,Outpatient Monitoring
PAT-20273,2025-07-26,Cardiology,37,30.4,147.0,161.0,156.0,52.2,9.0,Outpatient Monitoring
PAT-20274,2025-12-16,Neurology,63,17.8,142.0,202.0,129.0,51.2,11.0,Outpatient Monitoring
PAT-20275,2025-11-04,General Medicine,42,31.0,140.0,211.0,144.0,58.9,7.0,Outpatient Monitoring
PAT-20276,2026-02-11,Cardiology,25,29.4,141.0,149.0,149.0,42.8,8.0,Outpatient Monitoring
PAT-20277,2025-11-28,Cardiology,33,21.7,131.0,149.0,110.0,22.2,8.0,Discharged Full Recovery
PAT-20278,2025-10-05,General Medicine,29,23.1,129.0,193.0,100.0,30.4,7.0,Discharged Full Recovery
PAT-20279,2026-03-08,General Medicine,39,29.6,144.0,193.0,120.0,45.9,11.0,Outpatient Monitoring
PAT-20280,2025-08-02,Endocrinology,36,23.2,135.0,201.0,125.0,45.8,5.0,Outpatient Monitoring
PAT-20281,2025-11-27,Cardiology,37,32.7,158.0,179.0,88.0,35.9,14.0,Outpatient Monitoring
PAT-20282,2026-03-09,Cardiology,32,33.2,132.0,159.0,114.0,27.3,9.0,Discharged Full Recovery
PAT-20283,2025-09-15,Cardiology,70,24.7,144.0,178.0,110.0,37.4,8.0,Outpatient Monitoring
PAT-20284,2025-12-06,Endocrinology,72,27.6,168.0,204.0,151.0,73.6,14.0,Extended Hospital Care
PAT-20285,2026-02-17,Endocrinology,44,27.1,146.0,199.0,121.0,49.1,10.0,Outpatient Monitoring
PAT-20286,2025-10-28,Cardiology,82,34.5,153.0,207.0,134.0,60.2,13.0,Extended Hospital Care
PAT-20287,2025-09-02,Endocrinology,77,23.5,141.0,201.0,129.0,50.4,11.0,Outpatient Monitoring
PAT-20288,2026-01-15,Endocrinology,81,30.4,132.0,213.0,110.0,41.9,10.0,Outpatient Monitoring
PAT-20289,2025-09-02,General Medicine,81,35.4,164.0,199.0,143.0,66.9,17.0,Extended Hospital Care
PAT-20290,2025-12-23,Neurology,46,26.3,144.0,182.0,141.0,51.0,11.0,Outpatient Monitoring
PAT-20291,2025-07-10,Cardiology,20,28.2,136.0,206.0,127.0,48.6,10.0,Outpatient Monitoring
PAT-20292,2025-12-14,Neurology,32,32.0,137.0,191.0,136.0,48.2,10.0,Outpatient Monitoring
PAT-20293,2025-07-18,Cardiology,64,31.7,154.0,204.0,137.0,61.0,9.0,Extended Hospital Care
PAT-20294,2025-12-29,Endocrinology,59,25.6,148.0,224.0,95.0,47.2,9.0,Outpatient Monitoring
PAT-20295,2026-01-25,Endocrinology,47,34.5,151.0,197.0,112.0,47.4,13.0,Outpatient Monitoring
PAT-20296,2025-12-27,General Medicine,77,24.9,139.0,204.0,117.0,45.5,11.0,Outpatient Monitoring
PAT-20297,2025-12-13,Endocrinology,24,32.1,147.0,198.0,142.0,57.7,7.0,Outpatient Monitoring
PAT-20298,2025-07-31,Endocrinology,66,33.4,156.0,190.0,157.0,65.8,10.0,Extended Hospital Care
PAT-20299,2025-09-30,Cardiology,35,31.2,134.0,171.0,132.0,39.1,8.0,Outpatient Monitoring
PAT-20300,2025-10-16,General Medicine,75,24.2,135.0,189.0,122.0,41.0,12.0,Outpatient Monitoring
PAT-20301,2026-03-15,Neurology,82,27.7,162.0,177.0,118.0,49.3,13.0,Outpatient Monitoring
PAT-20302,2025-11-14,Neurology,27,30.5,134.0,187.0,106.0,33.5,9.0,Discharged Full Recovery
PAT-20303,2025-08-14,General Medicine,80,32.6,171.0,165.0,111.0,47.4,16.0,Outpatient Monitoring
PAT-20304,2026-03-14,General Medicine,36,25.4,131.0,191.0,117.0,37.6,9.0,Outpatient Monitoring
PAT-20305,2026-03-27,Cardiology,57,30.0,147.0,228.0,160.0,73.9,12.0,Extended Hospital Care
PAT-20306,2026-01-18,Neurology,28,32.6,155.0,169.0,124.0,45.8,10.0,Outpatient Monitoring
PAT-20307,2026-01-11,Cardiology,41,29.4,139.0,142.0,123.0,29.3,8.0,Discharged Full Recovery
PAT-20308,2025-08-11,Cardiology,79,30.4,162.0,216.0,121.0,62.2,12.0,Extended Hospital Care
PAT-20309,2025-12-01,Endocrinology,42,30.5,137.0,192.0,95.0,32.1,9.0,Discharged Full Recovery
PAT-20310,2025-07-27,Neurology,23,29.7,131.0,192.0,145.0,49.1,7.0,Outpatient Monitoring
PAT-20311,2025-07-18,Cardiology,26,32.8,137.0,164.0,107.0,28.5,9.0,Discharged Full Recovery
PAT-20312,2026-02-26,Neurology,68,24.0,163.0,213.0,117.0,60.2,13.0,Extended Hospital Care
PAT-20313,2026-03-11,Cardiology,53,28.9,140.0,202.0,116.0,45.0,8.0,Outpatient Monitoring
PAT-20314,2025-09-15,Endocrinology,57,29.8,140.0,211.0,129.0,52.9,10.0,Outpatient Monitoring
PAT-20315,2025-06-14,Cardiology,72,20.8,139.0,190.0,123.0,43.7,12.0,Outpatient Monitoring
PAT-20316,2025-11-30,Cardiology,75,24.1,152.0,196.0,120.0,50.8,11.0,Outpatient Monitoring
PAT-20317,2026-02-20,Cardiology,64,27.1,136.0,185.0,96.0,29.9,12.0,Discharged Full Recovery
PAT-20318,2025-11-11,Cardiology,54,27.9,141.0,179.0,101.0,32.6,8.0,Discharged Full Recovery
PAT-20319,2026-01-11,General Medicine,27,27.5,127.0,192.0,131.0,41.5,9.0,Outpatient Monitoring
PAT-20320,2026-02-18,Cardiology,74,24.1,141.0,216.0,143.0,60.5,10.0,Extended Hospital Care
PAT-20321,2025-12-04,Endocrinology,28,23.1,136.0,165.0,101.0,25.9,11.0,Discharged Full Recovery
PAT-20322,2025-08-18,Endocrinology,76,18.9,143.0,186.0,106.0,37.7,10.0,Outpatient Monitoring
PAT-20323,2025-09-18,General Medicine,70,17.0,151.0,202.0,112.0,48.9,13.0,Outpatient Monitoring
PAT-20324,2026-01-25,Cardiology,73,28.2,144.0,205.0,115.0,47.5,13.0,Outpatient Monitoring
PAT-20325,2025-06-14,Cardiology,75,29.5,140.0,209.0,140.0,56.7,11.0,Outpatient Monitoring
PAT-20326,2025-09-15,Neurology,67,33.0,151.0,208.0,96.0,44.3,12.0,Outpatient Monitoring
PAT-20327,2026-03-09,Neurology,55,30.4,143.0,241.0,94.0,49.4,14.0,Outpatient Monitoring
PAT-20328,2025-09-17,Cardiology,21,22.8,130.0,122.0,107.0,12.4,10.0,Discharged Full Recovery
PAT-20329,2025-11-29,Endocrinology,42,22.6,130.0,174.0,101.0,25.6,11.0,Discharged Full Recovery
PAT-20330,2025-11-07,Cardiology,69,27.8,142.0,176.0,155.0,53.8,13.0,Outpatient Monitoring
PAT-20331,2025-11-19,Endocrinology,56,22.4,129.0,190.0,93.0,26.7,10.0,Discharged Full Recovery
PAT-20332,2025-11-27,Endocrinology,74,27.0,146.0,186.0,98.0,36.0,14.0,Outpatient Monitoring
PAT-20333,2026-01-29,Cardiology,39,20.1,146.0,213.0,122.0,53.7,9.0,Outpatient Monitoring
PAT-20334,2026-01-09,Endocrinology,45,23.7,143.0,184.0,117.0,41.5,8.0,Outpatient Monitoring
PAT-20335,2025-07-17,Cardiology,82,38.4,172.0,183.0,126.0,59.3,11.0,Outpatient Monitoring
PAT-20336,2025-09-19,General Medicine,37,30.3,145.0,187.0,115.0,42.6,9.0,Outpatient Monitoring
PAT-20337,2025-06-14,Endocrinology,46,31.2,146.0,185.0,109.0,40.1,10.0,Outpatient Monitoring
PAT-20338,2026-02-19,Neurology,70,22.8,140.0,253.0,137.0,68.7,13.0,Extended Hospital Care
PAT-20339,2025-11-04,General Medicine,60,31.5,150.0,186.0,134.0,52.4,12.0,Outpatient Monitoring
PAT-20340,2025-08-10,Endocrinology,53,30.1,148.0,178.0,127.0,46.2,12.0,Outpatient Monitoring
PAT-20341,2025-07-15,General Medicine,79,22.7,148.0,220.0,118.0,55.2,14.0,Outpatient Monitoring
PAT-20342,2025-11-21,Cardiology,52,26.4,139.0,210.0,106.0,42.9,9.0,Outpatient Monitoring
PAT-20343,2025-11-07,Neurology,72,25.6,153.0,191.0,117.0,48.6,12.0,Outpatient Monitoring
PAT-20344,2025-12-10,Cardiology,73,32.0,169.0,182.0,102.0,47.9,12.0,Outpatient Monitoring
PAT-20345,2025-06-04,General Medicine,73,20.8,150.0,197.0,106.0,44.5,13.0,Outpatient Monitoring
PAT-20346,2026-03-18,Cardiology,44,30.1,143.0,179.0,131.0,45.6,10.0,Outpatient Monitoring
PAT-20347,2025-06-23,Endocrinology,56,31.9,149.0,185.0,115.0,44.0,9.0,Outpatient Monitoring
PAT-20348,2025-07-14,General Medicine,62,17.9,129.0,139.0,128.0,25.4,11.0,Discharged Full Recovery
PAT-20349,2025-09-06,Neurology,61,27.8,157.0,231.0,125.0,65.8,14.0,Extended Hospital Care
PAT-20350,2026-01-26,Endocrinology,27,23.8,128.0,186.0,135.0,41.8,11.0,Outpatient Monitoring
PAT-20351,2025-06-09,General Medicine,42,34.5,138.0,176.0,150.0,49.8,13.0,Outpatient Monitoring
PAT-20352,2025-08-06,Cardiology,75,14.5,148.0,194.0,83.0,33.4,16.0,Discharged Full Recovery
PAT-20353,2025-07-31,Neurology,61,23.8,143.0,183.0,101.0,34.8,11.0,Discharged Full Recovery
PAT-20354,2025-08-08,Neurology,61,37.2,146.0,211.0,130.0,56.3,8.0,Outpatient Monitoring
PAT-20355,2026-03-05,Cardiology,35,23.6,139.0,139.0,116.0,25.6,10.0,Discharged Full Recovery
PAT-20356,2025-11-18,Endocrinology,78,30.3,153.0,198.0,110.0,47.9,10.0,Outpatient Monitoring
PAT-20357,2026-01-20,Cardiology,56,27.2,149.0,195.0,134.0,54.6,11.0,Outpatient Monitoring
PAT-20358,2025-07-14,Endocrinology,35,37.4,153.0,201.0,114.0,50.4,14.0,Outpatient Monitoring
PAT-20359,2025-07-06,Cardiology,75,29.9,173.0,233.0,126.0,74.8,16.0,Extended Hospital Care
PAT-20360,2025-06-27,Endocrinology,38,32.4,144.0,180.0,133.0,47.2,12.0,Outpatient Monitoring
PAT-20361,2025-07-29,General Medicine,20,20.6,116.0,164.0,135.0,29.2,11.0,Discharged Full Recovery
PAT-20362,2025-11-12,Cardiology,80,26.6,154.0,190.0,89.0,37.6,13.0,Outpatient Monitoring
PAT-20363,2026-03-15,Cardiology,45,29.6,158.0,203.0,106.0,50.3,10.0,Outpatient Monitoring
PAT-20364,2026-02-08,Neurology,64,27.8,156.0,182.0,111.0,45.0,9.0,Outpatient Monitoring
PAT-20365,2025-06-25,Cardiology,78,31.1,143.0,210.0,123.0,51.7,13.0,Outpatient Monitoring
PAT-20366,2025-09-09,Neurology,49,22.5,142.0,212.0,99.0,42.2,9.0,Outpatient Monitoring
PAT-20367,2025-10-09,Cardiology,63,25.2,148.0,147.0,123.0,35.3,13.0,Outpatient Monitoring
PAT-20368,2025-12-13,Cardiology,60,27.9,147.0,179.0,129.0,46.8,13.0,Outpatient Monitoring
PAT-20369,2026-02-24,Neurology,47,24.5,155.0,214.0,121.0,58.1,9.0,Outpatient Monitoring
PAT-20370,2025-10-24,Neurology,55,22.6,137.0,194.0,104.0,36.3,15.0,Outpatient Monitoring
PAT-20371,2025-08-25,Cardiology,78,35.4,162.0,217.0,137.0,68.9,13.0,Extended Hospital Care
PAT-20372,2025-08-20,Neurology,75,36.2,164.0,217.0,136.0,69.5,15.0,Extended Hospital Care
PAT-20373,2025-07-06,Endocrinology,29,20.9,130.0,166.0,120.0,30.8,10.0,Discharged Full Recovery
PAT-20374,2025-09-24,Cardiology,76,32.9,170.0,231.0,120.0,70.3,15.0,Extended Hospital Care
PAT-20375,2026-03-14,Endocrinology,52,23.8,125.0,165.0,95.0,18.0,11.0,Discharged Full Recovery
PAT-20376,2025-06-01,Endocrinology,31,31.9,129.0,194.0,119.0,38.3,6.0,Outpatient Monitoring
PAT-20377,2026-02-20,General Medicine,69,32.2,147.0,189.0,137.0,53.0,14.0,Outpatient Monitoring
PAT-20378,2025-12-20,General Medicine,79,26.3,141.0,191.0,125.0,45.8,13.0,Outpatient Monitoring
PAT-20379,2025-07-06,Cardiology,55,28.9,151.0,209.0,128.0,57.4,14.0,Outpatient Monitoring
PAT-20380,2025-11-20,Neurology,39,32.3,142.0,190.0,113.0,41.2,6.0,Outpatient Monitoring
PAT-20381,2025-09-29,Cardiology,75,24.5,156.0,249.0,90.0,56.7,10.0,Outpatient Monitoring
PAT-20382,2026-02-20,Neurology,30,23.8,137.0,188.0,105.0,34.9,9.0,Discharged Full Recovery
PAT-20383,2026-03-27,General Medicine,78,33.6,157.0,179.0,119.0,47.8,13.0,Outpatient Monitoring
PAT-20384,2025-10-16,Neurology,64,32.6,160.0,185.0,105.0,45.5,10.0,Outpatient Monitoring
PAT-20385,2025-10-22,Endocrinology,55,24.9,132.0,196.0,114.0,38.4,9.0,Outpatient Monitoring
PAT-20386,2025-07-19,Cardiology,76,27.6,147.0,214.0,139.0,61.3,9.0,Extended Hospital Care
PAT-20387,2026-02-01,General Medicine,44,30.2,152.0,190.0,131.0,53.4,8.0,Outpatient Monitoring
PAT-20388,2025-06-04,Neurology,64,26.5,154.0,210.0,113.0,53.2,12.0,Outpatient Monitoring
PAT-20389,2025-08-10,Cardiology,46,29.3,159.0,175.0,143.0,57.2,10.0,Outpatient Monitoring
PAT-20390,2025-06-22,Cardiology,75,23.8,149.0,231.0,89.0,47.4,15.0,Outpatient Monitoring
PAT-20391,2025-10-27,General Medicine,35,26.0,148.0,181.0,106.0,38.7,9.0,Outpatient Monitoring
PAT-20392,2025-06-26,Endocrinology,50,22.3,138.0,173.0,111.0,33.3,13.0,Discharged Full Recovery
PAT-20393,2025-07-02,Endocrinology,44,28.7,136.0,178.0,107.0,32.2,10.0,Discharged Full Recovery
PAT-20394,2025-08-25,Endocrinology,75,27.2,139.0,225.0,132.0,57.8,10.0,Outpatient Monitoring
PAT-20395,2026-01-05,General Medicine,58,25.0,137.0,235.0,119.0,54.6,12.0,Outpatient Monitoring
PAT-20396,2026-03-03,Cardiology,35,37.2,152.0,169.0,126.0,45.1,10.0,Outpatient Monitoring
PAT-20397,2025-08-23,Neurology,28,24.6,126.0,172.0,147.0,41.4,8.0,Outpatient Monitoring
PAT-20398,2026-02-23,Cardiology,55,29.5,140.0,223.0,118.0,52.1,7.0,Outpatient Monitoring
PAT-20399,2025-06-13,Cardiology,83,25.5,150.0,227.0,92.0,47.9,11.0,Outpatient Monitoring
PAT-20400,2026-01-19,Cardiology,56,26.7,142.0,221.0,123.0,54.5,13.0,Outpatient Monitoring
PAT-20401,2026-01-25,General Medicine,37,24.4,138.0,180.0,100.0,31.0,6.0,Discharged Full Recovery
PAT-20402,2025-06-30,Cardiology,70,23.9,145.0,174.0,108.0,35.9,8.0,Outpatient Monitoring
PAT-20403,2025-11-14,Neurology,23,29.9,125.0,162.0,102.0,19.9,9.0,Discharged Full Recovery
PAT-20404,2025-08-08,Endocrinology,59,31.1,156.0,185.0,119.0,49.1,15.0,Outpatient Monitoring
PAT-20405,2026-02-06,Endocrinology,36,21.9,120.0,179.0,112.0,26.5,10.0,Discharged Full Recovery
PAT-20406,2025-09-08,General Medicine,80,24.6,145.0,199.0,129.0,51.8,11.0,Outpatient Monitoring
PAT-20407,2026-01-30,General Medicine,73,27.4,150.0,192.0,116.0,47.0,10.0,Outpatient Monitoring
PAT-20408,2025-07-30,Neurology,29,31.0,125.0,166.0,120.0,28.3,9.0,Discharged Full Recovery
PAT-20409,2026-02-26,Cardiology,50,28.8,143.0,193.0,118.0,44.6,10.0,Outpatient Monitoring
PAT-20410,2026-02-09,Cardiology,42,32.8,150.0,182.0,121.0,46.0,11.0,Outpatient Monitoring
PAT-20411,2025-12-25,Neurology,44,32.4,136.0,177.0,113.0,34.3,9.0,Discharged Full Recovery
PAT-20412,2026-03-26,Endocrinology,45,22.0,136.0,183.0,104.0,32.5,10.0,Discharged Full Recovery
PAT-20413,2025-07-25,General Medicine,50,18.8,132.0,167.0,107.0,26.9,8.0,Discharged Full Recovery
PAT-20414,2026-02-16,Cardiology,70,13.4,148.0,230.0,114.0,56.6,14.0,Outpatient Monitoring
PAT-20415,2026-01-31,Endocrinology,20,31.0,132.0,164.0,110.0,27.2,7.0,Discharged Full Recovery
PAT-20416,2025-10-30,General Medicine,27,27.9,122.0,218.0,116.0,40.8,8.0,Outpatient Monitoring
PAT-20417,2025-10-05,Endocrinology,36,24.1,135.0,219.0,124.0,50.8,8.0,Outpatient Monitoring
PAT-20418,2025-10-22,Cardiology,44,29.2,115.0,184.0,126.0,31.1,13.0,Discharged Full Recovery
PAT-20419,2026-03-23,Cardiology,71,24.6,150.0,165.0,122.0,41.3,15.0,Outpatient Monitoring
PAT-20420,2025-10-21,Endocrinology,27,23.0,108.0,178.0,100.0,15.4,10.0,Discharged Full Recovery
PAT-20421,2026-01-16,Cardiology,61,32.1,150.0,196.0,104.0,43.4,12.0,Outpatient Monitoring
PAT-20422,2026-01-18,Neurology,20,31.3,134.0,160.0,105.0,25.0,8.0,Discharged Full Recovery
PAT-20423,2026-02-07,Cardiology,22,31.3,150.0,187.0,131.0,51.5,6.0,Outpatient Monitoring
PAT-20424,2025-10-28,Endocrinology,32,34.1,139.0,197.0,120.0,44.6,10.0,Outpatient Monitoring
PAT-20425,2025-09-03,Neurology,31,34.6,141.0,143.0,118.0,28.6,10.0,Discharged Full Recovery
PAT-20426,2025-08-15,Cardiology,41,23.2,133.0,186.0,113.0,35.5,4.0,Outpatient Monitoring
PAT-20427,2025-08-05,Cardiology,47,22.1,136.0,160.0,110.0,28.0,9.0,Discharged Full Recovery
PAT-20428,2026-02-28,General Medicine,64,26.9,158.0,214.0,114.0,56.8,10.0,Outpatient Monitoring
PAT-20429,2026-01-25,Neurology,65,31.8,154.0,207.0,129.0,58.7,11.0,Outpatient Monitoring
PAT-20430,2025-10-10,Cardiology,35,31.2,133.0,214.0,123.0,47.9,7.0,Outpatient Monitoring
PAT-20431,2025-10-15,Endocrinology,67,34.1,158.0,219.0,166.0,79.1,12.0,Extended Hospital Care
PAT-20432,2025-08-13,Cardiology,33,27.1,141.0,167.0,94.0,26.2,11.0,Discharged Full Recovery
PAT-20433,2025-08-17,Neurology,24,16.7,132.0,179.0,93.0,24.9,8.0,Discharged Full Recovery
PAT-20434,2025-12-31,Neurology,30,27.2,127.0,201.0,114.0,37.4,7.0,Outpatient Monitoring
PAT-20435,2025-08-02,Endocrinology,74,31.0,150.0,190.0,129.0,51.6,10.0,Outpatient Monitoring
PAT-20436,2025-12-25,Neurology,67,23.5,141.0,184.0,105.0,35.7,12.0,Outpatient Monitoring
PAT-20437,2025-11-07,Neurology,40,29.0,141.0,160.0,141.0,42.9,9.0,Outpatient Monitoring
PAT-20438,2025-08-30,Cardiology,53,35.7,146.0,198.0,164.0,66.0,10.0,Extended Hospital Care
PAT-20439,2025-07-31,Cardiology,33,25.9,130.0,194.0,144.0,48.8,9.0,Outpatient Monitoring
PAT-20440,2025-07-01,Cardiology,72,26.1,148.0,192.0,112.0,44.4,12.0,Outpatient Monitoring
PAT-20441,2025-09-15,Endocrinology,23,28.0,130.0,149.0,120.0,25.7,6.0,Discharged Full Recovery
PAT-20442,2025-07-27,Cardiology,72,28.2,146.0,196.0,134.0,53.4,10.0,Outpatient Monitoring
PAT-20443,2026-01-23,Cardiology,37,30.2,149.0,186.0,99.0,37.9,9.0,Outpatient Monitoring
PAT-20444,2025-12-03,Neurology,69,29.0,150.0,193.0,163.0,66.1,9.0,Extended Hospital Care
PAT-20445,2025-06-01,General Medicine,39,25.1,122.0,204.0,125.0,40.2,8.0,Outpatient Monitoring
PAT-20446,2025-09-01,Endocrinology,72,33.2,149.0,162.0,139.0,46.7,12.0,Outpatient Monitoring
PAT-20447,2026-03-19,Cardiology,22,27.9,124.0,191.0,111.0,31.7,10.0,Discharged Full Recovery
PAT-20448,2025-09-07,Cardiology,25,23.1,118.0,159.0,123.0,23.9,9.0,Discharged Full Recovery
PAT-20449,2025-11-16,Endocrinology,70,26.6,154.0,157.0,117.0,38.9,12.0,Outpatient Monitoring
PAT-20450,2025-06-28,Neurology,25,31.1,135.0,166.0,111.0,29.7,6.0,Discharged Full Recovery
PAT-20451,2025-06-08,Cardiology,78,32.3,153.0,210.0,116.0,53.9,12.0,Outpatient Monitoring
PAT-20452,2025-09-09,Cardiology,44,38.6,150.0,191.0,133.0,53.5,11.0,Outpatient Monitoring
PAT-20453,2026-03-19,Cardiology,28,24.6,130.0,176.0,121.0,34.2,10.0,Discharged Full Recovery
PAT-20454,2026-01-31,Endocrinology,82,31.7,146.0,223.0,124.0,57.5,10.0,Outpatient Monitoring
PAT-20455,2026-02-14,General Medicine,51,26.2,143.0,217.0,104.0,46.2,11.0,Outpatient Monitoring
PAT-20456,2025-11-25,Neurology,20,30.3,141.0,196.0,124.0,46.9,7.0,Outpatient Monitoring
PAT-20457,2026-01-08,General Medicine,25,26.9,142.0,154.0,122.0,34.0,8.0,Discharged Full Recovery
PAT-20458,2025-09-17,Cardiology,43,31.9,154.0,165.0,129.0,46.1,8.0,Outpatient Monitoring
PAT-20459,2025-06-22,Cardiology,81,26.9,157.0,230.0,112.0,60.3,13.0,Extended Hospital Care
PAT-20460,2025-09-15,Cardiology,46,37.8,138.0,178.0,143.0,47.6,9.0,Outpatient Monitoring
PAT-20461,2025-08-16,Cardiology,82,32.9,153.0,191.0,116.0,48.2,17.0,Outpatient Monitoring
PAT-20462,2025-09-01,Cardiology,82,29.4,147.0,175.0,122.0,42.8,11.0,Outpatient Monitoring
PAT-20463,2025-10-27,Neurology,28,30.5,125.0,146.0,93.0,11.5,7.0,Discharged Full Recovery
PAT-20464,2025-10-29,Cardiology,23,29.6,137.0,189.0,99.0,32.8,6.0,Discharged Full Recovery
PAT-20465,2026-02-03,Cardiology,32,23.4,134.0,189.0,125.0,41.7,10.0,Outpatient Monitoring
PAT-20466,2025-08-06,Neurology,38,25.3,141.0,170.0,120.0,37.5,9.0,Outpatient Monitoring
PAT-20467,2026-03-08,Cardiology,33,22.1,127.0,183.0,118.0,33.6,10.0,Discharged Full Recovery
PAT-20468,2025-11-11,General Medicine,24,31.7,144.0,163.0,96.0,27.3,11.0,Discharged Full Recovery
PAT-20469,2026-01-18,Neurology,55,21.1,124.0,180.0,122.0,32.8,9.0,Discharged Full Recovery
PAT-20470,2025-09-05,Neurology,61,24.8,140.0,236.0,127.0,59.6,8.0,Outpatient Monitoring
PAT-20471,2026-02-15,Endocrinology,23,18.4,133.0,187.0,110.0,34.6,13.0,Discharged Full Recovery
PAT-20472,2025-07-31,Cardiology,22,30.2,116.0,188.0,122.0,31.2,8.0,Discharged Full Recovery
PAT-20473,2025-09-22,Neurology,40,22.5,141.0,158.0,109.0,29.5,7.0,Discharged Full Recovery
PAT-20474,2026-03-10,Endocrinology,30,23.5,133.0,138.0,90.0,11.9,8.0,Discharged Full Recovery
PAT-20475,2026-02-05,Endocrinology,63,27.6,143.0,202.0,128.0,51.3,10.0,Outpatient Monitoring
PAT-20476,2025-09-28,Cardiology,31,22.1,124.0,193.0,102.0,28.7,10.0,Discharged Full Recovery
PAT-20477,2025-12-25,Cardiology,41,25.4,132.0,210.0,83.0,30.2,10.0,Discharged Full Recovery
PAT-20478,2025-12-15,General Medicine,83,27.5,155.0,231.0,109.0,58.4,15.0,Outpatient Monitoring
PAT-20479,2025-09-11,Cardiology,49,23.8,148.0,220.0,99.0,47.6,11.0,Outpatient Monitoring
PAT-20480,2025-11-11,Neurology,24,23.4,143.0,171.0,82.0,23.6,9.0,Discharged Full Recovery
PAT-20481,2025-06-06,Cardiology,82,30.5,155.0,230.0,117.0,61.3,11.0,Extended Hospital Care
PAT-20482,2025-10-09,General Medicine,33,28.7,153.0,198.0,128.0,55.1,13.0,Outpatient Monitoring
PAT-20483,2025-07-30,Neurology,58,28.4,142.0,234.0,114.0,54.8,13.0,Outpatient Monitoring
PAT-20484,2025-11-25,General Medicine,60,28.4,156.0,178.0,125.0,49.4,11.0,Outpatient Monitoring
PAT-20485,2025-09-08,Neurology,39,20.0,141.0,192.0,129.0,47.7,11.0,Outpatient Monitoring
PAT-20486,2026-03-20,Neurology,72,28.7,145.0,230.0,145.0,67.5,9.0,Extended Hospital Care
PAT-20487,2025-07-22,Endocrinology,27,18.8,135.0,158.0,107.0,25.7,6.0,Discharged Full Recovery
PAT-20488,2025-10-28,General Medicine,56,19.9,129.0,197.0,89.0,27.2,9.0,Discharged Full Recovery
PAT-20489,2026-03-20,Neurology,52,26.0,153.0,191.0,137.0,56.6,14.0,Outpatient Monitoring
PAT-20490,2025-06-03,Endocrinology,34,25.6,131.0,204.0,111.0,39.1,14.0,Outpatient Monitoring
PAT-20491,2025-08-15,Endocrinology,45,25.8,125.0,181.0,115.0,30.8,9.0,Discharged Full Recovery
PAT-20492,2025-09-16,Endocrinology,39,21.0,122.0,169.0,120.0,27.7,8.0,Discharged Full Recovery
PAT-20493,2025-12-23,Neurology,74,22.5,147.0,178.0,135.0,48.9,14.0,Outpatient Monitoring
PAT-20494,2025-07-26,Endocrinology,79,34.8,165.0,228.0,117.0,65.7,14.0,Extended Hospital Care
PAT-20495,2025-07-03,General Medicine,80,31.4,148.0,213.0,107.0,48.7,14.0,Outpatient Monitoring
PAT-20496,2025-12-26,Endocrinology,28,29.9,124.0,170.0,127.0,31.8,11.0,Discharged Full Recovery
PAT-20497,2026-03-18,Neurology,55,28.5,145.0,188.0,129.0,48.5,15.0,Outpatient Monitoring
PAT-20498,2026-03-02,Endocrinology,32,24.0,133.0,160.0,96.0,20.9,9.0,Discharged Full Recovery
PAT-20499,2025-07-20,Neurology,75,23.8,144.0,195.0,124.0,48.1,13.0,Outpatient Monitoring
PAT-20500,2025-07-18,Cardiology,57,26.7,138.0,214.0,117.0,48.0,7.0,Outpatient Monitoring
PAT-20501,2025-11-13,Endocrinology,58,25.3,144.0,228.0,116.0,54.8,12.0,Outpatient Monitoring
PAT-20502,2025-11-11,Cardiology,39,24.7,135.0,189.0,130.0,44.2,7.0,Outpatient Monitoring
PAT-20503,2025-08-21,Endocrinology,28,26.3,150.0,153.0,126.0,39.3,9.0,Outpatient Monitoring
PAT-20504,2025-12-03,Endocrinology,23,24.7,141.0,159.0,126.0,36.6,8.0,Outpatient Monitoring
PAT-20505,2025-09-10,General Medicine,32,21.8,128.0,197.0,135.0,45.1,11.0,Outpatient Monitoring
PAT-20506,2026-01-24,Cardiology,32,30.3,149.0,183.0,124.0,47.0,9.0,Outpatient Monitoring
PAT-20507,2025-08-26,General Medicine,82,29.7,142.0,206.0,127.0,51.6,11.0,Outpatient Monitoring
PAT-20508,2025-11-15,Endocrinology,36,23.1,122.0,185.0,136.0,38.9,5.0,Outpatient Monitoring
PAT-20509,2025-11-20,Cardiology,59,30.0,159.0,171.0,131.0,51.2,12.0,Outpatient Monitoring
PAT-20510,2026-02-06,Endocrinology,39,25.2,143.0,204.0,98.0,39.9,10.0,Outpatient Monitoring
PAT-20511,2026-03-10,Neurology,27,33.8,124.0,160.0,127.0,28.8,12.0,Discharged Full Recovery
PAT-20512,2026-03-23,Neurology,30,23.3,131.0,176.0,98.0,25.5,5.0,Discharged Full Recovery
PAT-20513,2025-11-11,Cardiology,53,26.7,145.0,215.0,121.0,53.4,9.0,Outpatient Monitoring
PAT-20514,2026-03-11,General Medicine,26,32.8,129.0,176.0,116.0,31.7,9.0,Discharged Full Recovery
PAT-20515,2026-03-27,Cardiology,54,30.4,144.0,190.0,130.0,49.0,10.0,Outpatient Monitoring
PAT-20516,2025-11-12,Cardiology,51,25.7,136.0,185.0,100.0,31.5,12.0,Discharged Full Recovery
PAT-20517,2025-10-18,Cardiology,75,27.7,134.0,194.0,120.0,41.2,10.0,Outpatient Monitoring
PAT-20518,2025-12-04,Cardiology,54,27.0,144.0,173.0,119.0,39.5,12.0,Outpatient Monitoring
PAT-20519,2025-06-18,Endocrinology,65,29.9,155.0,227.0,130.0,65.6,11.0,Extended Hospital Care
PAT-20520,2025-06-18,Cardiology,48,19.8,128.0,203.0,129.0,44.5,10.0,Outpatient Monitoring
PAT-20521,2025-12-12,Cardiology,55,30.5,142.0,184.0,142.0,51.0,8.0,Outpatient Monitoring
PAT-20522,2025-09-17,General Medicine,76,22.8,135.0,177.0,119.0,36.2,13.0,Outpatient Monitoring
PAT-20523,2025-10-30,Neurology,77,23.4,142.0,195.0,113.0,42.7,14.0,Outpatient Monitoring
PAT-20524,2025-06-15,Cardiology,60,24.8,132.0,180.0,100.0,28.0,12.0,Discharged Full Recovery
PAT-20525,2025-06-03,Cardiology,81,33.7,157.0,204.0,140.0,63.7,12.0,Extended Hospital Care
PAT-20526,2026-01-29,General Medicine,39,20.0,130.0,191.0,131.0,42.7,9.0,Outpatient Monitoring
PAT-20527,2025-06-22,Endocrinology,31,30.5,146.0,213.0,123.0,54.1,5.0,Outpatient Monitoring
PAT-20528,2026-03-09,Cardiology,70,29.3,160.0,177.0,132.0,53.9,11.0,Outpatient Monitoring
PAT-20529,2026-03-21,Cardiology,65,27.0,131.0,243.0,131.0,58.8,12.0,Outpatient Monitoring
PAT-20530,2025-06-24,Cardiology,22,31.2,133.0,184.0,122.0,38.5,7.0,Outpatient Monitoring
PAT-20531,2025-11-28,Neurology,70,16.3,155.0,192.0,112.0,47.9,15.0,Outpatient Monitoring
PAT-20532,2026-01-17,Cardiology,78,22.1,145.0,207.0,96.0,41.0,12.0,Outpatient Monitoring
PAT-20533,2025-06-17,Endocrinology,54,25.9,138.0,210.0,111.0,44.4,7.0,Outpatient Monitoring
PAT-20534,2025-12-25,General Medicine,78,23.9,165.0,196.0,113.0,54.5,17.0,Outpatient Monitoring
PAT-20535,2026-02-24,Endocrinology,67,35.4,154.0,167.0,125.0,45.1,11.0,Outpatient Monitoring
PAT-20536,2026-01-12,Neurology,56,27.5,154.0,227.0,109.0,56.7,8.0,Outpatient Monitoring
PAT-20537,2026-02-04,Neurology,21,32.6,146.0,197.0,131.0,52.5,13.0,Outpatient Monitoring
PAT-20538,2026-01-05,General Medicine,37,27.8,132.0,182.0,118.0,35.8,7.0,Outpatient Monitoring
PAT-20539,2025-08-29,General Medicine,72,21.2,144.0,202.0,93.0,37.8,9.0,Outpatient Monitoring
PAT-20540,2026-01-04,General Medicine,56,37.1,150.0,161.0,141.0,47.7,11.0,Outpatient Monitoring
PAT-20541,2025-11-22,Neurology,65,21.9,154.0,188.0,129.0,53.0,14.0,Outpatient Monitoring
PAT-20542,2025-06-28,General Medicine,65,21.7,149.0,184.0,102.0,38.5,13.0,Outpatient Monitoring
PAT-20543,2025-09-01,Neurology,48,25.6,138.0,175.0,90.0,25.5,8.0,Discharged Full Recovery
PAT-20544,2026-02-21,Endocrinology,72,22.8,165.0,187.0,132.0,59.4,15.0,Outpatient Monitoring
PAT-20545,2025-07-11,Neurology,60,28.4,149.0,213.0,110.0,50.4,12.0,Outpatient Monitoring
PAT-20546,2026-02-10,General Medicine,61,21.1,136.0,178.0,102.0,30.2,11.0,Discharged Full Recovery
PAT-20547,2026-02-20,Cardiology,71,21.3,150.0,207.0,105.0,47.1,15.0,Outpatient Monitoring
PAT-20548,2025-07-11,Neurology,73,31.6,160.0,247.0,139.0,77.7,12.0,Extended Hospital Care
PAT-20549,2025-08-01,Neurology,25,21.1,123.0,196.0,107.0,31.1,6.0,Discharged Full Recovery
PAT-20550,2025-09-22,Endocrinology,66,29.2,135.0,220.0,95.0,39.5,11.0,Outpatient Monitoring
PAT-20551,2025-09-15,Endocrinology,68,31.8,147.0,214.0,106.0,48.1,13.0,Outpatient Monitoring
PAT-20552,2025-10-26,Neurology,39,18.6,123.0,177.0,103.0,23.8,8.0,Discharged Full Recovery
PAT-20553,2025-12-23,General Medicine,67,26.1,151.0,205.0,94.0,42.6,13.0,Outpatient Monitoring
PAT-20554,2025-07-25,General Medicine,69,25.8,153.0,231.0,91.0,50.2,17.0,Outpatient Monitoring
PAT-20555,2025-07-07,Endocrinology,72,24.2,146.0,196.0,132.0,52.6,12.0,Outpatient Monitoring
PAT-20556,2025-10-05,Endocrinology,31,28.1,135.0,219.0,146.0,59.6,8.0,Outpatient Monitoring
PAT-20557,2025-11-17,Neurology,78,27.3,157.0,201.0,138.0,62.0,12.0,Extended Hospital Care
PAT-20558,2026-01-16,General Medicine,66,23.4,148.0,184.0,94.0,34.8,9.0,Discharged Full Recovery
PAT-20559,2025-06-07,Cardiology,51,28.1,146.0,199.0,132.0,53.5,8.0,Outpatient Monitoring
PAT-20560,2025-12-22,Neurology,76,35.2,152.0,217.0,115.0,55.1,15.0,Outpatient Monitoring
PAT-20561,2025-07-30,Cardiology,84,22.4,149.0,223.0,104.0,51.0,15.0,Outpatient Monitoring
PAT-20562,2025-12-21,Neurology,66,29.1,154.0,192.0,103.0,43.8,8.0,Outpatient Monitoring
PAT-20563,2025-12-27,Endocrinology,73,25.3,168.0,191.0,106.0,51.7,11.0,Outpatient Monitoring
PAT-20564,2025-08-11,Endocrinology,45,27.5,157.0,173.0,108.0,41.6,8.0,Outpatient Monitoring
PAT-20565,2025-07-25,General Medicine,41,32.4,142.0,164.0,130.0,40.2,9.0,Outpatient Monitoring
PAT-20566,2026-02-07,Cardiology,45,36.0,139.0,208.0,116.0,46.3,13.0,Outpatient Monitoring
PAT-20567,2025-09-19,General Medicine,30,20.1,140.0,152.0,128.0,34.8,11.0,Discharged Full Recovery
PAT-20568,2025-09-05,Neurology,46,19.8,131.0,177.0,103.0,27.8,12.0,Discharged Full Recovery
PAT-20569,2025-12-25,Neurology,35,26.6,128.0,179.0,102.0,26.5,6.0,Discharged Full Recovery
PAT-20570,2026-01-21,Cardiology,21,26.5,126.0,158.0,113.0,23.6,9.0,Discharged Full Recovery
PAT-20571,2025-06-07,Endocrinology,60,31.0,148.0,177.0,104.0,36.7,11.0,Outpatient Monitoring
PAT-20572,2026-03-15,Endocrinology,61,32.4,156.0,191.0,128.0,54.5,11.0,Outpatient Monitoring
PAT-20573,2025-10-29,Endocrinology,40,20.3,135.0,195.0,123.0,43.2,10.0,Outpatient Monitoring
PAT-20574,2025-10-30,Endocrinology,53,28.3,150.0,178.0,109.0,40.0,12.0,Outpatient Monitoring
PAT-20575,2025-06-16,Cardiology,44,25.4,142.0,211.0,155.0,64.3,8.0,Extended Hospital Care
PAT-20576,2025-06-03,Endocrinology,24,33.1,137.0,176.0,119.0,36.9,3.0,Outpatient Monitoring
PAT-20577,2025-08-30,Endocrinology,37,29.4,134.0,205.0,117.0,43.3,13.0,Outpatient Monitoring
PAT-20578,2025-08-10,General Medicine,45,29.7,145.0,210.0,150.0,63.5,9.0,Extended Hospital Care
PAT-20579,2025-07-17,Endocrinology,42,21.0,144.0,171.0,84.0,24.9,9.0,Discharged Full Recovery
PAT-20580,2025-07-25,Cardiology,52,26.8,131.0,213.0,106.0,39.8,11.0,Outpatient Monitoring
PAT-20581,2025-12-04,General Medicine,76,22.7,145.0,198.0,135.0,53.9,11.0,Outpatient Monitoring
PAT-20582,2025-12-02,General Medicine,60,25.5,145.0,204.0,94.0,39.3,12.0,Outpatient Monitoring
PAT-20583,2026-03-16,Cardiology,45,25.3,144.0,175.0,106.0,34.9,6.0,Discharged Full Recovery
PAT-20584,2025-10-30,Cardiology,21,34.3,136.0,167.0,117.0,32.9,8.0,Discharged Full Recovery
PAT-20585,2025-09-10,General Medicine,25,30.0,123.0,159.0,122.0,26.0,9.0,Discharged Full Recovery
PAT-20586,2025-10-24,Neurology,42,45.2,157.0,214.0,155.0,72.7,13.0,Extended Hospital Care
PAT-20587,2025-08-08,Neurology,55,26.2,151.0,178.0,123.0,46.1,12.0,Outpatient Monitoring
PAT-20588,2025-07-13,Cardiology,33,26.1,127.0,214.0,114.0,41.3,8.0,Outpatient Monitoring
PAT-20589,2025-10-28,General Medicine,51,29.2,146.0,187.0,126.0,47.5,10.0,Outpatient Monitoring
PAT-20590,2025-06-29,Neurology,83,18.3,140.0,217.0,85.0,37.1,12.0,Outpatient Monitoring
PAT-20591,2025-06-13,General Medicine,22,31.3,142.0,182.0,100.0,33.6,9.0,Discharged Full Recovery
PAT-20592,2026-02-05,Cardiology,25,25.0,129.0,214.0,115.0,42.7,9.0,Outpatient Monitoring
PAT-20593,2026-01-20,Cardiology,62,31.2,136.0,178.0,112.0,34.2,14.0,Discharged Full Recovery
PAT-20594,2025-09-10,Cardiology,37,27.7,151.0,144.0,116.0,33.1,7.0,Discharged Full Recovery
PAT-20595,2026-01-30,Neurology,65,25.8,138.0,176.0,111.0,34.2,8.0,Discharged Full Recovery
PAT-20596,2025-10-19,Neurology,42,32.2,142.0,230.0,89.0,43.6,11.0,Outpatient Monitoring
PAT-20597,2026-02-11,Neurology,55,26.9,149.0,161.0,114.0,36.4,11.0,Outpatient Monitoring
PAT-20598,2025-09-23,Endocrinology,40,29.3,136.0,157.0,99.0,22.7,10.0,Discharged Full Recovery
PAT-20599,2025-08-02,Cardiology,65,29.9,151.0,196.0,99.0,41.9,13.0,Outpatient Monitoring
PAT-20600,2025-12-03,Cardiology,53,33.0,163.0,230.0,156.0,80.9,16.0,Critical Care Intervention
PAT-20601,2025-08-28,Endocrinology,28,29.5,129.0,128.0,128.0,22.1,7.0,Discharged Full Recovery
PAT-20602,2026-01-23,General Medicine,76,36.1,149.0,213.0,134.0,60.0,12.0,Extended Hospital Care
PAT-20603,2025-09-03,Cardiology,80,28.8,151.0,213.0,99.0,47.0,12.0,Outpatient Monitoring
PAT-20604,2025-11-05,Cardiology,31,30.1,131.0,165.0,127.0,33.8,9.0,Discharged Full Recovery
PAT-20605,2025-12-10,Cardiology,31,21.7,126.0,166.0,88.0,16.0,10.0,Discharged Full Recovery
PAT-20606,2025-06-16,Endocrinology,21,31.1,140.0,136.0,93.0,16.0,9.0,Discharged Full Recovery
PAT-20607,2025-09-24,General Medicine,78,28.1,142.0,237.0,118.0,57.3,13.0,Outpatient Monitoring
PAT-20608,2026-01-23,General Medicine,28,24.6,118.0,172.0,120.0,26.6,7.0,Discharged Full Recovery
PAT-20609,2026-02-02,Neurology,24,25.2,129.0,136.0,107.0,16.1,7.0,Discharged Full Recovery
PAT-20610,2026-01-14,Cardiology,44,30.6,143.0,150.0,170.0,52.5,10.0,Outpatient Monitoring
PAT-20611,2025-07-09,Cardiology,42,17.6,120.0,177.0,119.0,28.7,9.0,Discharged Full Recovery
PAT-20612,2025-11-05,Endocrinology,26,24.1,141.0,177.0,112.0,36.4,6.0,Outpatient Monitoring
PAT-20613,2025-07-16,Endocrinology,50,20.8,135.0,212.0,114.0,44.7,9.0,Outpatient Monitoring
PAT-20614,2025-08-06,Neurology,32,26.2,134.0,167.0,121.0,33.5,7.0,Discharged Full Recovery
PAT-20615,2025-10-26,Cardiology,35,24.7,157.0,164.0,117.0,42.5,11.0,Outpatient Monitoring
PAT-20616,2025-09-28,Cardiology,79,25.9,158.0,190.0,114.0,49.6,14.0,Outpatient Monitoring
PAT-20617,2025-11-07,Cardiology,42,28.2,159.0,170.0,139.0,54.1,9.0,Outpatient Monitoring
PAT-20618,2025-09-19,Cardiology,37,33.9,138.0,174.0,154.0,50.8,7.0,Outpatient Monitoring
PAT-20619,2026-01-06,Cardiology,41,26.1,130.0,166.0,139.0,38.4,10.0,Outpatient Monitoring
PAT-20620,2025-08-08,Cardiology,52,26.7,144.0,183.0,114.0,40.5,12.0,Outpatient Monitoring
PAT-20621,2025-11-06,Endocrinology,84,27.9,163.0,193.0,115.0,53.4,13.0,Outpatient Monitoring
PAT-20622,2025-12-03,Neurology,42,29.6,138.0,189.0,110.0,37.7,11.0,Outpatient Monitoring
PAT-20623,2025-08-03,Cardiology,81,25.7,146.0,201.0,120.0,49.3,14.0,Outpatient Monitoring
PAT-20624,2025-12-22,Cardiology,21,25.0,130.0,147.0,113.0,22.3,8.0,Discharged Full Recovery
PAT-20625,2025-08-25,Neurology,50,31.1,145.0,185.0,126.0,46.4,10.0,Outpatient Monitoring
PAT-20626,2026-03-26,General Medicine,36,30.4,130.0,163.0,112.0,26.7,8.0,Discharged Full Recovery
PAT-20627,2025-10-01,Endocrinology,24,34.6,137.0,177.0,119.0,37.2,9.0,Outpatient Monitoring
PAT-20628,2026-03-26,Cardiology,72,24.8,130.0,184.0,108.0,31.4,9.0,Discharged Full Recovery
PAT-20629,2025-09-08,General Medicine,80,28.0,165.0,208.0,96.0,51.3,14.0,Outpatient Monitoring
PAT-20630,2026-02-09,Cardiology,28,29.2,151.0,156.0,106.0,32.7,10.0,Discharged Full Recovery
PAT-20631,2025-12-21,General Medicine,23,27.0,134.0,181.0,92.0,26.1,9.0,Discharged Full Recovery
PAT-20632,2025-09-28,General Medicine,65,28.4,151.0,240.0,102.0,56.3,12.0,Outpatient Monitoring
PAT-20633,2026-01-11,Endocrinology,33,28.1,138.0,202.0,117.0,44.4,11.0,Outpatient Monitoring
PAT-20634,2025-11-02,Cardiology,57,32.1,140.0,223.0,126.0,55.3,9.0,Outpatient Monitoring
PAT-20635,2025-07-22,Neurology,29,33.1,142.0,191.0,143.0,53.5,7.0,Outpatient Monitoring
PAT-20636,2025-09-03,General Medicine,24,25.0,130.0,145.0,111.0,20.9,9.0,Discharged Full Recovery
PAT-20637,2025-09-25,Neurology,32,27.4,139.0,182.0,130.0,44.1,10.0,Outpatient Monitoring
PAT-20638,2026-01-05,Cardiology,26,25.4,122.0,186.0,101.0,25.2,7.0,Discharged Full Recovery
PAT-20639,2025-07-21,Cardiology,80,20.9,162.0,200.0,126.0,59.4,14.0,Outpatient Monitoring
PAT-20640,2026-01-23,Cardiology,27,26.0,124.0,213.0,130.0,45.9,9.0,Outpatient Monitoring
PAT-20641,2026-01-06,Cardiology,45,24.7,137.0,164.0,111.0,30.1,10.0,Discharged Full Recovery
PAT-20642,2026-03-16,Endocrinology,20,33.2,128.0,197.0,143.0,48.3,9.0,Outpatient Monitoring
PAT-20643,2025-09-16,Cardiology,72,24.9,144.0,212.0,117.0,50.4,11.0,Outpatient Monitoring
PAT-20644,2025-08-27,General Medicine,21,18.6,124.0,154.0,93.0,13.4,6.0,Discharged Full Recovery
PAT-20645,2026-02-21,General Medicine,58,26.7,151.0,174.0,129.0,47.3,10.0,Outpatient Monitoring
PAT-20646,2025-06-11,Endocrinology,60,23.9,127.0,174.0,130.0,35.7,15.0,Outpatient Monitoring
PAT-20647,2025-11-12,Neurology,43,25.3,139.0,160.0,133.0,38.7,11.0,Outpatient Monitoring
PAT-20648,2025-11-13,Cardiology,27,28.6,137.0,177.0,146.0,48.0,5.0,Outpatient Monitoring
PAT-20649,2025-10-17,General Medicine,63,35.8,157.0,210.0,127.0,60.3,12.0,Extended Hospital Care
PAT-20650,2025-10-02,Endocrinology,32,31.9,141.0,154.0,121.0,33.1,12.0,Discharged Full Recovery
PAT-20651,2025-12-24,Neurology,59,28.7,155.0,218.0,112.0,55.7,14.0,Outpatient Monitoring
PAT-20652,2025-09-22,Cardiology,71,22.2,164.0,174.0,110.0,46.2,15.0,Outpatient Monitoring
PAT-20653,2026-02-08,Endocrinology,68,23.1,135.0,238.0,109.0,50.5,13.0,Outpatient Monitoring
PAT-20654,2025-06-21,General Medicine,73,21.6,131.0,181.0,120.0,35.8,10.0,Outpatient Monitoring
PAT-20655,2026-02-28,General Medicine,25,19.0,120.0,159.0,88.0,10.9,10.0,Discharged Full Recovery
PAT-20656,2025-08-22,Cardiology,35,29.1,129.0,173.0,103.0,25.6,8.0,Discharged Full Recovery
PAT-20657,2025-12-23,Neurology,39,28.5,130.0,186.0,98.0,28.0,9.0,Discharged Full Recovery
PAT-20658,2025-12-11,Cardiology,74,24.7,139.0,179.0,91.0,27.6,13.0,Discharged Full Recovery
PAT-20659,2025-06-17,Neurology,82,23.8,163.0,223.0,110.0,60.4,15.0,Extended Hospital Care
PAT-20660,2025-09-30,General Medicine,21,27.1,133.0,151.0,113.0,25.0,9.0,Discharged Full Recovery
PAT-20661,2026-02-18,Cardiology,24,28.3,130.0,165.0,118.0,29.7,10.0,Discharged Full Recovery
PAT-20662,2025-08-11,Cardiology,67,27.3,145.0,193.0,142.0,55.2,11.0,Outpatient Monitoring
PAT-20663,2025-07-21,General Medicine,41,33.8,149.0,183.0,98.0,36.6,10.0,Outpatient Monitoring
PAT-20664,2025-08-26,Cardiology,67,23.4,154.0,187.0,116.0,47.5,15.0,Outpatient Monitoring
PAT-20665,2025-09-13,Neurology,69,23.1,136.0,222.0,102.0,43.4,13.0,Outpatient Monitoring
PAT-20666,2025-12-11,Cardiology,70,30.8,147.0,220.0,127.0,58.3,16.0,Outpatient Monitoring
PAT-20667,2026-03-14,Endocrinology,77,26.0,156.0,195.0,117.0,51.3,18.0,Outpatient Monitoring
PAT-20668,2025-07-19,Cardiology,58,28.4,150.0,244.0,111.0,60.6,12.0,Extended Hospital Care
PAT-20669,2025-07-27,Cardiology,78,28.8,153.0,247.0,143.0,75.8,16.0,Extended Hospital Care
PAT-20670,2025-06-06,Neurology,26,27.5,134.0,166.0,142.0,41.6,9.0,Outpatient Monitoring
PAT-20671,2025-06-02,Cardiology,26,33.5,142.0,147.0,134.0,36.7,12.0,Outpatient Monitoring
PAT-20672,2026-01-24,Neurology,42,28.2,136.0,178.0,140.0,45.4,12.0,Outpatient Monitoring
PAT-20673,2025-08-20,Cardiology,70,32.9,141.0,236.0,111.0,53.7,9.0,Outpatient Monitoring
PAT-20674,2025-10-07,Endocrinology,51,33.1,140.0,215.0,147.0,61.3,14.0,Extended Hospital Care
PAT-20675,2025-12-20,Cardiology,75,29.8,162.0,212.0,117.0,59.4,12.0,Outpatient Monitoring
PAT-20676,2025-11-01,Cardiology,26,28.0,141.0,147.0,123.0,31.8,13.0,Discharged Full Recovery
PAT-20677,2026-01-05,General Medicine,81,31.0,156.0,243.0,113.0,64.1,16.0,Extended Hospital Care
PAT-20678,2025-12-03,Neurology,47,24.7,139.0,181.0,127.0,42.6,9.0,Outpatient Monitoring
PAT-20679,2025-09-11,Cardiology,27,24.5,120.0,166.0,126.0,28.2,4.0,Discharged Full Recovery
PAT-20680,2026-02-28,Endocrinology,31,27.1,115.0,165.0,141.0,31.4,8.0,Discharged Full Recovery
PAT-20681,2026-01-10,Cardiology,23,23.5,125.0,124.0,135.0,21.7,7.0,Discharged Full Recovery
PAT-20682,2026-01-24,Endocrinology,54,26.1,131.0,197.0,111.0,37.0,10.0,Outpatient Monitoring
PAT-20683,2025-09-11,Cardiology,63,20.5,134.0,214.0,87.0,34.0,11.0,Discharged Full Recovery
PAT-20684,2026-03-14,Neurology,54,25.5,136.0,160.0,86.0,18.4,8.0,Discharged Full Recovery
PAT-20685,2025-07-09,Cardiology,64,27.7,154.0,186.0,113.0,46.0,8.0,Outpatient Monitoring
PAT-20686,2025-12-14,Cardiology,59,33.7,147.0,187.0,123.0,46.8,14.0,Outpatient Monitoring
PAT-20687,2026-02-06,Neurology,71,35.8,162.0,178.0,95.0,40.4,15.0,Outpatient Monitoring
PAT-20688,2025-10-05,Cardiology,40,31.5,149.0,193.0,119.0,48.0,14.0,Outpatient Monitoring
PAT-20689,2025-06-01,Neurology,83,31.0,174.0,196.0,118.0,61.0,14.0,Extended Hospital Care
PAT-20690,2025-11-15,Endocrinology,72,22.0,140.0,213.0,99.0,41.5,11.0,Outpatient Monitoring
PAT-20691,2025-06-01,Endocrinology,81,28.3,166.0,186.0,111.0,51.2,16.0,Outpatient Monitoring
PAT-20692,2026-01-25,Endocrinology,38,32.8,140.0,159.0,82.0,18.5,10.0,Discharged Full Recovery
PAT-20693,2025-12-12,Cardiology,42,24.2,128.0,180.0,100.0,26.0,8.0,Discharged Full Recovery
PAT-20694,2026-01-02,Endocrinology,23,24.0,135.0,183.0,116.0,36.8,4.0,Outpatient Monitoring
PAT-20695,2026-01-21,Neurology,57,36.6,147.0,189.0,143.0,55.4,14.0,Outpatient Monitoring
PAT-20696,2025-08-31,Cardiology,43,26.7,123.0,183.0,126.0,34.8,9.0,Discharged Full Recovery
PAT-20697,2025-11-06,General Medicine,51,23.5,140.0,210.0,110.0,45.0,10.0,Outpatient Monitoring
PAT-20698,2025-09-04,Cardiology,50,25.4,134.0,172.0,95.0,24.6,9.0,Discharged Full Recovery
PAT-20699,2025-09-08,Cardiology,74,20.8,150.0,215.0,130.0,59.5,12.0,Outpatient Monitoring
PAT-20700,2026-02-05,Neurology,31,23.5,126.0,165.0,112.0,25.3,9.0,Discharged Full Recovery
PAT-20701,2026-01-22,Cardiology,32,28.1,129.0,156.0,112.0,24.1,7.0,Discharged Full Recovery
PAT-20702,2025-09-12,Endocrinology,31,27.3,119.0,175.0,115.0,26.0,10.0,Discharged Full Recovery
PAT-20703,2025-09-02,Endocrinology,23,31.8,144.0,171.0,122.0,40.1,8.0,Outpatient Monitoring
PAT-20704,2025-11-06,Cardiology,59,26.6,137.0,194.0,104.0,36.3,11.0,Outpatient Monitoring
PAT-20705,2025-12-04,Cardiology,76,28.2,166.0,211.0,119.0,61.9,15.0,Extended Hospital Care
PAT-20706,2026-03-07,Cardiology,40,28.4,138.0,210.0,128.0,51.2,8.0,Outpatient Monitoring
PAT-20707,2026-02-11,Neurology,60,25.9,131.0,171.0,122.0,33.6,10.0,Discharged Full Recovery
PAT-20708,2025-09-05,Endocrinology,38,23.9,132.0,205.0,101.0,35.9,9.0,Outpatient Monitoring
PAT-20709,2025-09-05,Endocrinology,75,16.1,144.0,205.0,114.0,47.1,12.0,Outpatient Monitoring
PAT-20710,2025-06-11,Cardiology,73,23.6,154.0,208.0,92.0,44.2,14.0,Outpatient Monitoring
PAT-20711,2025-08-09,Cardiology,83,29.2,146.0,212.0,127.0,55.4,9.0,Outpatient Monitoring
PAT-20712,2025-06-11,Neurology,77,32.5,158.0,197.0,109.0,49.7,16.0,Outpatient Monitoring
PAT-20713,2025-12-22,Cardiology,24,33.6,138.0,165.0,101.0,26.9,10.0,Discharged Full Recovery
PAT-20714,2026-02-09,Endocrinology,64,31.5,142.0,176.0,116.0,38.2,11.0,Outpatient Monitoring
PAT-20715,2025-12-16,Cardiology,33,23.6,128.0,171.0,99.0,22.9,7.0,Discharged Full Recovery
PAT-20716,2026-02-27,Endocrinology,48,31.5,155.0,163.0,116.0,40.8,14.0,Outpatient Monitoring
PAT-20717,2026-01-14,General Medicine,42,24.6,137.0,200.0,153.0,57.7,9.0,Outpatient Monitoring
PAT-20718,2025-11-10,Neurology,24,25.7,127.0,142.0,100.0,14.1,6.0,Discharged Full Recovery
PAT-20719,2025-08-31,Cardiology,22,30.8,152.0,195.0,108.0,45.7,11.0,Outpatient Monitoring
PAT-20720,2025-10-23,Neurology,25,26.9,126.0,187.0,131.0,39.5,10.0,Outpatient Monitoring
PAT-20721,2025-07-04,Endocrinology,22,34.6,133.0,175.0,126.0,37.4,9.0,Outpatient Monitoring
PAT-20722,2025-11-20,Cardiology,53,41.4,163.0,181.0,121.0,52.2,12.0,Outpatient Monitoring
PAT-20723,2025-10-28,Endocrinology,25,23.3,124.0,197.0,102.0,29.9,5.0,Discharged Full Recovery
PAT-20724,2025-08-24,Cardiology,22,23.7,135.0,150.0,91.0,16.9,9.0,Discharged Full Recovery
PAT-20725,2026-03-01,General Medicine,35,26.6,131.0,159.0,124.0,30.8,8.0,Discharged Full Recovery
PAT-20726,2025-07-10,Endocrinology,38,36.3,145.0,192.0,123.0,47.3,7.0,Outpatient Monitoring
PAT-20727,2025-07-21,Endocrinology,20,25.8,141.0,138.0,127.0,30.7,5.0,Discharged Full Recovery
PAT-20728,2025-11-08,Cardiology,62,21.6,134.0,216.0,83.0,33.0,11.0,Discharged Full Recovery
PAT-20729,2025-07-04,Neurology,23,25.3,125.0,159.0,101.0,18.6,6.0,Discharged Full Recovery
PAT-20730,2025-10-17,Cardiology,42,27.0,128.0,178.0,100.0,25.4,10.0,Discharged Full Recovery
PAT-20731,2026-02-10,Cardiology,79,26.5,153.0,201.0,125.0,54.8,13.0,Outpatient Monitoring
PAT-20732,2025-08-03,Neurology,33,33.1,136.0,155.0,123.0,31.7,9.0,Discharged Full Recovery
PAT-20733,2025-12-19,Neurology,73,30.2,154.0,203.0,102.0,46.7,16.0,Outpatient Monitoring
PAT-20734,2026-02-06,Cardiology,37,26.2,140.0,175.0,110.0,34.5,6.0,Discharged Full Recovery
PAT-20735,2026-02-24,General Medicine,48,24.2,133.0,176.0,126.0,37.7,10.0,Outpatient Monitoring
PAT-20736,2025-10-25,Cardiology,24,28.9,141.0,186.0,132.0,47.1,10.0,Outpatient Monitoring
PAT-20737,2025-11-09,Cardiology,38,25.6,146.0,210.0,71.0,32.4,12.0,Discharged Full Recovery
PAT-20738,2025-07-06,Neurology,48,28.3,154.0,194.0,137.0,58.0,14.0,Outpatient Monitoring
PAT-20739,2025-10-07,General Medicine,47,29.4,145.0,175.0,133.0,46.2,12.0,Outpatient Monitoring
PAT-20740,2025-09-13,Cardiology,50,24.3,142.0,190.0,145.0,54.0,13.0,Outpatient Monitoring
PAT-20741,2025-11-06,Neurology,26,23.9,130.0,178.0,94.0,24.0,8.0,Discharged Full Recovery
PAT-20742,2026-02-06,General Medicine,50,24.6,143.0,189.0,122.0,45.0,7.0,Outpatient Monitoring
PAT-20743,2025-06-04,Endocrinology,39,30.1,141.0,184.0,126.0,44.1,9.0,Outpatient Monitoring
PAT-20744,2025-11-01,Endocrinology,70,33.1,151.0,201.0,105.0,45.8,13.0,Outpatient Monitoring
PAT-20745,2025-09-30,Endocrinology,65,23.7,152.0,227.0,102.0,52.9,16.0,Outpatient Monitoring
PAT-20746,2025-07-08,General Medicine,27,30.2,132.0,132.0,132.0,26.4,6.0,Discharged Full Recovery
PAT-20747,2026-02-21,Cardiology,36,23.3,153.0,177.0,114.0,43.2,10.0,Outpatient Monitoring
PAT-20748,2025-07-30,Endocrinology,73,23.4,136.0,217.0,97.0,39.9,11.0,Outpatient Monitoring
PAT-20749,2026-02-25,Neurology,40,18.3,138.0,202.0,91.0,34.0,11.0,Discharged Full Recovery
PAT-20750,2026-02-25,Neurology,82,22.7,163.0,196.0,116.0,54.7,13.0,Outpatient Monitoring
PAT-20751,2026-03-26,Cardiology,56,24.6,135.0,211.0,88.0,34.0,10.0,Discharged Full Recovery
PAT-20752,2026-01-31,Neurology,69,31.1,154.0,224.0,123.0,61.4,10.0,Extended Hospital Care
PAT-20753,2025-11-23,Neurology,53,23.3,144.0,205.0,94.0,39.1,11.0,Outpatient Monitoring
PAT-20754,2025-10-22,Cardiology,54,28.9,152.0,169.0,118.0,41.9,11.0,Outpatient Monitoring
PAT-20755,2025-12-01,Cardiology,82,30.9,158.0,194.0,114.0,50.8,15.0,Outpatient Monitoring
PAT-20756,2025-08-22,Endocrinology,26,24.2,123.0,155.0,107.0,18.8,8.0,Discharged Full Recovery
PAT-20757,2025-06-15,Cardiology,74,21.3,137.0,209.0,73.0,28.4,11.0,Discharged Full Recovery
PAT-20758,2025-07-16,Cardiology,35,14.6,125.0,191.0,103.0,29.0,11.0,Discharged Full Recovery
PAT-20759,2025-08-05,Cardiology,64,24.3,142.0,202.0,113.0,44.8,15.0,Outpatient Monitoring
PAT-20760,2025-12-28,Cardiology,48,38.9,151.0,196.0,137.0,57.1,11.0,Outpatient Monitoring
PAT-20761,2026-03-04,General Medicine,64,27.0,144.0,191.0,123.0,46.5,10.0,Outpatient Monitoring
PAT-20762,2025-10-05,Neurology,79,28.4,152.0,234.0,117.0,61.0,14.0,Extended Hospital Care
PAT-20763,2025-09-17,Cardiology,32,22.5,144.0,155.0,122.0,35.3,10.0,Outpatient Monitoring
PAT-20764,2025-11-02,Cardiology,72,26.0,147.0,219.0,77.0,38.0,12.0,Outpatient Monitoring
PAT-20765,2025-11-15,Cardiology,37,37.0,132.0,207.0,140.0,52.1,9.0,Outpatient Monitoring
PAT-20766,2025-11-11,Endocrinology,50,26.3,130.0,199.0,107.0,35.5,10.0,Outpatient Monitoring
PAT-20767,2026-02-27,Neurology,69,36.1,167.0,198.0,130.0,62.9,15.0,Extended Hospital Care
PAT-20768,2025-12-06,Endocrinology,66,32.3,125.0,195.0,116.0,35.4,7.0,Outpatient Monitoring
PAT-20769,2026-01-05,Cardiology,76,26.9,161.0,220.0,111.0,58.9,10.0,Outpatient Monitoring
PAT-20770,2025-06-24,Endocrinology,84,23.8,152.0,239.0,123.0,64.9,12.0,Extended Hospital Care
PAT-20771,2025-11-30,Neurology,61,37.9,152.0,144.0,121.0,35.6,11.0,Outpatient Monitoring
PAT-20772,2025-11-05,Cardiology,77,20.3,151.0,211.0,102.0,47.6,10.0,Outpatient Monitoring
PAT-20773,2025-07-11,Cardiology,56,26.5,154.0,190.0,139.0,57.6,11.0,Outpatient Monitoring
PAT-20774,2026-01-13,Endocrinology,44,29.5,140.0,204.0,89.0,34.8,8.0,Discharged Full Recovery
PAT-20775,2025-12-02,General Medicine,69,28.9,154.0,166.0,131.0,47.2,12.0,Outpatient Monitoring
PAT-20776,2025-10-31,Endocrinology,56,28.9,160.0,195.0,123.0,55.7,13.0,Outpatient Monitoring
PAT-20777,2026-03-14,Endocrinology,31,29.7,125.0,169.0,128.0,32.4,10.0,Discharged Full Recovery
PAT-20778,2025-09-19,Endocrinology,45,26.4,145.0,263.0,116.0,65.8,10.0,Extended Hospital Care
PAT-20779,2025-08-20,Endocrinology,51,29.0,137.0,207.0,137.0,53.4,10.0,Outpatient Monitoring
PAT-20780,2025-08-22,General Medicine,47,28.2,147.0,158.0,151.0,49.3,12.0,Outpatient Monitoring
PAT-20781,2025-12-19,Neurology,57,29.2,144.0,213.0,108.0,47.1,14.0,Outpatient Monitoring
PAT-20782,2026-01-17,Endocrinology,72,22.0,151.0,247.0,131.0,70.0,12.0,Extended Hospital Care
PAT-20783,2025-12-09,Neurology,65,33.1,141.0,176.0,106.0,33.7,11.0,Discharged Full Recovery
PAT-20784,2026-01-23,Cardiology,71,24.8,170.0,221.0,120.0,67.3,16.0,Extended Hospital Care
PAT-20785,2025-07-05,Neurology,21,30.9,138.0,174.0,137.0,44.0,3.0,Outpatient Monitoring
PAT-20786,2026-01-25,Neurology,59,31.4,145.0,235.0,97.0,49.8,11.0,Outpatient Monitoring
PAT-20787,2025-11-19,Cardiology,31,30.5,132.0,162.0,128.0,33.8,5.0,Discharged Full Recovery
PAT-20788,2025-07-03,Cardiology,29,32.2,141.0,169.0,123.0,38.4,13.0,Outpatient Monitoring
PAT-20789,2026-01-06,Endocrinology,43,18.1,147.0,201.0,114.0,47.4,12.0,Outpatient Monitoring
PAT-20790,2025-06-16,Endocrinology,47,28.6,140.0,165.0,134.0,41.1,11.0,Outpatient Monitoring
PAT-20791,2025-09-01,Cardiology,45,26.5,138.0,184.0,138.0,47.4,9.0,Outpatient Monitoring
PAT-20792,2025-08-03,Cardiology,62,26.1,138.0,182.0,107.0,34.4,10.0,Discharged Full Recovery
PAT-20793,2025-10-07,Neurology,25,20.2,132.0,156.0,137.0,35.6,7.0,Outpatient Monitoring
PAT-20794,2025-09-22,Cardiology,53,23.8,131.0,215.0,132.0,50.8,11.0,Outpatient Monitoring
PAT-20795,2025-06-08,Neurology,46,29.5,144.0,200.0,138.0,55.2,9.0,Outpatient Monitoring
PAT-20796,2026-03-26,Neurology,52,22.3,132.0,182.0,122.0,37.4,10.0,Outpatient Monitoring
PAT-20797,2025-06-15,Cardiology,44,26.8,136.0,192.0,109.0,37.2,13.0,Outpatient Monitoring
PAT-20798,2026-02-19,Neurology,64,25.3,147.0,192.0,115.0,45.1,13.0,Outpatient Monitoring
PAT-20799,2026-02-20,Endocrinology,57,33.9,161.0,195.0,135.0,61.0,10.0,Extended Hospital Care
PAT-20800,2025-12-12,Neurology,40,17.4,129.0,179.0,104.0,27.8,9.0,Discharged Full Recovery
PAT-20801,2026-02-17,Endocrinology,55,24.4,150.0,211.0,101.0,46.7,12.0,Outpatient Monitoring
PAT-20802,2025-09-04,Cardiology,60,33.6,144.0,228.0,136.0,62.8,10.0,Extended Hospital Care
PAT-20803,2026-01-19,Neurology,25,23.9,134.0,197.0,110.0,38.1,8.0,Outpatient Monitoring
PAT-20804,2025-08-24,Endocrinology,23,29.6,132.0,182.0,112.0,33.4,4.0,Discharged Full Recovery
PAT-20805,2025-11-21,Endocrinology,71,23.0,139.0,201.0,108.0,41.0,14.0,Outpatient Monitoring
PAT-20806,2025-09-16,Neurology,70,29.7,139.0,201.0,116.0,44.2,14.0,Outpatient Monitoring
PAT-20807,2026-02-07,Endocrinology,51,27.8,151.0,175.0,143.0,53.2,8.0,Outpatient Monitoring
PAT-20808,2025-12-23,General Medicine,29,32.7,138.0,187.0,126.0,43.5,8.0,Outpatient Monitoring
PAT-20809,2026-02-22,Cardiology,70,24.2,143.0,186.0,96.0,33.7,11.0,Discharged Full Recovery
PAT-20810,2025-11-17,Cardiology,24,28.4,129.0,207.0,125.0,44.6,8.0,Outpatient Monitoring
PAT-20811,2025-12-14,General Medicine,49,20.8,141.0,155.0,105.0,27.0,11.0,Discharged Full Recovery
PAT-20812,2026-03-27,Endocrinology,34,32.2,139.0,159.0,114.0,30.8,8.0,Discharged Full Recovery
PAT-20813,2025-11-05,Cardiology,51,38.9,149.0,148.0,149.0,46.5,11.0,Outpatient Monitoring
PAT-20814,2025-08-06,Neurology,28,30.3,125.0,193.0,113.0,33.6,12.0,Discharged Full Recovery
PAT-20815,2025-09-20,Endocrinology,30,24.0,126.0,194.0,103.0,30.4,7.0,Discharged Full Recovery
PAT-20816,2025-09-03,General Medicine,28,27.1,130.0,175.0,109.0,29.1,8.0,Discharged Full Recovery
PAT-20817,2026-03-18,Cardiology,62,24.1,149.0,211.0,85.0,39.8,11.0,Outpatient Monitoring
PAT-20818,2025-10-09,Cardiology,35,31.2,140.0,165.0,82.0,20.3,10.0,Discharged Full Recovery
PAT-20819,2026-01-16,Cardiology,53,31.3,136.0,166.0,94.0,23.4,9.0,Discharged Full Recovery
PAT-20820,2025-11-14,Neurology,77,25.6,152.0,202.0,108.0,47.8,13.0,Outpatient Monitoring
PAT-20821,2025-11-11,Cardiology,35,25.0,140.0,159.0,106.0,28.1,12.0,Discharged Full Recovery
PAT-20822,2025-10-10,Cardiology,61,27.2,157.0,220.0,129.0,64.1,10.0,Extended Hospital Care
PAT-20823,2025-12-21,Cardiology,71,28.6,149.0,223.0,118.0,56.6,13.0,Outpatient Monitoring
PAT-20824,2025-12-28,Cardiology,54,28.6,131.0,227.0,116.0,48.0,9.0,Outpatient Monitoring
PAT-20825,2025-08-07,Endocrinology,26,20.4,124.0,144.0,106.0,15.6,11.0,Discharged Full Recovery
PAT-20826,2026-03-15,Endocrinology,81,26.3,146.0,203.0,145.0,59.9,12.0,Outpatient Monitoring
PAT-20827,2025-10-04,Neurology,33,27.2,141.0,129.0,142.0,34.0,12.0,Discharged Full Recovery
PAT-20828,2025-07-28,Endocrinology,69,27.9,142.0,174.0,106.0,33.6,10.0,Discharged Full Recovery
PAT-20829,2026-02-19,Neurology,49,23.7,128.0,177.0,132.0,37.9,7.0,Outpatient Monitoring
PAT-20830,2025-07-18,Cardiology,84,23.4,161.0,229.0,114.0,62.8,14.0,Extended Hospital Care
PAT-20831,2026-01-21,Endocrinology,72,27.3,148.0,220.0,112.0,52.8,13.0,Outpatient Monitoring
PAT-20832,2025-08-01,Cardiology,39,32.2,140.0,173.0,111.0,34.3,7.0,Discharged Full Recovery
PAT-20833,2026-01-20,Endocrinology,83,27.1,148.0,187.0,88.0,33.3,12.0,Discharged Full Recovery
PAT-20834,2025-12-12,Endocrinology,47,19.3,122.0,157.0,112.0,20.9,13.0,Discharged Full Recovery
PAT-20835,2025-10-18,Neurology,42,27.7,126.0,199.0,130.0,42.7,11.0,Outpatient Monitoring
PAT-20836,2025-09-04,Cardiology,78,25.6,146.0,200.0,95.0,39.0,14.0,Outpatient Monitoring
PAT-20837,2026-03-26,Cardiology,20,18.6,119.0,156.0,82.0,7.1,8.0,Discharged Full Recovery
PAT-20838,2025-06-02,Cardiology,52,22.3,138.0,195.0,94.0,33.1,10.0,Discharged Full Recovery
PAT-20839,2025-09-29,Cardiology,51,26.3,139.0,171.0,118.0,36.0,11.0,Outpatient Monitoring
PAT-20840,2025-07-30,Cardiology,36,20.3,130.0,153.0,125.0,28.9,9.0,Discharged Full Recovery
PAT-20841,2026-02-10,General Medicine,38,25.4,131.0,183.0,119.0,36.0,12.0,Outpatient Monitoring
PAT-20842,2025-10-10,Neurology,79,26.9,143.0,211.0,123.0,52.0,12.0,Outpatient Monitoring
PAT-20843,2025-09-03,Neurology,48,35.5,150.0,206.0,127.0,55.6,12.0,Outpatient Monitoring
PAT-20844,2025-09-16,Endocrinology,79,27.1,147.0,220.0,136.0,61.9,14.0,Extended Hospital Care
PAT-20845,2026-02-01,Endocrinology,21,31.5,145.0,191.0,117.0,44.6,9.0,Outpatient Monitoring
PAT-20846,2025-09-25,Neurology,21,33.0,137.0,183.0,101.0,31.8,8.0,Discharged Full Recovery
PAT-20847,2025-06-27,Cardiology,60,30.6,148.0,209.0,121.0,53.1,10.0,Outpatient Monitoring
PAT-20848,2025-08-03,Cardiology,59,21.6,153.0,222.0,96.0,49.5,14.0,Outpatient Monitoring
PAT-20849,2025-06-16,Endocrinology,72,32.5,166.0,194.0,122.0,58.0,11.0,Outpatient Monitoring
PAT-20850,2025-08-20,Endocrinology,71,33.9,152.0,178.0,114.0,43.0,10.0,Outpatient Monitoring
PAT-20851,2026-02-10,Endocrinology,81,22.0,148.0,218.0,103.0,48.6,13.0,Outpatient Monitoring
PAT-20852,2026-01-24,General Medicine,75,23.1,152.0,181.0,86.0,32.7,11.0,Discharged Full Recovery
PAT-20853,2025-07-18,General Medicine,77,18.8,144.0,183.0,108.0,38.1,10.0,Outpatient Monitoring
PAT-20854,2025-07-24,Endocrinology,48,26.3,146.0,156.0,116.0,34.2,8.0,Discharged Full Recovery
PAT-20855,2025-06-24,General Medicine,80,31.1,139.0,228.0,150.0,65.9,12.0,Extended Hospital Care
PAT-20856,2025-08-29,Endocrinology,39,28.4,144.0,185.0,128.0,46.7,8.0,Outpatient Monitoring
PAT-20857,2025-09-06,Cardiology,54,27.5,158.0,190.0,119.0,51.6,9.0,Outpatient Monitoring
PAT-20858,2025-08-07,Neurology,69,35.0,161.0,202.0,124.0,58.7,15.0,Outpatient Monitoring
PAT-20859,2025-08-24,Cardiology,34,25.8,134.0,182.0,116.0,36.0,5.0,Outpatient Monitoring
PAT-20860,2026-03-12,Cardiology,30,31.1,142.0,177.0,116.0,38.5,7.0,Outpatient Monitoring
PAT-20861,2025-11-10,Endocrinology,56,25.2,142.0,219.0,110.0,48.7,11.0,Outpatient Monitoring
PAT-20862,2026-03-07,Cardiology,56,27.0,148.0,203.0,128.0,54.1,11.0,Outpatient Monitoring
PAT-20863,2025-12-03,Endocrinology,43,37.0,164.0,176.0,133.0,56.0,12.0,Outpatient Monitoring
PAT-20864,2026-01-31,Cardiology,30,32.8,141.0,184.0,122.0,42.5,7.0,Outpatient Monitoring
PAT-20865,2026-01-07,Endocrinology,81,33.8,164.0,219.0,156.0,78.1,10.0,Extended Hospital Care
PAT-20866,2025-11-16,Neurology,59,22.8,155.0,194.0,114.0,49.3,13.0,Outpatient Monitoring
PAT-20867,2025-10-02,Neurology,38,22.2,136.0,161.0,122.0,33.1,8.0,Discharged Full Recovery
PAT-20868,2025-11-06,Cardiology,44,22.3,140.0,178.0,114.0,37.0,10.0,Outpatient Monitoring
PAT-20869,2026-01-14,Cardiology,84,27.4,172.0,214.0,106.0,60.6,16.0,Extended Hospital Care
PAT-20870,2025-11-09,Cardiology,45,23.8,131.0,158.0,121.0,29.3,9.0,Discharged Full Recovery
PAT-20871,2025-07-01,Neurology,67,30.2,148.0,217.0,124.0,56.7,8.0,Outpatient Monitoring
PAT-20872,2026-01-21,Cardiology,79,29.3,150.0,216.0,147.0,66.6,13.0,Extended Hospital Care
PAT-20873,2025-12-07,Cardiology,50,25.5,149.0,197.0,114.0,47.2,12.0,Outpatient Monitoring
PAT-20874,2026-03-05,Endocrinology,34,35.7,137.0,196.0,135.0,49.3,9.0,Outpatient Monitoring
PAT-20875,2025-08-14,Endocrinology,64,28.8,156.0,205.0,103.0,48.7,11.0,Outpatient Monitoring
PAT-20876,2025-12-03,Neurology,53,36.6,142.0,220.0,139.0,60.6,10.0,Extended Hospital Care
PAT-20877,2026-01-02,Neurology,63,29.7,146.0,206.0,120.0,50.8,10.0,Outpatient Monitoring
PAT-20878,2025-12-16,Neurology,38,27.9,153.0,174.0,86.0,31.1,13.0,Discharged Full Recovery
PAT-20879,2025-06-30,General Medicine,61,27.5,139.0,228.0,116.0,52.3,8.0,Outpatient Monitoring
PAT-20880,2026-01-01,Cardiology,39,20.1,132.0,166.0,112.0,28.6,12.0,Discharged Full Recovery
PAT-20881,2025-12-05,Cardiology,26,28.8,137.0,181.0,140.0,46.8,9.0,Outpatient Monitoring
PAT-20882,2025-12-13,Cardiology,66,26.0,135.0,162.0,115.0,30.1,9.0,Discharged Full Recovery
PAT-20883,2025-06-16,Cardiology,36,25.2,157.0,166.0,114.0,41.9,12.0,Outpatient Monitoring
PAT-20884,2025-08-05,General Medicine,58,23.0,155.0,181.0,99.0,39.4,12.0,Outpatient Monitoring
PAT-20885,2025-11-13,Neurology,30,29.6,150.0,182.0,116.0,44.0,7.0,Outpatient Monitoring
PAT-20886,2026-02-19,Endocrinology,23,28.5,121.0,169.0,109.0,22.8,6.0,Discharged Full Recovery
PAT-20887,2025-10-31,Cardiology,40,25.3,130.0,172.0,96.0,23.0,6.0,Discharged Full Recovery
PAT-20888,2026-01-20,Neurology,46,27.5,136.0,158.0,129.0,35.0,12.0,Outpatient Monitoring
PAT-20889,2025-09-29,Endocrinology,29,22.5,135.0,197.0,97.0,33.4,9.0,Discharged Full Recovery
PAT-20890,2026-01-02,Cardiology,34,34.5,137.0,234.0,130.0,58.7,10.0,Outpatient Monitoring
PAT-20891,2026-02-07,Endocrinology,39,20.3,140.0,202.0,137.0,53.4,14.0,Outpatient Monitoring
PAT-20892,2025-12-14,Neurology,59,24.4,146.0,190.0,102.0,38.8,11.0,Outpatient Monitoring
PAT-20893,2025-11-21,Cardiology,29,27.0,124.0,157.0,103.0,18.3,11.0,Discharged Full Recovery
PAT-20894,2025-11-05,Cardiology,47,36.4,151.0,177.0,162.0,61.4,9.0,Extended Hospital Care
PAT-20895,2025-07-26,Cardiology,28,27.3,133.0,162.0,126.0,33.5,12.0,Discharged Full Recovery
PAT-20896,2025-08-22,Endocrinology,46,30.5,150.0,193.0,132.0,53.7,14.0,Outpatient Monitoring
PAT-20897,2026-02-26,Cardiology,48,20.2,151.0,194.0,95.0,39.7,15.0,Outpatient Monitoring
PAT-20898,2026-01-12,General Medicine,46,31.1,156.0,166.0,112.0,40.6,12.0,Outpatient Monitoring
PAT-20899,2025-09-25,Endocrinology,45,32.3,149.0,180.0,126.0,46.9,12.0,Outpatient Monitoring
PAT-20900,2026-03-18,Neurology,43,30.4,140.0,178.0,131.0,43.8,4.0,Outpatient Monitoring
PAT-20901,2025-11-30,General Medicine,21,32.8,142.0,165.0,113.0,33.7,8.0,Discharged Full Recovery
PAT-20902,2026-01-25,Cardiology,46,32.0,130.0,214.0,141.0,53.6,11.0,Outpatient Monitoring
PAT-20903,2025-06-17,Endocrinology,66,26.7,155.0,192.0,97.0,41.9,14.0,Outpatient Monitoring
PAT-20904,2025-09-28,Endocrinology,56,21.7,131.0,185.0,89.0,24.6,10.0,Discharged Full Recovery
PAT-20905,2025-09-03,Endocrinology,59,32.9,148.0,179.0,114.0,41.3,9.0,Outpatient Monitoring
PAT-20906,2025-07-11,Neurology,40,30.1,128.0,161.0,120.0,28.3,11.0,Discharged Full Recovery
PAT-20907,2026-02-09,Endocrinology,59,20.6,168.0,209.0,99.0,54.3,11.0,Outpatient Monitoring
PAT-20908,2025-12-07,Endocrinology,53,25.8,129.0,169.0,116.0,29.6,14.0,Discharged Full Recovery
PAT-20909,2026-02-12,Cardiology,35,23.6,139.0,193.0,102.0,36.2,6.0,Outpatient Monitoring
PAT-20910,2026-02-23,Endocrinology,60,30.6,150.0,191.0,128.0,51.5,11.0,Outpatient Monitoring
PAT-20911,2025-10-01,Endocrinology,34,27.5,126.0,155.0,110.0,21.5,9.0,Discharged Full Recovery
PAT-20912,2025-11-04,Endocrinology,55,27.2,146.0,199.0,109.0,44.3,11.0,Outpatient Monitoring
PAT-20913,2025-10-22,General Medicine,60,27.8,161.0,216.0,95.0,51.3,9.0,Outpatient Monitoring
PAT-20914,2025-06-14,Endocrinology,71,32.5,159.0,191.0,126.0,55.2,14.0,Outpatient Monitoring
PAT-20915,2025-10-08,Neurology,40,22.0,139.0,197.0,93.0,33.8,12.0,Discharged Full Recovery
PAT-20916,2025-08-07,Neurology,67,28.5,149.0,217.0,107.0,50.4,8.0,Outpatient Monitoring
PAT-20917,2026-03-08,General Medicine,68,25.9,143.0,181.0,95.0,31.8,13.0,Discharged Full Recovery
PAT-20918,2025-12-28,Endocrinology,73,30.7,138.0,177.0,133.0,43.3,10.0,Outpatient Monitoring
PAT-20919,2025-09-26,Endocrinology,67,27.2,136.0,204.0,87.0,32.0,12.0,Discharged Full Recovery
PAT-20920,2026-03-02,Endocrinology,65,29.4,152.0,179.0,122.0,46.5,12.0,Outpatient Monitoring
PAT-20921,2025-12-28,General Medicine,51,25.4,142.0,196.0,108.0,41.0,8.0,Outpatient Monitoring
PAT-20922,2025-10-08,Neurology,46,22.5,119.0,165.0,117.0,23.8,12.0,Discharged Full Recovery
PAT-20923,2025-08-21,Cardiology,78,28.0,155.0,219.0,112.0,56.0,9.0,Outpatient Monitoring
PAT-20924,2025-11-05,Endocrinology,42,25.8,122.0,186.0,139.0,40.4,10.0,Outpatient Monitoring
PAT-20925,2026-01-14,Endocrinology,71,22.4,135.0,195.0,104.0,35.6,11.0,Outpatient Monitoring
PAT-20926,2025-11-11,General Medicine,55,30.1,154.0,179.0,115.0,44.7,11.0,Outpatient Monitoring
PAT-20927,2025-06-26,Neurology,56,29.7,151.0,195.0,120.0,50.0,12.0,Outpatient Monitoring
PAT-20928,2025-06-13,General Medicine,73,29.2,173.0,180.0,128.0,59.7,14.0,Outpatient Monitoring
PAT-20929,2026-02-26,Neurology,68,30.2,154.0,208.0,147.0,66.2,12.0,Extended Hospital Care
PAT-20930,2025-07-25,Neurology,74,26.5,149.0,220.0,130.0,60.5,15.0,Extended Hospital Care
PAT-20931,2026-03-26,Endocrinology,66,22.2,153.0,199.0,107.0,47.0,14.0,Outpatient Monitoring
PAT-20932,2025-09-06,Cardiology,24,29.6,151.0,197.0,125.0,52.6,7.0,Outpatient Monitoring
PAT-20933,2025-08-27,Endocrinology,55,31.1,160.0,191.0,122.0,54.1,10.0,Outpatient Monitoring
PAT-20934,2025-06-07,Cardiology,72,35.5,154.0,187.0,115.0,47.1,11.0,Outpatient Monitoring
PAT-20935,2025-07-12,Cardiology,57,33.5,153.0,154.0,147.0,49.5,10.0,Outpatient Monitoring
PAT-20936,2026-03-23,Endocrinology,41,24.9,139.0,182.0,93.0,29.3,11.0,Discharged Full Recovery
PAT-20937,2025-08-18,Endocrinology,32,25.9,135.0,166.0,116.0,31.7,10.0,Discharged Full Recovery
PAT-20938,2025-06-05,Cardiology,62,23.4,137.0,205.0,123.0,47.2,13.0,Outpatient Monitoring
PAT-20939,2026-02-13,Neurology,27,35.7,143.0,159.0,126.0,37.6,7.0,Outpatient Monitoring
PAT-20940,2026-02-01,Neurology,35,36.5,148.0,156.0,130.0,40.8,9.0,Outpatient Monitoring
PAT-20941,2026-02-05,Neurology,37,22.3,133.0,153.0,102.0,21.2,11.0,Discharged Full Recovery
PAT-20942,2025-12-29,General Medicine,23,28.5,132.0,169.0,122.0,33.5,8.0,Discharged Full Recovery
PAT-20943,2025-06-30,Endocrinology,66,35.4,157.0,208.0,123.0,58.1,10.0,Outpatient Monitoring
PAT-20944,2025-09-11,Neurology,71,18.4,155.0,215.0,105.0,52.0,15.0,Outpatient Monitoring
PAT-20945,2025-09-12,Cardiology,64,26.1,154.0,174.0,114.0,42.8,10.0,Outpatient Monitoring
PAT-20946,2026-03-05,General Medicine,30,21.6,138.0,180.0,110.0,35.0,9.0,Outpatient Monitoring
PAT-20947,2025-10-28,Cardiology,79,29.7,159.0,216.0,130.0,64.3,14.0,Extended Hospital Care
PAT-20948,2025-06-29,Endocrinology,65,32.0,159.0,194.0,121.0,54.1,10.0,Outpatient Monitoring
PAT-20949,2025-08-31,Cardiology,43,31.3,153.0,173.0,120.0,44.4,9.0,Outpatient Monitoring
PAT-20950,2025-09-12,Neurology,69,18.8,145.0,201.0,97.0,39.6,10.0,Outpatient Monitoring
PAT-20951,2025-08-06,Endocrinology,84,23.7,153.0,187.0,128.0,51.8,8.0,Outpatient Monitoring
PAT-20952,2026-01-28,General Medicine,51,30.3,145.0,188.0,120.0,44.9,10.0,Outpatient Monitoring
PAT-20953,2025-08-16,Cardiology,40,38.8,132.0,172.0,126.0,36.0,8.0,Outpatient Monitoring
PAT-20954,2025-12-08,General Medicine,65,24.7,152.0,179.0,108.0,40.9,16.0,Outpatient Monitoring
PAT-20955,2025-09-20,Endocrinology,26,29.9,128.0,176.0,129.0,36.4,7.0,Outpatient Monitoring
PAT-20956,2025-06-17,Neurology,80,17.1,137.0,227.0,115.0,50.6,13.0,Outpatient Monitoring
PAT-20957,2025-07-08,Cardiology,70,25.8,137.0,193.0,144.0,52.0,11.0,Outpatient Monitoring
PAT-20958,2025-06-22,Neurology,77,22.1,154.0,224.0,96.0,50.6,10.0,Outpatient Monitoring
PAT-20959,2025-09-11,Endocrinology,47,31.1,145.0,151.0,116.0,32.2,11.0,Discharged Full Recovery
PAT-20960,2025-06-22,General Medicine,43,33.3,126.0,176.0,145.0,41.8,9.0,Outpatient Monitoring
PAT-20961,2025-06-14,Endocrinology,45,19.4,130.0,195.0,81.0,23.9,8.0,Discharged Full Recovery
PAT-20962,2025-12-26,General Medicine,74,28.7,162.0,183.0,118.0,51.1,13.0,Outpatient Monitoring
PAT-20963,2025-11-07,Cardiology,45,24.3,149.0,204.0,117.0,50.5,12.0,Outpatient Monitoring
PAT-20964,2025-09-21,Cardiology,80,37.7,150.0,207.0,135.0,59.1,11.0,Outpatient Monitoring
PAT-20965,2025-10-28,Endocrinology,30,27.5,134.0,181.0,150.0,49.3,8.0,Outpatient Monitoring
PAT-20966,2026-03-14,General Medicine,67,26.7,151.0,200.0,96.0,41.9,12.0,Outpatient Monitoring
PAT-20967,2025-11-02,General Medicine,71,24.9,151.0,186.0,127.0,50.1,11.0,Outpatient Monitoring
PAT-20968,2026-01-31,Cardiology,36,25.0,128.0,160.0,109.0,23.6,9.0,Discharged Full Recovery
PAT-20969,2026-01-18,Neurology,51,27.8,133.0,224.0,136.0,56.1,10.0,Outpatient Monitoring
PAT-20970,2025-06-11,General Medicine,25,23.6,137.0,199.0,117.0,43.0,15.0,Outpatient Monitoring
PAT-20971,2026-02-20,Cardiology,33,25.9,140.0,201.0,111.0,42.7,11.0,Outpatient Monitoring
PAT-20972,2025-08-13,General Medicine,57,22.3,143.0,199.0,100.0,39.2,12.0,Outpatient Monitoring
PAT-20973,2025-11-10,Neurology,84,23.5,131.0,249.0,119.0,55.8,13.0,Outpatient Monitoring
PAT-20974,2025-11-26,Cardiology,37,28.5,149.0,173.0,131.0,46.8,12.0,Outpatient Monitoring
PAT-20975,2025-09-06,Neurology,57,20.8,148.0,194.0,88.0,35.4,11.0,Outpatient Monitoring
PAT-20976,2025-07-24,Neurology,51,30.9,140.0,172.0,126.0,40.0,12.0,Outpatient Monitoring
PAT-20977,2025-07-22,Cardiology,69,27.4,153.0,236.0,114.0,60.9,12.0,Extended Hospital Care
PAT-20978,2025-11-30,Neurology,74,25.0,145.0,225.0,112.0,52.8,11.0,Outpatient Monitoring
PAT-20979,2025-06-17,Endocrinology,65,31.5,157.0,200.0,107.0,49.3,11.0,Outpatient Monitoring
PAT-20980,2025-06-27,Endocrinology,46,29.6,141.0,195.0,97.0,35.8,9.0,Outpatient Monitoring
PAT-20981,2025-10-01,Cardiology,38,27.1,134.0,184.0,113.0,35.4,7.0,Outpatient Monitoring
PAT-20982,2025-06-21,Cardiology,61,33.1,148.0,192.0,128.0,50.8,9.0,Outpatient Monitoring
PAT-20983,2025-06-18,Cardiology,44,14.8,114.0,152.0,89.0,6.2,9.0,Discharged Full Recovery
PAT-20984,2026-03-26,Endocrinology,67,32.1,154.0,190.0,133.0,55.2,14.0,Outpatient Monitoring
PAT-20985,2026-02-12,General Medicine,47,25.9,149.0,167.0,125.0,42.6,9.0,Outpatient Monitoring
PAT-20986,2026-02-21,Cardiology,44,32.6,146.0,204.0,100.0,42.2,12.0,Outpatient Monitoring
PAT-20987,2025-06-08,Neurology,20,23.2,120.0,168.0,97.0,17.2,8.0,Discharged Full Recovery
PAT-20988,2025-06-14,Neurology,64,23.3,140.0,213.0,133.0,55.1,9.0,Outpatient Monitoring
PAT-20989,2025-08-10,Endocrinology,31,26.7,147.0,224.0,110.0,52.7,8.0,Outpatient Monitoring
PAT-20990,2025-09-16,Cardiology,20,34.2,133.0,179.0,141.0,44.6,6.0,Outpatient Monitoring
PAT-20991,2025-11-21,Cardiology,73,24.7,141.0,201.0,141.0,55.2,12.0,Outpatient Monitoring
PAT-20992,2025-07-05,General Medicine,47,25.2,140.0,162.0,128.0,37.8,12.0,Outpatient Monitoring
PAT-20993,2025-06-11,General Medicine,64,30.8,145.0,223.0,132.0,60.2,10.0,Extended Hospital Care
PAT-20994,2025-12-29,Endocrinology,34,27.6,139.0,164.0,140.0,42.7,12.0,Outpatient Monitoring
PAT-20995,2025-10-10,Cardiology,31,33.5,142.0,147.0,128.0,34.3,12.0,Discharged Full Recovery
PAT-20996,2025-08-01,Endocrinology,84,20.6,142.0,195.0,111.0,41.9,12.0,Outpatient Monitoring
PAT-20997,2025-06-01,Endocrinology,68,24.0,141.0,200.0,100.0,38.5,10.0,Outpatient Monitoring
PAT-20998,2026-02-09,Endocrinology,70,27.0,149.0,209.0,86.0,39.6,16.0,Outpatient Monitoring
PAT-20999,2026-03-03,General Medicine,23,29.9,130.0,156.0,130.0,31.8,7.0,Discharged Full Recovery
PAT-21000,2025-07-07,Cardiology,62,30.9,151.0,191.0,130.0,52.8,14.0,Outpatient Monitoring
PAT-21001,2025-09-01,General Medicine,71,24.2,153.0,207.0,120.0,54.6,14.0,Outpatient Monitoring
PAT-21002,2025-10-30,Neurology,46,29.2,134.0,213.0,139.0,54.5,11.0,Outpatient Monitoring
PAT-21003,2025-10-27,Cardiology,39,25.2,134.0,179.0,149.0,48.3,11.0,Outpatient Monitoring
PAT-21004,2026-02-02,Endocrinology,46,28.9,135.0,152.0,117.0,27.9,13.0,Discharged Full Recovery
PAT-21005,2025-11-28,General Medicine,84,26.2,146.0,241.0,143.0,70.5,13.0,Extended Hospital Care
PAT-21006,2025-06-02,Cardiology,43,28.1,143.0,164.0,140.0,44.7,10.0,Outpatient Monitoring
PAT-21007,2026-01-23,Endocrinology,63,30.3,151.0,181.0,133.0,51.0,14.0,Outpatient Monitoring
PAT-21008,2025-08-12,Neurology,31,34.8,137.0,173.0,125.0,38.4,11.0,Outpatient Monitoring
PAT-21009,2025-08-17,Neurology,66,26.1,146.0,228.0,117.0,56.2,15.0,Outpatient Monitoring
PAT-21010,2025-09-19,Neurology,40,31.4,146.0,196.0,137.0,54.6,7.0,Outpatient Monitoring
PAT-21011,2025-07-03,Neurology,25,25.2,128.0,173.0,90.0,19.9,6.0,Discharged Full Recovery
PAT-21012,2026-01-11,General Medicine,76,37.3,149.0,216.0,130.0,59.3,11.0,Outpatient Monitoring
PAT-21013,2025-11-07,Neurology,69,18.3,138.0,220.0,99.0,42.6,6.0,Outpatient Monitoring
PAT-21014,2026-03-26,Neurology,20,25.3,134.0,161.0,107.0,26.1,8.0,Discharged Full Recovery
PAT-21015,2025-07-27,Cardiology,47,28.6,151.0,150.0,115.0,34.5,10.0,Discharged Full Recovery
PAT-21016,2026-01-08,Endocrinology,84,30.7,169.0,251.0,107.0,70.6,14.0,Extended Hospital Care
PAT-21017,2025-06-26,Endocrinology,28,25.7,134.0,175.0,99.0,27.1,10.0,Discharged Full Recovery
PAT-21018,2025-11-07,Endocrinology,73,25.4,146.0,189.0,134.0,51.3,10.0,Outpatient Monitoring
PAT-21019,2026-03-07,Cardiology,72,33.7,156.0,175.0,156.0,60.9,9.0,Extended Hospital Care
PAT-21020,2025-06-03,Neurology,68,26.8,139.0,193.0,123.0,44.6,12.0,Outpatient Monitoring
PAT-21021,2025-11-16,Cardiology,41,22.7,123.0,157.0,146.0,35.0,7.0,Outpatient Monitoring
PAT-21022,2025-11-02,Cardiology,44,20.1,134.0,175.0,107.0,30.3,8.0,Discharged Full Recovery
PAT-21023,2025-08-03,Neurology,34,22.5,132.0,180.0,116.0,34.4,5.0,Discharged Full Recovery
PAT-21024,2026-02-25,Endocrinology,39,29.2,137.0,167.0,119.0,34.2,9.0,Discharged Full Recovery
PAT-21025,2025-09-18,Cardiology,34,33.0,131.0,164.0,131.0,35.1,9.0,Outpatient Monitoring
PAT-21026,2025-07-23,Cardiology,35,34.1,145.0,160.0,131.0,40.9,10.0,Outpatient Monitoring
PAT-21027,2026-02-02,Endocrinology,37,33.6,126.0,186.0,134.0,40.4,9.0,Outpatient Monitoring
PAT-21028,2025-08-03,Endocrinology,42,25.0,133.0,163.0,125.0,33.4,7.0,Discharged Full Recovery
PAT-21029,2026-02-21,Endocrinology,69,33.9,157.0,202.0,130.0,59.1,13.0,Outpatient Monitoring
PAT-21030,2026-03-03,Endocrinology,37,28.8,138.0,183.0,117.0,38.7,8.0,Outpatient Monitoring
PAT-21031,2025-08-04,Neurology,53,31.7,146.0,185.0,140.0,52.5,9.0,Outpatient Monitoring
PAT-21032,2026-03-27,Neurology,31,23.3,145.0,171.0,97.0,30.6,8.0,Discharged Full Recovery
PAT-21033,2026-01-30,Cardiology,84,23.4,136.0,219.0,118.0,48.9,11.0,Outpatient Monitoring
PAT-21034,2025-11-07,General Medicine,40,23.1,134.0,200.0,112.0,39.8,8.0,Outpatient Monitoring
PAT-21035,2025-12-07,Neurology,25,26.1,126.0,214.0,129.0,46.8,8.0,Outpatient Monitoring
PAT-21036,2025-06-09,Endocrinology,42,37.5,136.0,175.0,117.0,35.3,9.0,Outpatient Monitoring
PAT-21037,2026-02-22,Cardiology,52,29.5,141.0,205.0,127.0,50.8,12.0,Outpatient Monitoring
PAT-21038,2026-02-09,Cardiology,50,19.1,120.0,196.0,118.0,34.0,9.0,Discharged Full Recovery
PAT-21039,2025-08-16,Endocrinology,80,29.3,149.0,234.0,140.0,68.7,14.0,Extended Hospital Care
PAT-21040,2026-03-01,General Medicine,53,35.3,135.0,182.0,126.0,40.5,11.0,Outpatient Monitoring
PAT-21041,2025-06-29,Endocrinology,36,34.1,141.0,177.0,96.0,30.0,12.0,Discharged Full Recovery
PAT-21042,2025-09-12,Endocrinology,83,35.8,154.0,187.0,136.0,55.5,13.0,Outpatient Monitoring
PAT-21043,2026-02-07,Neurology,61,30.0,156.0,177.0,113.0,44.3,11.0,Outpatient Monitoring
PAT-21044,2025-08-05,Endocrinology,37,26.3,147.0,216.0,110.0,50.3,11.0,Outpatient Monitoring
PAT-21045,2025-09-19,Endocrinology,22,32.9,136.0,172.0,119.0,35.2,9.0,Outpatient Monitoring
PAT-21046,2025-10-13,Endocrinology,45,21.3,138.0,143.0,96.0,18.3,11.0,Discharged Full Recovery
PAT-21047,2025-09-25,General Medicine,78,26.4,153.0,198.0,117.0,50.7,14.0,Outpatient Monitoring
PAT-21048,2025-11-22,Endocrinology,21,26.2,133.0,182.0,111.0,33.5,11.0,Discharged Full Recovery
PAT-21049,2026-02-26,General Medicine,50,27.9,151.0,192.0,104.0,42.7,14.0,Outpatient Monitoring
PAT-21050,2025-09-14,General Medicine,81,27.4,154.0,209.0,100.0,47.7,11.0,Outpatient Monitoring
PAT-21051,2025-08-28,Neurology,81,29.7,153.0,176.0,119.0,44.9,16.0,Outpatient Monitoring
PAT-21052,2025-07-15,General Medicine,31,25.2,134.0,168.0,99.0,25.0,9.0,Discharged Full Recovery
PAT-21053,2025-10-01,General Medicine,42,26.9,145.0,153.0,151.0,46.8,11.0,Outpatient Monitoring
PAT-21054,2025-08-11,Neurology,26,27.4,137.0,222.0,110.0,47.1,7.0,Outpatient Monitoring
PAT-21055,2025-08-19,Cardiology,57,26.2,150.0,214.0,137.0,62.0,8.0,Extended Hospital Care
PAT-21056,2025-09-24,General Medicine,34,19.7,120.0,168.0,120.0,26.4,8.0,Discharged Full Recovery
PAT-21057,2025-06-24,Neurology,71,37.9,155.0,179.0,151.0,59.6,14.0,Outpatient Monitoring
PAT-21058,2025-07-09,General Medicine,43,27.7,134.0,185.0,135.0,44.5,10.0,Outpatient Monitoring
PAT-21059,2025-06-15,Neurology,71,19.9,131.0,215.0,117.0,44.8,13.0,Outpatient Monitoring
PAT-21060,2026-01-24,Cardiology,44,18.2,141.0,186.0,113.0,39.5,14.0,Outpatient Monitoring
PAT-21061,2026-01-07,Endocrinology,55,30.2,141.0,212.0,112.0,46.9,9.0,Outpatient Monitoring
PAT-21062,2025-07-16,Endocrinology,45,23.4,130.0,206.0,115.0,40.8,10.0,Outpatient Monitoring
PAT-21063,2025-07-18,Endocrinology,64,31.7,154.0,215.0,133.0,62.7,13.0,Extended Hospital Care
PAT-21064,2026-03-16,Endocrinology,48,30.1,133.0,221.0,112.0,45.6,7.0,Outpatient Monitoring
PAT-21065,2025-10-09,Endocrinology,66,35.4,154.0,177.0,138.0,53.3,14.0,Outpatient Monitoring
PAT-21066,2025-12-01,Endocrinology,60,29.4,141.0,176.0,119.0,38.9,11.0,Outpatient Monitoring
PAT-21067,2026-01-01,Neurology,75,28.4,142.0,264.0,133.0,71.4,11.0,Extended Hospital Care
PAT-21068,2025-11-11,Endocrinology,34,34.1,134.0,158.0,117.0,29.2,8.0,Discharged Full Recovery
PAT-21069,2025-08-26,General Medicine,54,27.9,150.0,201.0,94.0,40.9,7.0,Outpatient Monitoring
PAT-21070,2026-03-16,Endocrinology,77,25.8,148.0,237.0,112.0,57.9,15.0,Outpatient Monitoring
PAT-21071,2026-03-24,General Medicine,31,23.1,130.0,195.0,84.0,25.1,8.0,Discharged Full Recovery
PAT-21072,2026-02-20,Cardiology,59,19.0,143.0,181.0,123.0,43.0,8.0,Outpatient Monitoring
PAT-21073,2025-09-08,Neurology,81,25.8,158.0,218.0,132.0,65.2,15.0,Extended Hospital Care
PAT-21074,2025-12-05,Neurology,74,26.2,147.0,227.0,109.0,53.2,11.0,Outpatient Monitoring
PAT-21075,2026-02-08,Cardiology,39,29.7,145.0,174.0,101.0,33.1,13.0,Discharged Full Recovery
PAT-21076,2025-10-01,Neurology,68,25.2,144.0,205.0,110.0,45.5,14.0,Outpatient Monitoring
PAT-21077,2026-02-28,Endocrinology,78,28.3,143.0,198.0,123.0,48.1,15.0,Outpatient Monitoring
PAT-21078,2026-03-19,Cardiology,40,25.8,142.0,204.0,97.0,39.0,9.0,Outpatient Monitoring
PAT-21079,2025-11-06,Cardiology,51,22.6,136.0,141.0,103.0,19.5,9.0,Discharged Full Recovery
PAT-21080,2025-10-15,General Medicine,55,19.9,137.0,151.0,104.0,23.4,14.0,Discharged Full Recovery
PAT-21081,2026-01-29,Endocrinology,68,20.0,148.0,226.0,117.0,56.6,8.0,Outpatient Monitoring
PAT-21082,2025-07-01,Neurology,23,20.1,119.0,197.0,88.0,21.8,9.0,Discharged Full Recovery
PAT-21083,2025-08-29,Neurology,46,30.3,145.0,176.0,122.0,42.1,11.0,Outpatient Monitoring
PAT-21084,2025-09-27,General Medicine,51,36.5,150.0,202.0,124.0,53.2,8.0,Outpatient Monitoring
PAT-21085,2026-01-31,General Medicine,72,30.3,156.0,183.0,139.0,56.5,12.0,Outpatient Monitoring
PAT-21086,2026-01-10,General Medicine,56,29.8,145.0,209.0,139.0,58.8,13.0,Outpatient Monitoring
PAT-21087,2025-08-08,Neurology,50,29.0,147.0,166.0,101.0,31.7,11.0,Discharged Full Recovery
PAT-21088,2025-11-25,Cardiology,63,19.3,128.0,200.0,83.0,25.2,13.0,Discharged Full Recovery
PAT-21089,2026-01-16,Cardiology,52,26.8,142.0,189.0,99.0,35.3,11.0,Outpatient Monitoring
PAT-21090,2026-01-15,Cardiology,79,29.6,159.0,229.0,115.0,62.2,12.0,Extended Hospital Care
PAT-21091,2025-11-13,General Medicine,48,25.5,138.0,170.0,156.0,50.4,9.0,Outpatient Monitoring
PAT-21092,2025-11-22,Cardiology,62,24.3,160.0,165.0,101.0,37.9,12.0,Outpatient Monitoring
PAT-21093,2026-02-18,Endocrinology,38,29.9,124.0,185.0,144.0,43.1,8.0,Outpatient Monitoring
PAT-21094,2025-11-10,Endocrinology,84,30.9,157.0,201.0,144.0,64.4,14.0,Extended Hospital Care
PAT-21095,2025-08-26,General Medicine,72,32.1,167.0,195.0,143.0,67.2,11.0,Extended Hospital Care
PAT-21096,2025-08-27,Cardiology,21,22.7,130.0,173.0,125.0,34.9,8.0,Discharged Full Recovery
PAT-21097,2025-09-17,Endocrinology,60,24.2,147.0,200.0,97.0,40.3,10.0,Outpatient Monitoring
PAT-21098,2025-06-05,Endocrinology,37,20.8,123.0,193.0,96.0,25.8,7.0,Discharged Full Recovery
PAT-21099,2026-01-27,Endocrinology,70,28.5,144.0,185.0,104.0,37.1,8.0,Outpatient Monitoring
PAT-21100,2025-09-19,Cardiology,26,23.9,127.0,136.0,97.0,11.1,8.0,Discharged Full Recovery
PAT-21101,2025-08-08,General Medicine,43,32.0,123.0,210.0,118.0,39.7,12.0,Outpatient Monitoring
PAT-21102,2025-10-20,Endocrinology,60,28.4,153.0,220.0,138.0,65.7,13.0,Extended Hospital Care
PAT-21103,2025-07-03,Endocrinology,74,27.2,146.0,216.0,104.0,47.4,11.0,Outpatient Monitoring
PAT-21104,2026-01-08,Neurology,25,23.4,133.0,186.0,140.0,46.3,10.0,Outpatient Monitoring
PAT-21105,2025-10-01,Cardiology,43,30.9,156.0,199.0,134.0,59.3,12.0,Outpatient Monitoring
PAT-21106,2025-09-17,Endocrinology,23,25.6,121.0,163.0,115.0,23.4,8.0,Discharged Full Recovery
PAT-21107,2026-03-25,Cardiology,68,28.4,141.0,209.0,147.0,60.0,11.0,Extended Hospital Care
PAT-21108,2025-07-30,Cardiology,48,22.5,149.0,193.0,85.0,34.4,13.0,Discharged Full Recovery
PAT-21109,2025-07-16,General Medicine,22,24.7,129.0,151.0,130.0,29.8,9.0,Discharged Full Recovery
PAT-21110,2025-10-11,Endocrinology,40,25.8,141.0,147.0,128.0,33.8,11.0,Discharged Full Recovery
PAT-21111,2025-07-06,Cardiology,31,27.5,123.0,166.0,121.0,27.7,9.0,Discharged Full Recovery
PAT-21112,2025-10-31,Endocrinology,28,21.8,128.0,158.0,95.0,17.4,6.0,Discharged Full Recovery
PAT-21113,2025-06-22,Neurology,48,23.1,136.0,145.0,120.0,27.5,13.0,Discharged Full Recovery
PAT-21114,2025-09-30,Endocrinology,62,26.8,149.0,188.0,105.0,40.9,12.0,Outpatient Monitoring
PAT-21115,2025-08-08,Cardiology,60,31.9,147.0,202.0,110.0,46.1,13.0,Outpatient Monitoring
PAT-21116,2025-07-15,Cardiology,77,30.3,155.0,197.0,140.0,60.6,12.0,Extended Hospital Care
PAT-21117,2025-12-02,Cardiology,31,33.8,137.0,222.0,137.0,57.9,11.0,Outpatient Monitoring
PAT-21118,2025-10-30,Endocrinology,46,22.1,132.0,166.0,108.0,27.0,12.0,Discharged Full Recovery
PAT-21119,2026-03-01,Cardiology,45,25.7,146.0,188.0,131.0,49.8,12.0,Outpatient Monitoring
PAT-21120,2025-07-23,Endocrinology,46,17.7,122.0,172.0,107.0,23.4,9.0,Discharged Full Recovery
PAT-21121,2025-08-26,Endocrinology,75,25.3,169.0,221.0,110.0,62.8,11.0,Extended Hospital Care
PAT-21122,2025-09-07,Cardiology,33,38.8,145.0,178.0,127.0,44.7,5.0,Outpatient Monitoring
PAT-21123,2025-12-30,General Medicine,81,31.7,154.0,176.0,150.0,57.8,11.0,Outpatient Monitoring
PAT-21124,2025-08-17,Cardiology,84,23.5,170.0,188.0,111.0,53.8,15.0,Outpatient Monitoring
PAT-21125,2025-09-09,Cardiology,71,27.8,155.0,200.0,115.0,51.5,9.0,Outpatient Monitoring
PAT-21126,2025-11-22,Endocrinology,31,28.6,123.0,179.0,111.0,27.6,9.0,Discharged Full Recovery
PAT-21127,2025-08-08,General Medicine,78,31.7,142.0,252.0,126.0,65.0,11.0,Extended Hospital Care
PAT-21128,2026-03-25,Cardiology,82,36.0,168.0,220.0,148.0,77.2,13.0,Extended Hospital Care
PAT-21129,2026-03-19,Cardiology,50,30.7,151.0,191.0,129.0,52.4,14.0,Outpatient Monitoring
PAT-21130,2025-10-28,Neurology,45,28.2,149.0,175.0,104.0,36.6,9.0,Outpatient Monitoring
PAT-21131,2025-07-11,Neurology,81,25.7,140.0,193.0,145.0,53.9,9.0,Outpatient Monitoring
PAT-21132,2025-11-14,General Medicine,20,32.4,123.0,169.0,110.0,24.2,10.0,Discharged Full Recovery
PAT-21133,2025-09-25,Cardiology,62,16.6,116.0,179.0,93.0,16.9,11.0,Discharged Full Recovery
PAT-21134,2025-11-06,Endocrinology,60,29.4,144.0,207.0,118.0,49.3,12.0,Outpatient Monitoring
PAT-21135,2025-11-23,Endocrinology,25,28.7,131.0,216.0,135.0,52.3,9.0,Outpatient Monitoring
PAT-21136,2025-12-22,Cardiology,42,29.0,142.0,190.0,130.0,48.0,10.0,Outpatient Monitoring
PAT-21137,2025-06-14,Endocrinology,42,25.8,136.0,191.0,146.0,51.7,8.0,Outpatient Monitoring
PAT-21138,2025-07-09,Endocrinology,76,23.8,144.0,190.0,100.0,37.0,11.0,Outpatient Monitoring
PAT-21139,2025-07-22,Endocrinology,53,21.1,139.0,180.0,128.0,42.7,10.0,Outpatient Monitoring
PAT-21140,2025-08-05,Cardiology,28,25.1,136.0,146.0,116.0,26.2,13.0,Discharged Full Recovery
PAT-21141,2025-08-26,Endocrinology,27,25.8,133.0,143.0,132.0,30.2,4.0,Discharged Full Recovery
PAT-21142,2025-06-17,Neurology,26,27.1,138.0,174.0,123.0,38.4,8.0,Outpatient Monitoring
PAT-21143,2025-10-02,Cardiology,56,20.2,136.0,199.0,100.0,35.7,9.0,Outpatient Monitoring
PAT-21144,2026-01-18,Cardiology,36,26.5,153.0,187.0,143.0,57.8,8.0,Outpatient Monitoring
PAT-21145,2026-02-13,Cardiology,54,30.0,158.0,199.0,146.0,65.1,13.0,Extended Hospital Care
PAT-21146,2025-07-25,Neurology,50,26.9,148.0,207.0,131.0,56.5,8.0,Outpatient Monitoring
PAT-21147,2025-08-20,Cardiology,76,31.7,154.0,183.0,97.0,38.7,11.0,Outpatient Monitoring
PAT-21148,2026-03-02,Cardiology,81,21.3,155.0,225.0,90.0,49.0,12.0,Outpatient Monitoring
PAT-21149,2025-11-17,Neurology,32,36.7,151.0,154.0,124.0,39.3,11.0,Outpatient Monitoring
PAT-21150,2025-11-08,Cardiology,46,24.6,131.0,177.0,119.0,34.2,9.0,Discharged Full Recovery
PAT-21151,2025-06-26,Cardiology,81,30.5,152.0,190.0,116.0,47.4,14.0,Outpatient Monitoring
PAT-21152,2025-09-25,General Medicine,36,28.3,127.0,173.0,140.0,39.4,2.0,Outpatient Monitoring
PAT-21153,2025-11-06,Endocrinology,70,34.3,165.0,198.0,115.0,55.9,14.0,Outpatient Monitoring
PAT-21154,2026-02-10,Endocrinology,51,29.3,150.0,157.0,149.0,49.7,12.0,Outpatient Monitoring
PAT-21155,2025-06-19,Endocrinology,78,33.0,159.0,214.0,92.0,48.5,14.0,Outpatient Monitoring
PAT-21156,2025-12-01,Endocrinology,82,29.4,167.0,168.0,132.0,54.7,14.0,Outpatient Monitoring
PAT-21157,2026-03-02,Cardiology,60,36.6,153.0,197.0,141.0,60.0,12.0,Extended Hospital Care
PAT-21158,2026-02-19,Cardiology,81,28.7,162.0,193.0,141.0,63.3,13.0,Extended Hospital Care
PAT-21159,2026-02-20,Endocrinology,76,27.9,133.0,204.0,117.0,42.5,10.0,Outpatient Monitoring
PAT-21160,2025-10-04,Neurology,60,17.9,146.0,182.0,123.0,44.8,7.0,Outpatient Monitoring
PAT-21161,2025-08-23,Neurology,62,23.9,144.0,191.0,120.0,45.3,12.0,Outpatient Monitoring
PAT-21162,2025-06-17,Neurology,29,35.2,127.0,188.0,134.0,41.5,6.0,Outpatient Monitoring
PAT-21163,2026-02-11,Cardiology,74,21.7,150.0,231.0,84.0,45.9,16.0,Outpatient Monitoring
PAT-21164,2025-09-28,Cardiology,84,16.3,147.0,181.0,100.0,35.8,14.0,Outpatient Monitoring
PAT-21165,2025-08-27,Cardiology,30,25.7,115.0,173.0,127.0,28.2,10.0,Discharged Full Recovery
PAT-21166,2025-08-04,General Medicine,29,26.5,135.0,177.0,123.0,37.8,9.0,Outpatient Monitoring
PAT-21167,2025-10-17,Endocrinology,59,35.6,144.0,215.0,121.0,52.9,13.0,Outpatient Monitoring
PAT-21168,2025-08-22,General Medicine,28,22.5,125.0,176.0,110.0,27.3,12.0,Discharged Full Recovery
PAT-21169,2025-07-15,Cardiology,40,32.0,143.0,156.0,121.0,34.7,10.0,Discharged Full Recovery
PAT-21170,2025-09-12,Neurology,53,24.3,139.0,192.0,145.0,53.1,7.0,Outpatient Monitoring
PAT-21171,2026-02-03,General Medicine,72,28.6,157.0,192.0,133.0,57.3,12.0,Outpatient Monitoring
PAT-21172,2025-06-17,General Medicine,55,24.6,141.0,184.0,116.0,40.1,11.0,Outpatient Monitoring
PAT-21173,2025-07-28,Neurology,43,22.6,135.0,148.0,102.0,20.7,12.0,Discharged Full Recovery
PAT-21174,2025-07-29,Neurology,58,13.1,135.0,161.0,109.0,27.4,7.0,Discharged Full Recovery
PAT-21175,2025-08-22,Cardiology,73,34.0,150.0,233.0,129.0,64.5,11.0,Extended Hospital Care
PAT-21176,2025-11-07,Cardiology,69,30.5,150.0,218.0,114.0,54.0,12.0,Outpatient Monitoring
PAT-21177,2025-08-25,General Medicine,53,26.1,141.0,170.0,126.0,39.9,9.0,Outpatient Monitoring
PAT-21178,2025-12-29,General Medicine,78,22.9,151.0,225.0,106.0,53.4,13.0,Outpatient Monitoring
PAT-21179,2026-02-12,Endocrinology,36,36.2,135.0,178.0,132.0,41.7,11.0,Outpatient Monitoring
PAT-21180,2025-11-12,Neurology,65,28.4,159.0,221.0,121.0,62.2,13.0,Extended Hospital Care
PAT-21181,2026-02-19,Neurology,23,28.4,134.0,147.0,109.0,22.7,5.0,Discharged Full Recovery
PAT-21182,2026-02-22,Cardiology,73,28.6,151.0,219.0,135.0,63.2,10.0,Extended Hospital Care
PAT-21183,2025-09-24,Cardiology,75,35.2,176.0,219.0,95.0,59.7,13.0,Outpatient Monitoring
PAT-21184,2026-02-07,Neurology,74,33.1,145.0,200.0,135.0,54.5,13.0,Outpatient Monitoring
PAT-21185,2025-10-02,Endocrinology,64,28.7,141.0,201.0,115.0,44.8,11.0,Outpatient Monitoring
PAT-21186,2026-01-25,General Medicine,43,26.4,133.0,206.0,110.0,40.3,12.0,Outpatient Monitoring
PAT-21187,2025-12-24,Neurology,52,30.8,145.0,202.0,119.0,48.7,7.0,Outpatient Monitoring
PAT-21188,2025-10-10,Endocrinology,41,26.1,138.0,199.0,130.0,48.7,8.0,Outpatient Monitoring
PAT-21189,2026-03-08,Cardiology,61,33.5,145.0,196.0,127.0,50.1,10.0,Outpatient Monitoring
PAT-21190,2025-08-06,General Medicine,75,24.7,163.0,224.0,115.0,62.7,16.0,Extended Hospital Care
PAT-21191,2025-10-14,Cardiology,64,26.2,140.0,181.0,130.0,44.3,11.0,Outpatient Monitoring
PAT-21192,2026-01-11,Cardiology,30,27.0,130.0,178.0,116.0,32.8,10.0,Discharged Full Recovery
PAT-21193,2025-06-27,Endocrinology,26,33.6,129.0,184.0,105.0,29.7,9.0,Discharged Full Recovery
PAT-21194,2026-01-28,Neurology,65,24.3,154.0,214.0,138.0,64.4,11.0,Extended Hospital Care
PAT-21195,2026-01-05,Neurology,28,33.3,147.0,215.0,141.0,62.4,14.0,Extended Hospital Care
PAT-21196,2026-02-22,General Medicine,69,38.7,163.0,202.0,132.0,62.9,12.0,Extended Hospital Care
PAT-21197,2025-06-25,General Medicine,73,22.6,155.0,180.0,135.0,53.5,14.0,Outpatient Monitoring
PAT-21198,2025-08-31,Endocrinology,47,31.8,144.0,233.0,159.0,73.5,12.0,Extended Hospital Care
PAT-21199,2025-06-11,General Medicine,58,25.3,151.0,196.0,80.0,34.3,11.0,Discharged Full Recovery
PAT-21200,2025-08-30,Endocrinology,33,31.4,143.0,152.0,96.0,23.5,9.0,Discharged Full Recovery
PAT-21201,2025-11-14,Endocrinology,75,31.4,148.0,185.0,170.0,65.5,13.0,Extended Hospital Care
PAT-21202,2025-10-29,Neurology,32,29.5,127.0,182.0,112.0,30.9,11.0,Discharged Full Recovery
PAT-21203,2026-02-26,Cardiology,51,28.9,128.0,212.0,128.0,46.8,10.0,Outpatient Monitoring
PAT-21204,2025-08-08,Endocrinology,77,16.7,161.0,166.0,103.0,39.5,14.0,Outpatient Monitoring
PAT-21205,2025-10-24,Cardiology,25,30.4,122.0,154.0,117.0,22.0,8.0,Discharged Full Recovery
PAT-21206,2026-02-08,General Medicine,82,26.7,158.0,263.0,127.0,76.7,12.0,Extended Hospital Care
PAT-21207,2026-02-09,General Medicine,25,27.4,115.0,177.0,100.0,18.6,6.0,Discharged Full Recovery
PAT-21208,2026-02-24,Neurology,32,28.7,131.0,172.0,139.0,40.7,11.0,Outpatient Monitoring
PAT-21209,2025-11-05,Cardiology,33,33.0,135.0,185.0,123.0,40.2,10.0,Outpatient Monitoring
PAT-21210,2025-10-04,General Medicine,66,28.7,153.0,205.0,129.0,57.6,12.0,Outpatient Monitoring
PAT-21211,2025-07-15,General Medicine,67,23.9,148.0,204.0,122.0,52.0,13.0,Outpatient Monitoring
PAT-21212,2025-09-29,Cardiology,74,21.3,142.0,202.0,121.0,48.0,13.0,Outpatient Monitoring
PAT-21213,2026-01-04,Neurology,28,33.0,138.0,188.0,105.0,35.4,7.0,Outpatient Monitoring
PAT-21214,2025-09-02,General Medicine,71,31.6,166.0,213.0,123.0,64.1,15.0,Extended Hospital Care
PAT-21215,2026-02-22,General Medicine,71,27.3,158.0,226.0,125.0,64.8,11.0,Extended Hospital Care
PAT-21216,2025-11-21,Endocrinology,45,23.6,154.0,160.0,113.0,38.2,8.0,Outpatient Monitoring
PAT-21217,2025-08-24,Neurology,46,27.5,137.0,195.0,102.0,35.8,11.0,Outpatient Monitoring
PAT-21218,2025-09-12,General Medicine,67,32.3,147.0,152.0,104.0,28.7,14.0,Discharged Full Recovery
PAT-21219,2025-10-23,General Medicine,54,18.6,116.0,193.0,99.0,23.5,10.0,Discharged Full Recovery
PAT-21220,2026-03-26,Cardiology,78,33.9,155.0,241.0,131.0,70.2,12.0,Extended Hospital Care
PAT-21221,2025-09-24,Neurology,51,22.6,140.0,197.0,116.0,43.5,11.0,Outpatient Monitoring
PAT-21222,2025-10-02,Cardiology,25,28.4,136.0,152.0,116.0,28.0,11.0,Discharged Full Recovery
PAT-21223,2025-07-06,General Medicine,74,30.8,161.0,236.0,130.0,71.3,13.0,Extended Hospital Care
PAT-21224,2025-09-15,Cardiology,70,29.0,136.0,222.0,118.0,49.8,10.0,Outpatient Monitoring
PAT-21225,2025-12-29,General Medicine,43,24.6,141.0,206.0,106.0,42.7,12.0,Outpatient Monitoring
PAT-21226,2025-07-12,Cardiology,37,31.6,143.0,171.0,104.0,32.4,9.0,Discharged Full Recovery
PAT-21227,2025-10-26,Cardiology,35,24.9,126.0,203.0,133.0,45.1,12.0,Outpatient Monitoring
PAT-21228,2026-03-06,Cardiology,22,18.2,129.0,174.0,97.0,23.5,8.0,Discharged Full Recovery
PAT-21229,2025-06-25,Cardiology,32,25.4,126.0,172.0,127.0,33.4,10.0,Discharged Full Recovery
PAT-21230,2025-06-01,Endocrinology,26,24.3,126.0,198.0,93.0,27.6,9.0,Discharged Full Recovery
PAT-21231,2025-09-04,General Medicine,68,30.6,157.0,231.0,114.0,61.4,14.0,Extended Hospital Care
PAT-21232,2025-07-07,Cardiology,23,28.6,129.0,187.0,127.0,39.4,10.0,Outpatient Monitoring
PAT-21233,2026-02-20,Cardiology,62,24.7,158.0,216.0,92.0,48.6,8.0,Outpatient Monitoring
PAT-21234,2026-03-04,Neurology,54,25.2,156.0,179.0,102.0,40.5,9.0,Outpatient Monitoring
PAT-21235,2025-06-03,General Medicine,54,23.3,133.0,214.0,89.0,34.3,8.0,Discharged Full Recovery
PAT-21236,2026-01-03,Endocrinology,43,32.4,140.0,201.0,146.0,56.7,10.0,Outpatient Monitoring
PAT-21237,2025-09-24,Endocrinology,41,28.5,134.0,207.0,106.0,39.5,11.0,Outpatient Monitoring
PAT-21238,2025-12-31,General Medicine,53,30.1,132.0,169.0,104.0,26.3,11.0,Discharged Full Recovery
PAT-21239,2025-09-21,General Medicine,52,21.5,151.0,193.0,104.0,43.0,11.0,Outpatient Monitoring
PAT-21240,2025-11-26,Neurology,84,22.9,158.0,193.0,92.0,41.7,13.0,Outpatient Monitoring
PAT-21241,2026-02-03,General Medicine,67,20.7,141.0,171.0,135.0,43.8,12.0,Outpatient Monitoring
PAT-21242,2026-01-08,Neurology,27,28.8,124.0,178.0,130.0,35.4,8.0,Outpatient Monitoring
PAT-21243,2025-07-26,General Medicine,40,32.6,134.0,146.0,116.0,25.2,8.0,Discharged Full Recovery
PAT-21244,2025-08-29,Neurology,81,32.6,154.0,206.0,146.0,65.2,14.0,Extended Hospital Care
PAT-21245,2025-08-14,General Medicine,38,25.2,127.0,148.0,98.0,15.1,10.0,Discharged Full Recovery
PAT-21246,2025-08-14,Endocrinology,61,21.9,134.0,195.0,119.0,41.1,8.0,Outpatient Monitoring
PAT-21247,2025-10-14,Neurology,52,33.2,148.0,214.0,140.0,62.2,12.0,Extended Hospital Care
PAT-21248,2026-01-12,Cardiology,71,30.8,141.0,197.0,121.0,46.0,12.0,Outpatient Monitoring
PAT-21249,2025-08-27,Endocrinology,28,29.2,139.0,161.0,114.0,31.4,7.0,Discharged Full Recovery
PAT-21250,2026-01-04,Neurology,65,30.0,160.0,200.0,120.0,56.0,10.0,Outpatient Monitoring
PAT-21251,2025-09-09,Endocrinology,30,27.0,138.0,152.0,108.0,25.8,9.0,Discharged Full Recovery
PAT-21252,2026-03-24,Neurology,20,27.2,126.0,167.0,132.0,33.9,7.0,Discharged Full Recovery
PAT-21253,2025-11-19,General Medicine,74,23.9,157.0,156.0,126.0,43.7,13.0,Outpatient Monitoring
PAT-21254,2025-11-08,Cardiology,69,27.6,138.0,183.0,126.0,42.3,15.0,Outpatient Monitoring
PAT-21255,2025-09-24,General Medicine,68,32.1,143.0,203.0,113.0,45.6,9.0,Outpatient Monitoring
PAT-21256,2026-02-28,Cardiology,61,28.5,156.0,170.0,128.0,48.2,14.0,Outpatient Monitoring
PAT-21257,2025-07-30,Cardiology,66,24.7,144.0,222.0,120.0,54.6,8.0,Outpatient Monitoring
PAT-21258,2025-12-16,Cardiology,25,28.7,132.0,167.0,116.0,30.5,6.0,Discharged Full Recovery
PAT-21259,2025-12-15,Cardiology,26,29.7,132.0,198.0,129.0,45.0,12.0,Outpatient Monitoring
PAT-21260,2026-03-22,General Medicine,33,36.7,144.0,203.0,128.0,52.1,8.0,Outpatient Monitoring
PAT-21261,2025-08-10,Neurology,28,20.6,111.0,199.0,104.0,24.8,9.0,Discharged Full Recovery
PAT-21262,2025-12-10,Neurology,64,26.6,153.0,214.0,116.0,55.1,13.0,Outpatient Monitoring
PAT-21263,2026-01-09,General Medicine,84,28.6,162.0,244.0,144.0,79.8,15.0,Extended Hospital Care
PAT-21264,2025-10-21,Neurology,38,25.9,142.0,179.0,109.0,36.3,9.0,Outpatient Monitoring
PAT-21265,2026-02-04,General Medicine,65,25.7,153.0,201.0,139.0,60.4,12.0,Extended Hospital Care
PAT-21266,2025-11-08,Cardiology,39,27.4,132.0,201.0,107.0,37.1,8.0,Outpatient Monitoring
PAT-21267,2025-10-15,Neurology,41,25.1,147.0,185.0,124.0,46.6,11.0,Outpatient Monitoring
PAT-21268,2025-07-21,Cardiology,42,33.8,153.0,150.0,154.0,51.1,13.0,Outpatient Monitoring
PAT-21269,2025-07-28,Neurology,32,17.1,117.0,180.0,102.0,21.3,5.0,Discharged Full Recovery
PAT-21270,2025-10-13,Neurology,51,28.1,154.0,176.0,106.0,40.2,14.0,Outpatient Monitoring
PAT-21271,2025-11-06,Cardiology,22,26.7,141.0,167.0,137.0,43.4,12.0,Outpatient Monitoring
PAT-21272,2026-01-01,Neurology,81,27.9,159.0,246.0,117.0,68.1,10.0,Extended Hospital Care
PAT-21273,2025-06-23,Cardiology,60,21.3,142.0,203.0,120.0,47.9,8.0,Outpatient Monitoring
PAT-21274,2025-09-11,Neurology,61,25.0,144.0,183.0,134.0,48.5,15.0,Outpatient Monitoring
PAT-21275,2025-11-17,Endocrinology,47,22.9,156.0,212.0,107.0,52.4,11.0,Outpatient Monitoring
PAT-21276,2025-08-30,Neurology,34,33.1,142.0,177.0,136.0,46.5,7.0,Outpatient Monitoring
PAT-21277,2026-01-19,Cardiology,76,31.1,167.0,199.0,145.0,69.2,11.0,Extended Hospital Care
PAT-21278,2026-02-07,General Medicine,36,32.3,155.0,173.0,146.0,55.8,7.0,Outpatient Monitoring
PAT-21279,2025-12-03,Cardiology,77,30.3,146.0,196.0,118.0,47.0,15.0,Outpatient Monitoring
PAT-21280,2025-11-01,Neurology,55,28.2,147.0,202.0,96.0,40.5,14.0,Outpatient Monitoring
PAT-21281,2025-09-21,Cardiology,23,29.8,125.0,179.0,121.0,32.6,6.0,Discharged Full Recovery
PAT-21282,2025-09-14,Endocrinology,23,24.8,109.0,187.0,107.0,21.4,9.0,Discharged Full Recovery
PAT-21283,2025-09-01,Neurology,20,25.7,124.0,196.0,101.0,29.2,9.0,Discharged Full Recovery
PAT-21284,2025-12-29,Cardiology,60,30.0,136.0,222.0,140.0,58.6,13.0,Outpatient Monitoring
PAT-21285,2026-02-09,Cardiology,49,37.5,140.0,196.0,131.0,49.2,10.0,Outpatient Monitoring
PAT-21286,2025-11-12,Cardiology,27,29.3,138.0,149.0,127.0,32.5,5.0,Discharged Full Recovery
PAT-21287,2026-03-15,Neurology,72,25.1,144.0,163.0,106.0,31.3,13.0,Discharged Full Recovery
PAT-21288,2025-11-10,Endocrinology,77,29.9,147.0,246.0,92.0,52.1,11.0,Outpatient Monitoring
PAT-21289,2025-12-10,General Medicine,51,25.7,140.0,160.0,149.0,45.6,12.0,Outpatient Monitoring
PAT-21290,2025-10-03,Neurology,20,34.7,125.0,163.0,132.0,32.2,8.0,Discharged Full Recovery
PAT-21291,2025-07-20,Cardiology,47,27.6,142.0,174.0,149.0,50.8,11.0,Outpatient Monitoring
PAT-21292,2025-08-21,Cardiology,75,29.1,146.0,199.0,117.0,47.5,13.0,Outpatient Monitoring
PAT-21293,2025-10-05,General Medicine,26,34.4,144.0,187.0,132.0,48.9,8.0,Outpatient Monitoring
PAT-21294,2026-02-14,General Medicine,24,25.5,149.0,181.0,131.0,49.2,11.0,Outpatient Monitoring
PAT-21295,2026-03-12,Cardiology,33,32.7,145.0,201.0,131.0,53.2,5.0,Outpatient Monitoring
PAT-21296,2025-11-03,Neurology,81,23.7,149.0,202.0,96.0,41.5,15.0,Outpatient Monitoring
PAT-21297,2026-02-22,General Medicine,65,23.4,144.0,167.0,122.0,38.9,10.0,Outpatient Monitoring
PAT-21298,2026-02-17,Cardiology,65,29.5,134.0,172.0,138.0,41.8,10.0,Outpatient Monitoring
PAT-21299,2026-01-03,Cardiology,54,23.6,128.0,157.0,104.0,20.7,10.0,Discharged Full Recovery
PAT-21300,2026-02-10,Endocrinology,55,26.1,129.0,219.0,97.0,37.0,15.0,Outpatient Monitoring
PAT-21301,2025-10-29,Cardiology,35,32.6,128.0,179.0,129.0,37.3,7.0,Outpatient Monitoring
PAT-21302,2025-10-17,General Medicine,69,31.1,147.0,189.0,139.0,53.8,13.0,Outpatient Monitoring
PAT-21303,2025-07-16,Endocrinology,50,30.1,149.0,172.0,127.0,44.9,12.0,Outpatient Monitoring
PAT-21304,2026-03-05,Cardiology,50,30.6,148.0,168.0,143.0,49.6,9.0,Outpatient Monitoring
PAT-21305,2025-06-30,Endocrinology,34,27.1,139.0,175.0,125.0,40.0,6.0,Outpatient Monitoring
PAT-21306,2026-02-12,Endocrinology,57,31.9,159.0,229.0,148.0,75.4,10.0,Extended Hospital Care
PAT-21307,2025-12-18,Cardiology,50,33.7,145.0,206.0,128.0,53.5,11.0,Outpatient Monitoring
PAT-21308,2025-12-17,Cardiology,37,19.9,137.0,191.0,106.0,36.2,10.0,Outpatient Monitoring
PAT-21309,2025-08-21,Endocrinology,75,22.1,141.0,163.0,119.0,35.0,13.0,Outpatient Monitoring
PAT-21310,2025-10-06,Cardiology,76,16.7,137.0,220.0,111.0,46.9,14.0,Outpatient Monitoring
PAT-21311,2026-02-08,Neurology,43,22.5,137.0,163.0,119.0,33.0,10.0,Discharged Full Recovery
PAT-21312,2025-09-12,Neurology,77,32.6,164.0,192.0,150.0,67.6,15.0,Extended Hospital Care
PAT-21313,2026-03-01,General Medicine,29,27.7,123.0,145.0,104.0,14.6,7.0,Discharged Full Recovery
PAT-21314,2025-09-24,Neurology,62,27.1,146.0,199.0,124.0,50.3,12.0,Outpatient Monitoring
PAT-21315,2025-11-22,Cardiology,44,27.8,136.0,191.0,143.0,50.5,6.0,Outpatient Monitoring
PAT-21316,2026-01-01,Neurology,70,27.3,154.0,230.0,131.0,66.4,9.0,Extended Hospital Care
PAT-21317,2025-11-24,Cardiology,64,24.0,136.0,224.0,104.0,44.8,11.0,Outpatient Monitoring
PAT-21318,2026-02-22,Endocrinology,27,18.4,133.0,175.0,96.0,25.4,7.0,Discharged Full Recovery
PAT-21319,2025-08-19,Neurology,46,30.5,147.0,195.0,123.0,49.2,12.0,Outpatient Monitoring
PAT-21320,2025-08-20,Cardiology,33,21.2,119.0,165.0,107.0,19.8,10.0,Discharged Full Recovery
PAT-21321,2025-09-14,Cardiology,53,29.3,145.0,193.0,130.0,50.4,11.0,Outpatient Monitoring
PAT-21322,2026-03-05,Endocrinology,64,30.7,135.0,200.0,134.0,49.1,12.0,Outpatient Monitoring
PAT-21323,2026-03-03,Cardiology,31,34.5,135.0,160.0,143.0,40.7,8.0,Outpatient Monitoring
PAT-21324,2026-03-27,Endocrinology,75,33.3,144.0,199.0,122.0,48.5,10.0,Outpatient Monitoring
PAT-21325,2025-08-04,Endocrinology,84,24.6,171.0,198.0,130.0,64.9,15.0,Extended Hospital Care
PAT-21326,2026-01-20,Cardiology,63,34.7,161.0,202.0,142.0,65.9,9.0,Extended Hospital Care
PAT-21327,2025-12-01,Endocrinology,62,34.4,144.0,158.0,125.0,37.4,14.0,Outpatient Monitoring
PAT-21328,2025-07-15,General Medicine,71,29.8,152.0,270.0,124.0,74.6,13.0,Extended Hospital Care
PAT-21329,2025-11-03,General Medicine,80,32.0,166.0,198.0,133.0,63.6,15.0,Extended Hospital Care
PAT-21330,2025-09-20,General Medicine,52,25.5,141.0,206.0,126.0,50.7,11.0,Outpatient Monitoring
PAT-21331,2025-07-20,Neurology,73,28.1,168.0,205.0,102.0,54.3,10.0,Outpatient Monitoring
PAT-21332,2025-10-03,Endocrinology,82,25.8,147.0,214.0,131.0,58.1,12.0,Outpatient Monitoring
PAT-21333,2026-01-31,Endocrinology,33,17.5,132.0,186.0,99.0,29.4,8.0,Discharged Full Recovery
PAT-21334,2025-08-18,Endocrinology,55,29.5,150.0,185.0,136.0,52.9,7.0,Outpatient Monitoring
PAT-21335,2025-08-30,Cardiology,25,36.2,136.0,170.0,101.0,27.4,6.0,Discharged Full Recovery
PAT-21336,2025-06-27,Neurology,21,27.2,130.0,200.0,98.0,32.2,8.0,Discharged Full Recovery
PAT-21337,2025-07-23,Endocrinology,76,25.0,150.0,183.0,119.0,45.5,13.0,Outpatient Monitoring
PAT-21338,2026-01-17,Endocrinology,81,28.3,160.0,193.0,113.0,51.1,15.0,Outpatient Monitoring
PAT-21339,2026-02-20,Endocrinology,64,27.3,135.0,230.0,97.0,43.3,9.0,Outpatient Monitoring
PAT-21340,2025-07-05,Neurology,25,27.4,127.0,177.0,99.0,24.2,7.0,Discharged Full Recovery
PAT-21341,2025-08-28,Neurology,53,29.6,153.0,196.0,127.0,54.1,12.0,Outpatient Monitoring
PAT-21342,2026-01-05,Endocrinology,28,34.5,140.0,185.0,125.0,43.5,9.0,Outpatient Monitoring
PAT-21343,2025-06-28,Cardiology,77,28.2,150.0,204.0,109.0,47.8,10.0,Outpatient Monitoring
PAT-21344,2025-11-19,Endocrinology,35,27.6,131.0,165.0,143.0,40.2,12.0,Outpatient Monitoring
PAT-21345,2026-01-18,Cardiology,30,24.4,126.0,181.0,133.0,38.5,9.0,Outpatient Monitoring
PAT-21346,2026-02-12,General Medicine,82,21.9,148.0,193.0,140.0,55.9,12.0,Outpatient Monitoring
PAT-21347,2025-10-03,Neurology,52,23.9,139.0,180.0,121.0,39.9,13.0,Outpatient Monitoring
PAT-21348,2026-03-06,Cardiology,75,30.6,161.0,178.0,154.0,63.5,13.0,Extended Hospital Care
PAT-21349,2025-10-18,Cardiology,48,33.7,130.0,172.0,122.0,33.4,12.0,Discharged Full Recovery
PAT-21350,2025-06-08,Cardiology,47,24.9,142.0,213.0,119.0,50.5,11.0,Outpatient Monitoring
PAT-21351,2025-11-09,Cardiology,35,30.8,151.0,190.0,126.0,50.9,10.0,Outpatient Monitoring
PAT-21352,2026-02-10,Neurology,41,27.0,131.0,175.0,138.0,41.2,8.0,Outpatient Monitoring
PAT-21353,2025-09-01,Endocrinology,30,22.4,142.0,192.0,139.0,52.2,10.0,Outpatient Monitoring
PAT-21354,2025-12-10,Neurology,46,31.5,142.0,182.0,128.0,44.8,14.0,Outpatient Monitoring
PAT-21355,2025-12-24,Cardiology,32,32.9,138.0,160.0,108.0,28.2,7.0,Discharged Full Recovery
PAT-21356,2025-08-08,Endocrinology,65,15.8,124.0,201.0,103.0,31.5,9.0,Discharged Full Recovery
PAT-21357,2025-06-06,Neurology,78,33.6,151.0,193.0,122.0,50.2,15.0,Outpatient Monitoring
PAT-21358,2025-12-07,General Medicine,26,20.3,135.0,170.0,131.0,38.9,11.0,Outpatient Monitoring
PAT-21359,2025-12-10,Cardiology,52,27.6,138.0,209.0,109.0,43.3,8.0,Outpatient Monitoring
PAT-21360,2025-12-05,Neurology,20,15.9,135.0,170.0,82.0,19.3,11.0,Discharged Full Recovery
PAT-21361,2025-12-25,Endocrinology,50,19.8,139.0,196.0,123.0,45.5,11.0,Outpatient Monitoring
PAT-21362,2025-06-23,General Medicine,25,22.8,126.0,151.0,82.0,9.1,6.0,Discharged Full Recovery
PAT-21363,2025-12-11,Cardiology,57,31.5,144.0,200.0,108.0,43.2,10.0,Outpatient Monitoring
PAT-21364,2025-07-01,Endocrinology,62,31.3,150.0,196.0,137.0,56.6,12.0,Outpatient Monitoring
PAT-21365,2026-02-11,Cardiology,82,18.0,141.0,194.0,115.0,42.7,12.0,Outpatient Monitoring
PAT-21366,2025-10-12,Neurology,44,28.1,150.0,161.0,118.0,38.5,7.0,Outpatient Monitoring
PAT-21367,2026-03-25,Neurology,67,25.7,141.0,207.0,80.0,32.6,10.0,Discharged Full Recovery
PAT-21368,2025-09-12,General Medicine,32,24.1,124.0,174.0,116.0,28.6,9.0,Discharged Full Recovery
PAT-21369,2025-07-21,General Medicine,56,34.7,141.0,172.0,128.0,41.3,10.0,Outpatient Monitoring
PAT-21370,2025-09-15,Cardiology,50,37.1,168.0,168.0,118.0,49.6,10.0,Outpatient Monitoring
PAT-21371,2025-08-07,General Medicine,64,34.5,157.0,227.0,126.0,65.0,13.0,Extended Hospital Care
PAT-21372,2025-11-19,Endocrinology,74,17.7,139.0,198.0,132.0,49.7,13.0,Outpatient Monitoring
PAT-21373,2025-07-21,Endocrinology,42,20.3,142.0,203.0,124.0,49.5,12.0,Outpatient Monitoring
PAT-21374,2025-11-07,Cardiology,55,25.2,153.0,210.0,118.0,54.7,9.0,Outpatient Monitoring
PAT-21375,2025-12-01,Endocrinology,47,24.3,119.0,191.0,82.0,17.6,14.0,Discharged Full Recovery
PAT-21376,2025-06-13,Endocrinology,71,31.2,163.0,190.0,113.0,51.7,11.0,Outpatient Monitoring
PAT-21377,2025-09-19,Neurology,47,29.5,153.0,202.0,123.0,54.3,10.0,Outpatient Monitoring
PAT-21378,2025-12-19,General Medicine,81,26.6,163.0,184.0,119.0,52.3,12.0,Outpatient Monitoring
PAT-21379,2025-08-21,Cardiology,47,20.5,145.0,169.0,105.0,33.2,11.0,Discharged Full Recovery
PAT-21380,2025-08-11,General Medicine,72,26.6,148.0,227.0,94.0,47.7,15.0,Outpatient Monitoring
PAT-21381,2025-07-23,General Medicine,37,26.2,126.0,170.0,81.0,14.4,8.0,Discharged Full Recovery
PAT-21382,2025-09-03,General Medicine,54,27.2,132.0,160.0,114.0,27.6,12.0,Discharged Full Recovery
PAT-21383,2025-07-24,Neurology,32,23.3,126.0,178.0,115.0,30.4,12.0,Discharged Full Recovery
PAT-21384,2025-08-27,Cardiology,75,33.2,158.0,181.0,120.0,49.3,14.0,Outpatient Monitoring
PAT-21385,2026-01-17,Endocrinology,77,27.1,163.0,190.0,125.0,56.5,14.0,Outpatient Monitoring
PAT-21386,2025-11-20,Neurology,57,18.7,138.0,201.0,107.0,40.1,11.0,Outpatient Monitoring
PAT-21387,2026-03-17,General Medicine,32,15.0,127.0,166.0,119.0,28.9,9.0,Discharged Full Recovery
PAT-21388,2025-09-29,Cardiology,83,21.4,150.0,255.0,128.0,70.7,14.0,Extended Hospital Care
PAT-21389,2025-11-22,Cardiology,62,26.5,144.0,183.0,100.0,34.9,10.0,Discharged Full Recovery
PAT-21390,2025-10-24,General Medicine,82,28.7,152.0,196.0,128.0,54.0,15.0,Outpatient Monitoring
PAT-21391,2025-12-30,Cardiology,20,29.9,143.0,152.0,131.0,37.5,7.0,Outpatient Monitoring
PAT-21392,2026-03-26,Endocrinology,71,23.1,141.0,223.0,101.0,45.8,11.0,Outpatient Monitoring
PAT-21393,2025-12-16,Endocrinology,62,31.5,149.0,162.0,106.0,33.5,15.0,Discharged Full Recovery
PAT-21394,2026-02-18,Cardiology,82,26.8,162.0,207.0,97.0,49.9,14.0,Outpatient Monitoring
PAT-21395,2025-08-25,General Medicine,30,33.9,150.0,172.0,126.0,45.0,11.0,Outpatient Monitoring
PAT-21396,2025-08-31,Cardiology,67,30.1,153.0,220.0,113.0,55.7,13.0,Outpatient Monitoring
PAT-21397,2025-09-05,General Medicine,59,30.0,162.0,239.0,119.0,68.3,13.0,Extended Hospital Care
PAT-21398,2026-03-16,Endocrinology,81,24.0,155.0,220.0,119.0,59.1,14.0,Outpatient Monitoring
PAT-21399,2025-07-16,Neurology,67,27.6,158.0,158.0,99.0,34.0,11.0,Discharged Full Recovery
PAT-21400,2025-07-14,Neurology,68,35.5,146.0,232.0,127.0,61.4,14.0,Extended Hospital Care
PAT-21401,2025-08-01,Cardiology,65,29.6,148.0,216.0,140.0,62.8,13.0,Extended Hospital Care
PAT-21402,2025-12-23,General Medicine,51,31.0,139.0,194.0,122.0,44.5,8.0,Outpatient Monitoring
PAT-21403,2025-11-12,Endocrinology,57,26.3,149.0,194.0,116.0,47.1,9.0,Outpatient Monitoring
PAT-21404,2025-07-18,Endocrinology,32,30.3,130.0,164.0,130.0,34.2,8.0,Discharged Full Recovery
PAT-21405,2026-01-29,Cardiology,37,33.8,146.0,223.0,115.0,53.9,8.0,Outpatient Monitoring
PAT-21406,2025-12-22,Endocrinology,62,25.4,133.0,192.0,100.0,32.1,12.0,Discharged Full Recovery
PAT-21407,2026-02-02,General Medicine,56,18.4,146.0,151.0,108.0,29.5,12.0,Discharged Full Recovery
PAT-21408,2025-12-27,Neurology,76,25.5,136.0,202.0,131.0,49.0,8.0,Outpatient Monitoring
PAT-21409,2026-01-29,Cardiology,61,30.5,156.0,172.0,113.0,42.8,12.0,Outpatient Monitoring
PAT-21410,2025-07-22,Endocrinology,38,32.5,128.0,181.0,110.0,30.3,9.0,Discharged Full Recovery
PAT-21411,2025-11-18,Endocrinology,69,26.5,152.0,222.0,125.0,60.6,10.0,Extended Hospital Care
PAT-21412,2025-10-18,General Medicine,69,25.0,150.0,209.0,117.0,52.5,11.0,Outpatient Monitoring
PAT-21413,2026-01-23,Cardiology,28,24.7,133.0,159.0,127.0,33.0,10.0,Discharged Full Recovery
PAT-21414,2026-01-01,Cardiology,56,27.1,140.0,194.0,130.0,48.2,10.0,Outpatient Monitoring
PAT-21415,2026-01-24,General Medicine,69,20.8,142.0,188.0,114.0,41.0,15.0,Outpatient Monitoring
PAT-21416,2025-06-24,Neurology,57,21.8,144.0,167.0,97.0,28.9,14.0,Discharged Full Recovery
PAT-21417,2025-12-09,Neurology,59,29.7,147.0,212.0,133.0,58.3,11.0,Outpatient Monitoring
PAT-21418,2025-09-27,Neurology,57,26.5,139.0,182.0,120.0,40.1,10.0,Outpatient Monitoring
PAT-21419,2026-02-25,Cardiology,84,40.6,169.0,200.0,153.0,73.7,15.0,Extended Hospital Care
PAT-21420,2025-06-01,Cardiology,28,25.2,136.0,141.0,119.0,25.9,8.0,Discharged Full Recovery
PAT-21421,2026-03-16,Endocrinology,61,39.6,154.0,220.0,118.0,58.2,12.0,Outpatient Monitoring
PAT-21422,2025-07-08,General Medicine,26,32.8,154.0,174.0,105.0,39.2,7.0,Outpatient Monitoring
PAT-21423,2025-07-27,Cardiology,42,18.5,142.0,180.0,111.0,37.4,8.0,Outpatient Monitoring
PAT-21424,2026-01-23,Endocrinology,54,29.7,138.0,152.0,124.0,32.2,8.0,Discharged Full Recovery
PAT-21425,2025-07-26,Endocrinology,74,29.9,155.0,175.0,115.0,44.0,11.0,Outpatient Monitoring
PAT-21426,2025-07-10,Cardiology,82,27.9,152.0,197.0,104.0,44.7,13.0,Outpatient Monitoring
PAT-21427,2025-08-01,Cardiology,42,29.1,157.0,181.0,98.0,40.0,13.0,Outpatient Monitoring
PAT-21428,2026-02-01,Cardiology,33,29.4,138.0,185.0,135.0,46.5,9.0,Outpatient Monitoring
PAT-21429,2025-09-06,General Medicine,60,31.3,154.0,187.0,94.0,38.7,11.0,Outpatient Monitoring
PAT-21430,2025-08-09,Cardiology,66,23.1,143.0,228.0,109.0,51.5,12.0,Outpatient Monitoring
PAT-21431,2025-12-22,Cardiology,57,16.6,144.0,155.0,125.0,36.5,14.0,Outpatient Monitoring
PAT-21432,2025-08-14,Neurology,71,27.7,138.0,195.0,135.0,49.5,7.0,Outpatient Monitoring
PAT-21433,2025-06-14,Neurology,84,35.2,161.0,182.0,135.0,57.1,9.0,Outpatient Monitoring
PAT-21434,2026-03-01,Cardiology,63,25.1,144.0,224.0,108.0,50.4,14.0,Outpatient Monitoring
PAT-21435,2025-09-21,General Medicine,56,18.3,146.0,189.0,89.0,33.3,13.0,Discharged Full Recovery
PAT-21436,2025-10-02,General Medicine,38,31.2,143.0,187.0,144.0,53.2,10.0,Outpatient Monitoring
PAT-21437,2025-09-13,Cardiology,23,28.0,124.0,140.0,121.0,20.4,8.0,Discharged Full Recovery
PAT-21438,2025-12-22,Endocrinology,69,12.0,151.0,232.0,106.0,55.5,13.0,Outpatient Monitoring
PAT-21439,2026-02-20,Neurology,46,25.9,144.0,158.0,136.0,41.8,11.0,Outpatient Monitoring
PAT-21440,2025-08-26,Endocrinology,49,30.0,132.0,191.0,139.0,46.9,7.0,Outpatient Monitoring
PAT-21441,2026-01-04,Endocrinology,56,33.1,156.0,216.0,97.0,49.6,13.0,Outpatient Monitoring
PAT-21442,2025-10-19,Cardiology,69,23.2,139.0,220.0,132.0,56.3,11.0,Outpatient Monitoring
PAT-21443,2025-09-26,Neurology,47,29.8,148.0,200.0,106.0,44.4,6.0,Outpatient Monitoring
PAT-21444,2025-08-15,Endocrinology,56,22.3,138.0,201.0,94.0,34.9,11.0,Discharged Full Recovery
PAT-21445,2026-01-26,Cardiology,62,31.8,163.0,224.0,156.0,79.1,10.0,Extended Hospital Care
PAT-21446,2025-10-13,Cardiology,48,27.1,143.0,162.0,127.0,38.9,12.0,Outpatient Monitoring
PAT-21447,2026-02-01,Neurology,23,28.0,131.0,192.0,126.0,41.5,6.0,Outpatient Monitoring
PAT-21448,2026-03-24,Endocrinology,69,25.3,141.0,199.0,144.0,55.8,13.0,Outpatient Monitoring
PAT-21449,2025-11-10,Cardiology,35,25.3,120.0,154.0,96.0,12.6,9.0,Discharged Full Recovery
PAT-21450,2026-03-10,Cardiology,26,27.6,125.0,190.0,128.0,38.7,10.0,Outpatient Monitoring
PAT-21451,2025-06-10,Cardiology,28,29.1,135.0,191.0,86.0,27.2,8.0,Discharged Full Recovery
PAT-21452,2025-11-29,Cardiology,42,24.5,126.0,200.0,123.0,40.2,10.0,Outpatient Monitoring
PAT-21453,2025-08-16,Cardiology,29,33.6,139.0,191.0,117.0,41.6,9.0,Outpatient Monitoring
PAT-21454,2025-08-06,General Medicine,60,32.6,161.0,194.0,86.0,41.1,11.0,Outpatient Monitoring
PAT-21455,2026-03-05,General Medicine,37,24.0,134.0,230.0,94.0,41.6,9.0,Outpatient Monitoring
PAT-21456,2026-03-11,Endocrinology,43,23.5,146.0,176.0,117.0,40.6,10.0,Outpatient Monitoring
PAT-21457,2025-11-09,Neurology,66,26.5,156.0,236.0,110.0,60.8,12.0,Extended Hospital Care
PAT-21458,2025-06-06,Cardiology,81,27.2,146.0,234.0,157.0,74.0,13.0,Extended Hospital Care
PAT-21459,2025-09-17,Neurology,49,35.3,144.0,185.0,123.0,44.7,7.0,Outpatient Monitoring
PAT-21460,2025-06-25,Endocrinology,57,28.4,135.0,209.0,131.0,50.6,11.0,Outpatient Monitoring
PAT-21461,2025-06-14,Cardiology,61,26.1,148.0,206.0,113.0,49.0,14.0,Outpatient Monitoring
PAT-21462,2026-02-15,Cardiology,35,29.3,135.0,149.0,81.0,12.6,9.0,Discharged Full Recovery
PAT-21463,2026-02-02,Neurology,55,27.7,144.0,212.0,133.0,56.8,11.0,Outpatient Monitoring
PAT-21464,2026-01-27,Cardiology,30,20.2,131.0,195.0,116.0,38.4,11.0,Outpatient Monitoring
PAT-21465,2025-12-24,Cardiology,49,33.0,143.0,165.0,126.0,39.4,9.0,Outpatient Monitoring
PAT-21466,2025-12-17,General Medicine,73,28.2,141.0,205.0,107.0,42.8,13.0,Outpatient Monitoring
PAT-21467,2025-06-03,Endocrinology,24,21.7,138.0,216.0,96.0,40.2,8.0,Outpatient Monitoring
PAT-21468,2025-11-12,Cardiology,69,25.2,140.0,189.0,112.0,39.5,12.0,Outpatient Monitoring
PAT-21469,2025-10-21,General Medicine,75,26.6,142.0,210.0,112.0,46.8,15.0,Outpatient Monitoring
PAT-21470,2025-12-02,Cardiology,36,29.0,140.0,188.0,138.0,49.6,10.0,Outpatient Monitoring
PAT-21471,2025-08-25,General Medicine,41,27.8,122.0,207.0,147.0,49.9,10.0,Outpatient Monitoring
PAT-21472,2026-03-18,Neurology,67,14.2,133.0,204.0,115.0,41.7,13.0,Outpatient Monitoring
PAT-21473,2026-01-17,Cardiology,78,33.7,163.0,201.0,122.0,58.6,16.0,Outpatient Monitoring
PAT-21474,2025-08-08,Cardiology,63,31.1,144.0,184.0,134.0,48.8,11.0,Outpatient Monitoring
PAT-21475,2025-12-26,Cardiology,58,21.0,149.0,206.0,103.0,45.5,13.0,Outpatient Monitoring
PAT-21476,2025-10-27,Neurology,30,34.5,123.0,192.0,139.0,42.7,4.0,Outpatient Monitoring
PAT-21477,2025-06-25,Endocrinology,52,23.6,133.0,202.0,119.0,42.7,8.0,Outpatient Monitoring
PAT-21478,2026-01-28,Neurology,46,15.2,116.0,185.0,87.0,16.3,9.0,Discharged Full Recovery
PAT-21479,2026-02-20,Endocrinology,75,26.4,142.0,178.0,103.0,33.6,13.0,Discharged Full Recovery
PAT-21480,2025-10-28,Cardiology,77,24.7,148.0,181.0,120.0,44.3,14.0,Outpatient Monitoring
PAT-21481,2025-08-12,Cardiology,57,28.4,142.0,193.0,110.0,40.9,12.0,Outpatient Monitoring
PAT-21482,2025-10-10,General Medicine,83,25.5,152.0,174.0,101.0,36.6,13.0,Outpatient Monitoring
PAT-21483,2025-08-29,Cardiology,45,21.1,139.0,175.0,129.0,41.6,9.0,Outpatient Monitoring
PAT-21484,2025-06-14,Cardiology,22,20.6,121.0,181.0,111.0,27.2,8.0,Discharged Full Recovery
PAT-21485,2025-10-09,Neurology,63,25.0,157.0,202.0,145.0,65.1,12.0,Extended Hospital Care
PAT-21486,2026-01-25,Neurology,35,25.3,134.0,175.0,118.0,34.7,11.0,Discharged Full Recovery
PAT-21487,2025-11-10,Cardiology,25,28.0,151.0,156.0,114.0,35.9,6.0,Outpatient Monitoring
PAT-21488,2025-07-17,Cardiology,53,21.2,148.0,176.0,96.0,33.2,14.0,Discharged Full Recovery
PAT-21489,2025-11-01,Endocrinology,43,31.3,139.0,182.0,147.0,50.9,9.0,Outpatient Monitoring
PAT-21490,2026-03-21,Cardiology,56,29.4,153.0,194.0,125.0,52.7,10.0,Outpatient Monitoring
PAT-21491,2025-08-10,Endocrinology,82,23.3,152.0,224.0,96.0,49.6,10.0,Outpatient Monitoring
PAT-21492,2025-08-16,Cardiology,49,30.4,137.0,151.0,103.0,23.0,10.0,Discharged Full Recovery
PAT-21493,2026-03-12,Neurology,66,32.5,141.0,168.0,122.0,37.7,15.0,Outpatient Monitoring
PAT-21494,2025-09-19,Endocrinology,63,23.4,152.0,222.0,105.0,52.6,12.0,Outpatient Monitoring
PAT-21495,2026-01-14,Cardiology,33,27.6,140.0,194.0,103.0,37.4,13.0,Outpatient Monitoring
PAT-21496,2025-12-13,General Medicine,60,29.7,147.0,226.0,117.0,56.1,12.0,Outpatient Monitoring
PAT-21497,2025-07-10,Endocrinology,67,24.2,145.0,192.0,106.0,40.5,10.0,Outpatient Monitoring
PAT-21498,2025-08-07,Neurology,40,24.4,144.0,205.0,145.0,59.5,9.0,Outpatient Monitoring
PAT-21499,2025-09-25,Cardiology,75,27.4,144.0,223.0,151.0,67.3,11.0,Extended Hospital Care
PAT-21500,2025-12-15,General Medicine,52,25.7,139.0,202.0,132.0,50.9,11.0,Outpatient Monitoring
PAT-21501,2025-06-30,Endocrinology,21,28.7,134.0,194.0,124.0,42.8,9.0,Outpatient Monitoring
PAT-21502,2026-01-07,General Medicine,52,34.1,151.0,182.0,103.0,39.3,13.0,Outpatient Monitoring
PAT-21503,2026-03-03,General Medicine,76,24.5,152.0,186.0,112.0,44.6,13.0,Outpatient Monitoring
PAT-21504,2025-10-13,Cardiology,50,32.9,144.0,187.0,128.0,47.3,10.0,Outpatient Monitoring
PAT-21505,2026-02-08,General Medicine,67,27.6,140.0,218.0,129.0,55.0,14.0,Outpatient Monitoring
PAT-21506,2026-01-26,Cardiology,73,24.7,148.0,187.0,98.0,37.3,15.0,Outpatient Monitoring
PAT-21507,2026-03-10,Neurology,33,23.2,128.0,143.0,90.0,10.9,11.0,Discharged Full Recovery
PAT-21508,2025-12-04,Neurology,84,31.2,155.0,243.0,125.0,68.4,16.0,Extended Hospital Care
PAT-21509,2025-12-27,General Medicine,28,23.1,135.0,163.0,102.0,25.2,10.0,Discharged Full Recovery
PAT-21510,2025-12-08,Cardiology,32,29.4,134.0,190.0,104.0,33.6,7.0,Discharged Full Recovery
PAT-21511,2026-02-24,Cardiology,83,20.8,144.0,204.0,131.0,53.6,10.0,Outpatient Monitoring
PAT-21512,2025-07-18,General Medicine,65,38.1,164.0,224.0,100.0,57.2,13.0,Outpatient Monitoring
PAT-21513,2026-01-07,General Medicine,69,27.4,153.0,227.0,124.0,62.2,9.0,Extended Hospital Care
PAT-21514,2026-03-09,Cardiology,59,25.5,143.0,198.0,146.0,57.3,11.0,Outpatient Monitoring
PAT-21515,2025-08-13,General Medicine,35,23.5,135.0,218.0,97.0,39.7,10.0,Outpatient Monitoring
PAT-21516,2025-07-17,Neurology,45,29.7,142.0,220.0,122.0,53.8,10.0,Outpatient Monitoring
PAT-21517,2025-10-08,Endocrinology,28,25.9,135.0,200.0,109.0,39.1,9.0,Outpatient Monitoring
PAT-21518,2026-03-16,Cardiology,56,24.9,158.0,203.0,129.0,59.5,12.0,Outpatient Monitoring
PAT-21519,2025-12-01,Cardiology,61,35.8,154.0,192.0,140.0,58.6,12.0,Outpatient Monitoring
PAT-21520,2025-11-18,Endocrinology,61,23.9,146.0,206.0,114.0,48.4,10.0,Outpatient Monitoring
PAT-21521,2025-06-22,Cardiology,77,12.4,131.0,215.0,102.0,38.8,13.0,Outpatient Monitoring
PAT-21522,2026-02-19,General Medicine,55,27.8,144.0,217.0,133.0,58.3,11.0,Outpatient Monitoring
PAT-21523,2025-07-12,Endocrinology,72,28.9,147.0,176.0,133.0,47.5,13.0,Outpatient Monitoring
PAT-21524,2025-08-21,Endocrinology,69,28.3,147.0,193.0,96.0,37.8,9.0,Outpatient Monitoring
PAT-21525,2025-07-22,General Medicine,39,31.1,124.0,192.0,120.0,35.6,11.0,Outpatient Monitoring
PAT-21526,2025-08-27,Neurology,27,23.6,135.0,143.0,125.0,28.4,7.0,Discharged Full Recovery
PAT-21527,2025-11-01,Endocrinology,35,23.2,141.0,183.0,100.0,33.4,9.0,Discharged Full Recovery
PAT-21528,2025-11-13,Cardiology,66,30.8,149.0,235.0,115.0,59.0,13.0,Outpatient Monitoring
PAT-21529,2026-01-05,Cardiology,28,33.7,141.0,194.0,122.0,45.5,9.0,Outpatient Monitoring
PAT-21530,2025-11-04,Neurology,45,29.5,122.0,173.0,127.0,31.7,7.0,Discharged Full Recovery
PAT-21531,2025-06-24,Cardiology,59,22.5,131.0,185.0,130.0,41.0,8.0,Outpatient Monitoring
PAT-21532,2025-07-19,Endocrinology,46,28.1,150.0,173.0,103.0,36.1,10.0,Outpatient Monitoring
PAT-21533,2026-01-14,Cardiology,42,25.2,141.0,156.0,128.0,36.5,9.0,Outpatient Monitoring
PAT-21534,2025-10-09,Cardiology,27,27.4,135.0,189.0,128.0,43.4,9.0,Outpatient Monitoring
PAT-21535,2026-01-31,Endocrinology,75,31.7,156.0,207.0,141.0,64.5,11.0,Extended Hospital Care
PAT-21536,2026-02-12,Cardiology,49,25.5,145.0,190.0,128.0,48.7,13.0,Outpatient Monitoring
PAT-21537,2026-02-13,Cardiology,21,24.0,130.0,186.0,87.0,23.6,9.0,Discharged Full Recovery
PAT-21538,2025-12-25,Cardiology,79,23.5,155.0,207.0,77.0,38.4,13.0,Outpatient Monitoring
PAT-21539,2025-08-15,Neurology,21,36.7,128.0,190.0,129.0,40.6,9.0,Outpatient Monitoring
PAT-21540,2025-10-10,General Medicine,63,23.8,147.0,192.0,128.0,50.3,13.0,Outpatient Monitoring
PAT-21541,2025-12-21,Neurology,42,18.2,121.0,178.0,97.0,20.7,10.0,Discharged Full Recovery
PAT-21542,2025-07-28,Cardiology,71,33.8,167.0,191.0,132.0,61.6,8.0,Extended Hospital Care
PAT-21543,2025-11-05,Cardiology,30,35.0,136.0,159.0,140.0,39.7,10.0,Outpatient Monitoring
PAT-21544,2025-11-15,Cardiology,84,30.4,148.0,220.0,130.0,60.0,14.0,Extended Hospital Care
PAT-21545,2026-03-19,Neurology,64,32.6,152.0,195.0,118.0,49.7,7.0,Outpatient Monitoring
PAT-21546,2025-12-26,Cardiology,35,28.0,134.0,201.0,134.0,48.9,9.0,Outpatient Monitoring
PAT-21547,2025-08-29,General Medicine,84,34.5,150.0,220.0,124.0,58.6,17.0,Outpatient Monitoring
PAT-21548,2025-10-01,Neurology,77,27.3,156.0,222.0,125.0,62.6,10.0,Extended Hospital Care
PAT-21549,2026-01-27,Neurology,36,35.6,136.0,199.0,97.0,34.5,10.0,Discharged Full Recovery
PAT-21550,2025-09-07,Endocrinology,62,18.5,150.0,186.0,115.0,44.8,11.0,Outpatient Monitoring
PAT-21551,2025-08-11,Neurology,79,21.7,146.0,219.0,91.0,43.1,15.0,Outpatient Monitoring
PAT-21552,2025-11-24,Endocrinology,57,28.4,143.0,201.0,119.0,47.4,7.0,Outpatient Monitoring
PAT-21553,2025-10-12,Neurology,23,23.8,134.0,193.0,126.0,43.3,7.0,Outpatient Monitoring
PAT-21554,2025-11-29,General Medicine,63,26.2,138.0,230.0,136.0,60.4,11.0,Extended Hospital Care
PAT-21555,2025-11-12,Cardiology,23,28.8,110.0,202.0,92.0,20.4,9.0,Discharged Full Recovery
PAT-21556,2025-12-18,General Medicine,67,31.9,141.0,188.0,104.0,36.5,10.0,Outpatient Monitoring
PAT-21557,2025-08-13,Cardiology,45,21.3,131.0,178.0,130.0,38.9,13.0,Outpatient Monitoring
PAT-21558,2025-06-08,Cardiology,43,20.7,132.0,212.0,117.0,44.4,9.0,Outpatient Monitoring
PAT-21559,2025-10-25,General Medicine,61,28.2,152.0,196.0,116.0,49.2,10.0,Outpatient Monitoring
PAT-21560,2025-10-02,Cardiology,71,22.3,157.0,213.0,117.0,57.2,12.0,Outpatient Monitoring
PAT-21561,2025-09-26,Endocrinology,68,30.1,162.0,233.0,117.0,65.7,7.0,Extended Hospital Care
PAT-21562,2025-06-29,Endocrinology,49,29.3,148.0,212.0,97.0,44.4,12.0,Outpatient Monitoring
PAT-21563,2026-03-27,General Medicine,56,29.1,160.0,176.0,102.0,41.6,9.0,Outpatient Monitoring
PAT-21564,2026-01-08,Neurology,49,28.8,155.0,203.0,108.0,49.6,9.0,Outpatient Monitoring
PAT-21565,2026-01-04,General Medicine,81,33.4,169.0,232.0,115.0,68.1,14.0,Extended Hospital Care
PAT-21566,2025-07-06,General Medicine,57,29.8,148.0,207.0,149.0,63.7,13.0,Extended Hospital Care
PAT-21567,2026-01-10,Neurology,81,25.5,140.0,207.0,90.0,36.1,14.0,Outpatient Monitoring
PAT-21568,2025-06-09,Cardiology,57,36.3,149.0,224.0,136.0,64.1,12.0,Extended Hospital Care
PAT-21569,2025-08-27,Neurology,54,30.3,142.0,204.0,114.0,45.8,12.0,Outpatient Monitoring
PAT-21570,2026-02-09,General Medicine,41,28.8,141.0,199.0,116.0,44.6,7.0,Outpatient Monitoring
PAT-21571,2025-10-08,Neurology,68,31.2,156.0,225.0,120.0,61.5,12.0,Extended Hospital Care
PAT-21572,2026-03-03,Cardiology,47,23.3,140.0,158.0,109.0,29.0,7.0,Discharged Full Recovery
PAT-21573,2026-02-06,Neurology,39,27.7,135.0,204.0,111.0,41.1,10.0,Outpatient Monitoring
PAT-21574,2026-02-24,Cardiology,54,22.5,140.0,192.0,126.0,46.0,9.0,Outpatient Monitoring
PAT-21575,2025-12-20,Endocrinology,45,24.7,138.0,204.0,113.0,43.4,11.0,Outpatient Monitoring
PAT-21576,2025-12-12,Cardiology,57,28.5,150.0,184.0,136.0,52.6,11.0,Outpatient Monitoring
PAT-21577,2025-07-25,Cardiology,63,21.3,149.0,194.0,103.0,41.9,11.0,Outpatient Monitoring
PAT-21578,2025-11-17,Cardiology,35,23.2,128.0,211.0,93.0,32.5,6.0,Discharged Full Recovery
PAT-21579,2025-07-07,General Medicine,82,24.6,148.0,194.0,75.0,30.2,8.0,Discharged Full Recovery
PAT-21580,2025-09-05,General Medicine,38,34.8,142.0,180.0,115.0,39.0,13.0,Outpatient Monitoring
PAT-21581,2025-06-15,Cardiology,46,31.4,150.0,172.0,94.0,32.2,9.0,Discharged Full Recovery
PAT-21582,2025-06-13,Neurology,50,28.0,141.0,242.0,125.0,61.1,8.0,Extended Hospital Care
PAT-21583,2025-11-24,Neurology,41,21.8,137.0,166.0,118.0,33.5,12.0,Discharged Full Recovery
PAT-21584,2025-10-25,Endocrinology,48,20.3,141.0,191.0,122.0,44.6,12.0,Outpatient Monitoring
PAT-21585,2025-08-29,Cardiology,65,25.2,141.0,180.0,138.0,47.7,10.0,Outpatient Monitoring
PAT-21586,2026-02-03,Cardiology,39,22.6,134.0,177.0,100.0,28.1,6.0,Discharged Full Recovery
PAT-21587,2026-02-24,Neurology,56,21.4,145.0,193.0,112.0,43.2,12.0,Outpatient Monitoring
PAT-21588,2025-12-11,Cardiology,51,27.5,157.0,208.0,126.0,59.3,12.0,Outpatient Monitoring
PAT-21589,2025-10-04,Endocrinology,79,33.4,153.0,214.0,106.0,51.1,11.0,Outpatient Monitoring
PAT-21590,2025-06-15,Cardiology,53,24.6,149.0,203.0,127.0,54.2,8.0,Outpatient Monitoring
PAT-21591,2025-09-04,Cardiology,81,27.3,158.0,237.0,127.0,68.9,18.0,Extended Hospital Care
PAT-21592,2025-12-02,Neurology,53,23.9,140.0,139.0,115.0,25.7,12.0,Discharged Full Recovery
PAT-21593,2025-07-11,General Medicine,45,33.8,131.0,207.0,135.0,49.6,12.0,Outpatient Monitoring
PAT-21594,2025-12-06,Neurology,26,33.2,146.0,192.0,130.0,50.6,10.0,Outpatient Monitoring
PAT-21595,2026-01-09,Endocrinology,69,30.6,154.0,196.0,114.0,49.4,12.0,Outpatient Monitoring
PAT-21596,2026-03-11,General Medicine,23,25.5,133.0,195.0,121.0,41.4,7.0,Outpatient Monitoring
PAT-21597,2025-06-16,Endocrinology,40,27.9,134.0,203.0,156.0,58.3,11.0,Outpatient Monitoring
PAT-21598,2025-12-09,Neurology,55,25.2,132.0,187.0,116.0,36.5,9.0,Outpatient Monitoring
PAT-21599,2025-09-05,General Medicine,71,21.5,127.0,222.0,118.0,45.3,11.0,Outpatient Monitoring
PAT-21600,2025-08-30,Cardiology,49,28.1,150.0,174.0,111.0,39.6,10.0,Outpatient Monitoring
PAT-21601,2025-06-18,Cardiology,57,32.5,144.0,204.0,130.0,53.2,10.0,Outpatient Monitoring
PAT-21602,2025-08-06,Cardiology,71,20.5,147.0,182.0,120.0,44.1,13.0,Outpatient Monitoring
PAT-21603,2025-07-19,Cardiology,30,26.5,135.0,159.0,126.0,33.6,9.0,Discharged Full Recovery
PAT-21604,2025-06-27,Neurology,46,25.6,129.0,187.0,103.0,29.8,10.0,Discharged Full Recovery
PAT-21605,2026-01-18,General Medicine,83,25.9,162.0,227.0,127.0,67.9,14.0,Extended Hospital Care
PAT-21606,2025-12-15,Cardiology,71,19.6,140.0,248.0,131.0,64.8,11.0,Extended Hospital Care
PAT-21607,2025-06-03,Neurology,72,35.6,155.0,192.0,130.0,55.1,14.0,Outpatient Monitoring
PAT-21608,2025-07-03,Cardiology,30,26.2,128.0,195.0,90.0,26.5,6.0,Discharged Full Recovery
PAT-21609,2025-06-10,Neurology,32,18.3,121.0,193.0,107.0,29.2,7.0,Discharged Full Recovery
PAT-21610,2026-01-08,Cardiology,26,23.1,127.0,196.0,99.0,29.9,7.0,Discharged Full Recovery
PAT-21611,2025-07-14,Endocrinology,50,38.5,147.0,187.0,118.0,44.8,14.0,Outpatient Monitoring
PAT-21612,2026-03-04,General Medicine,49,20.1,128.0,188.0,154.0,50.0,7.0,Outpatient Monitoring
PAT-21613,2025-12-29,Cardiology,59,32.4,151.0,168.0,108.0,37.1,10.0,Outpatient Monitoring
PAT-21614,2025-08-14,Endocrinology,30,25.6,130.0,173.0,130.0,36.9,13.0,Outpatient Monitoring
PAT-21615,2025-11-16,Neurology,23,24.0,131.0,145.0,145.0,35.0,8.0,Outpatient Monitoring
PAT-21616,2025-09-29,General Medicine,72,30.5,145.0,204.0,122.0,50.5,10.0,Outpatient Monitoring
PAT-21617,2026-03-24,Cardiology,77,28.4,141.0,190.0,109.0,39.1,14.0,Outpatient Monitoring
PAT-21618,2025-09-05,Neurology,68,23.3,139.0,182.0,119.0,39.7,9.0,Outpatient Monitoring
PAT-21619,2026-03-21,Cardiology,52,30.5,146.0,211.0,122.0,53.1,10.0,Outpatient Monitoring
PAT-21620,2025-08-28,Endocrinology,26,22.5,141.0,168.0,121.0,37.3,8.0,Outpatient Monitoring
PAT-21621,2026-03-10,Cardiology,62,26.3,145.0,226.0,122.0,57.1,9.0,Outpatient Monitoring
PAT-21622,2026-01-24,Neurology,60,24.6,153.0,222.0,110.0,55.1,13.0,Outpatient Monitoring
PAT-21623,2026-02-01,Neurology,24,23.4,132.0,168.0,121.0,32.8,10.0,Discharged Full Recovery
PAT-21624,2025-12-13,Cardiology,23,34.0,142.0,154.0,123.0,34.4,6.0,Discharged Full Recovery
PAT-21625,2025-09-27,Cardiology,61,18.3,134.0,190.0,80.0,24.0,14.0,Discharged Full Recovery
PAT-21626,2025-09-20,General Medicine,58,29.1,146.0,207.0,139.0,58.7,9.0,Outpatient Monitoring
PAT-21627,2025-09-08,Neurology,47,25.7,150.0,201.0,113.0,48.5,10.0,Outpatient Monitoring
PAT-21628,2025-11-19,Cardiology,83,34.7,169.0,242.0,133.0,78.3,15.0,Extended Hospital Care
PAT-21629,2025-11-28,Endocrinology,42,33.4,137.0,171.0,114.0,33.4,12.0,Discharged Full Recovery
PAT-21630,2026-03-13,Endocrinology,62,35.8,162.0,199.0,133.0,61.9,13.0,Extended Hospital Care
PAT-21631,2025-08-27,Endocrinology,83,29.5,149.0,211.0,102.0,46.6,12.0,Outpatient Monitoring
PAT-21632,2025-07-06,Neurology,24,26.8,119.0,156.0,128.0,25.5,9.0,Discharged Full Recovery
PAT-21633,2025-06-23,Neurology,39,32.4,134.0,132.0,136.0,29.0,7.0,Discharged Full Recovery
PAT-21634,2026-02-15,Cardiology,43,23.2,139.0,196.0,88.0,31.5,12.0,Discharged Full Recovery
PAT-21635,2025-09-03,Endocrinology,47,19.9,127.0,191.0,146.0,47.2,10.0,Outpatient Monitoring
PAT-21636,2026-01-25,General Medicine,36,28.5,129.0,192.0,139.0,45.7,11.0,Outpatient Monitoring
PAT-21637,2025-06-26,Endocrinology,60,31.5,145.0,225.0,110.0,52.0,13.0,Outpatient Monitoring
PAT-21638,2025-11-25,General Medicine,65,19.7,139.0,183.0,95.0,30.4,12.0,Discharged Full Recovery
PAT-21639,2025-06-02,Cardiology,27,28.9,145.0,182.0,113.0,40.3,13.0,Outpatient Monitoring
PAT-21640,2025-12-25,Cardiology,72,28.0,170.0,203.0,107.0,56.7,15.0,Outpatient Monitoring
PAT-21641,2025-06-07,Cardiology,36,25.2,149.0,197.0,117.0,48.4,9.0,Outpatient Monitoring
PAT-21642,2026-01-14,Cardiology,31,25.1,131.0,192.0,102.0,31.9,11.0,Discharged Full Recovery
PAT-21643,2026-01-05,Endocrinology,72,22.5,142.0,213.0,126.0,53.3,9.0,Outpatient Monitoring
PAT-21644,2026-02-18,Cardiology,67,31.4,143.0,192.0,115.0,43.1,11.0,Outpatient Monitoring
PAT-21645,2026-03-20,General Medicine,63,28.1,147.0,205.0,134.0,56.6,6.0,Outpatient Monitoring
PAT-21646,2026-02-20,Endocrinology,26,36.7,144.0,165.0,132.0,42.3,10.0,Outpatient Monitoring
PAT-21647,2026-03-18,Neurology,51,25.7,143.0,201.0,94.0,37.4,11.0,Outpatient Monitoring
PAT-21648,2025-10-17,Endocrinology,27,29.7,134.0,178.0,132.0,41.2,6.0,Outpatient Monitoring
PAT-21649,2025-11-23,General Medicine,47,36.6,138.0,179.0,117.0,37.5,8.0,Outpatient Monitoring
PAT-21650,2025-11-18,General Medicine,76,16.4,142.0,185.0,91.0,30.9,14.0,Discharged Full Recovery
PAT-21651,2026-01-03,General Medicine,37,25.0,145.0,205.0,116.0,48.4,10.0,Outpatient Monitoring
PAT-21652,2025-09-11,Cardiology,70,22.1,156.0,183.0,99.0,40.5,13.0,Outpatient Monitoring
PAT-21653,2025-12-30,Endocrinology,84,28.6,151.0,229.0,102.0,53.0,11.0,Outpatient Monitoring
PAT-21654,2026-01-05,Endocrinology,71,29.2,151.0,220.0,144.0,67.1,10.0,Extended Hospital Care
PAT-21655,2025-12-08,Endocrinology,21,20.5,129.0,203.0,97.0,32.2,7.0,Discharged Full Recovery
PAT-21656,2025-08-01,Neurology,24,26.9,130.0,177.0,134.0,39.7,7.0,Outpatient Monitoring
PAT-21657,2025-07-25,Cardiology,51,23.8,141.0,220.0,107.0,47.3,8.0,Outpatient Monitoring
PAT-21658,2025-10-23,Cardiology,56,26.3,148.0,153.0,119.0,35.5,12.0,Outpatient Monitoring
PAT-21659,2026-01-21,Endocrinology,66,31.3,163.0,221.0,121.0,64.2,16.0,Extended Hospital Care
PAT-21660,2026-03-22,Endocrinology,45,25.2,132.0,203.0,113.0,40.1,10.0,Outpatient Monitoring
PAT-21661,2025-11-08,General Medicine,35,28.0,132.0,170.0,120.0,33.0,7.0,Discharged Full Recovery
PAT-21662,2025-11-16,Endocrinology,70,22.1,149.0,256.0,114.0,64.9,8.0,Extended Hospital Care
PAT-21663,2026-02-27,General Medicine,36,19.6,130.0,165.0,114.0,28.1,9.0,Discharged Full Recovery
PAT-21664,2026-02-24,General Medicine,32,27.5,135.0,160.0,118.0,30.7,9.0,Discharged Full Recovery
PAT-21665,2026-01-05,Cardiology,45,20.0,130.0,203.0,129.0,45.5,12.0,Outpatient Monitoring
PAT-21666,2026-03-25,General Medicine,80,24.5,155.0,214.0,102.0,50.5,13.0,Outpatient Monitoring
PAT-21667,2026-01-03,Cardiology,40,26.1,136.0,139.0,126.0,28.1,12.0,Discharged Full Recovery
PAT-21668,2026-01-17,Neurology,22,25.7,134.0,171.0,116.0,32.7,10.0,Discharged Full Recovery
PAT-21669,2025-06-01,Cardiology,84,33.1,167.0,231.0,139.0,76.4,15.0,Extended Hospital Care
PAT-21670,2025-06-06,Cardiology,45,25.3,139.0,185.0,122.0,41.8,11.0,Outpatient Monitoring
PAT-21671,2025-08-10,General Medicine,26,28.9,114.0,156.0,139.0,27.4,6.0,Discharged Full Recovery
PAT-21672,2026-03-15,Cardiology,37,31.2,157.0,203.0,132.0,60.2,10.0,Extended Hospital Care
PAT-21673,2025-10-25,General Medicine,26,32.2,141.0,220.0,115.0,50.5,9.0,Outpatient Monitoring
PAT-21674,2025-07-13,Neurology,41,27.4,137.0,190.0,134.0,47.1,10.0,Outpatient Monitoring
PAT-21675,2026-01-18,General Medicine,42,24.2,137.0,174.0,95.0,26.7,8.0,Discharged Full Recovery
PAT-21676,2026-01-22,Neurology,36,28.8,142.0,185.0,130.0,46.5,15.0,Outpatient Monitoring
PAT-21677,2025-09-21,Cardiology,24,26.2,126.0,196.0,100.0,29.8,6.0,Discharged Full Recovery
PAT-21678,2026-01-20,Neurology,58,21.5,130.0,178.0,112.0,31.2,13.0,Discharged Full Recovery
PAT-21679,2026-01-06,General Medicine,62,36.8,145.0,154.0,134.0,40.3,9.0,Outpatient Monitoring
PAT-21680,2025-08-16,Endocrinology,83,26.3,159.0,181.0,134.0,55.4,13.0,Outpatient Monitoring
PAT-21681,2025-07-19,Cardiology,69,32.2,136.0,224.0,130.0,55.2,11.0,Outpatient Monitoring
PAT-21682,2025-07-18,Endocrinology,32,29.0,139.0,196.0,125.0,46.3,10.0,Outpatient Monitoring
PAT-21683,2025-09-06,Endocrinology,70,22.6,150.0,224.0,134.0,63.8,10.0,Extended Hospital Care
PAT-21684,2025-10-27,Endocrinology,41,25.5,139.0,167.0,156.0,50.0,13.0,Outpatient Monitoring
PAT-21685,2026-02-10,Endocrinology,73,27.2,138.0,176.0,136.0,44.2,13.0,Outpatient Monitoring
PAT-21686,2026-02-03,General Medicine,60,25.4,147.0,184.0,98.0,35.9,11.0,Outpatient Monitoring
PAT-21687,2026-02-13,Neurology,49,34.7,150.0,154.0,139.0,44.8,9.0,Outpatient Monitoring
PAT-21688,2025-10-03,General Medicine,73,27.3,151.0,218.0,111.0,53.3,11.0,Outpatient Monitoring
PAT-21689,2025-10-26,Neurology,39,29.1,149.0,180.0,109.0,40.1,12.0,Outpatient Monitoring
PAT-21690,2025-08-21,Endocrinology,45,20.5,134.0,193.0,78.0,24.1,8.0,Discharged Full Recovery
PAT-21691,2025-12-13,Neurology,58,32.6,143.0,192.0,124.0,46.7,13.0,Outpatient Monitoring
PAT-21692,2025-08-12,Neurology,41,33.4,147.0,174.0,149.0,53.3,7.0,Outpatient Monitoring
PAT-21693,2026-03-01,Endocrinology,49,29.6,138.0,210.0,135.0,54.0,5.0,Outpatient Monitoring
PAT-21694,2025-08-03,Cardiology,34,23.8,129.0,202.0,117.0,39.9,13.0,Outpatient Monitoring
PAT-21695,2026-01-19,Cardiology,54,33.0,145.0,204.0,140.0,57.7,13.0,Outpatient Monitoring
PAT-21696,2025-06-06,Cardiology,51,23.8,128.0,183.0,129.0,38.5,11.0,Outpatient Monitoring
PAT-21697,2025-11-25,General Medicine,51,25.0,137.0,173.0,125.0,38.4,10.0,Outpatient Monitoring
PAT-21698,2025-08-08,General Medicine,68,28.0,154.0,196.0,115.0,49.8,11.0,Outpatient Monitoring
PAT-21699,2025-06-18,Endocrinology,62,18.4,139.0,220.0,106.0,45.9,9.0,Outpatient Monitoring
PAT-21700,2025-09-01,Cardiology,29,24.0,130.0,184.0,103.0,29.4,9.0,Discharged Full Recovery
PAT-21701,2026-01-02,Cardiology,22,26.0,134.0,156.0,127.0,32.6,6.0,Discharged Full Recovery
PAT-21702,2025-11-23,Neurology,27,27.2,129.0,190.0,119.0,37.1,5.0,Outpatient Monitoring
PAT-21703,2025-11-13,Neurology,38,23.2,138.0,142.0,103.0,20.8,9.0,Discharged Full Recovery
PAT-21704,2026-01-19,Endocrinology,67,24.9,142.0,167.0,134.0,42.7,15.0,Outpatient Monitoring
PAT-21705,2025-09-13,General Medicine,23,20.6,116.0,160.0,111.0,18.4,8.0,Discharged Full Recovery
PAT-21706,2025-12-01,Cardiology,37,23.5,140.0,186.0,98.0,33.0,9.0,Discharged Full Recovery
PAT-21707,2025-10-24,Endocrinology,23,36.7,140.0,157.0,123.0,34.3,6.0,Discharged Full Recovery
PAT-21708,2025-08-08,Endocrinology,80,20.9,150.0,216.0,116.0,54.2,14.0,Outpatient Monitoring
PAT-21709,2025-11-21,Endocrinology,55,21.3,147.0,217.0,92.0,43.4,12.0,Outpatient Monitoring
PAT-21710,2025-06-12,General Medicine,84,31.9,151.0,204.0,86.0,39.1,14.0,Outpatient Monitoring
PAT-21711,2026-02-24,General Medicine,47,25.7,119.0,158.0,108.0,18.1,7.0,Discharged Full Recovery
PAT-21712,2026-02-16,Neurology,38,19.1,126.0,170.0,121.0,30.4,7.0,Discharged Full Recovery
PAT-21713,2026-02-08,Neurology,38,25.1,134.0,198.0,89.0,30.0,6.0,Discharged Full Recovery
PAT-21714,2025-09-04,Cardiology,35,29.4,136.0,180.0,106.0,32.4,9.0,Discharged Full Recovery
PAT-21715,2025-06-22,Endocrinology,58,32.4,144.0,227.0,172.0,76.9,7.0,Extended Hospital Care
PAT-21716,2025-08-07,Cardiology,60,17.0,138.0,227.0,136.0,59.5,15.0,Outpatient Monitoring
PAT-21717,2025-10-29,Cardiology,42,30.1,138.0,203.0,127.0,48.7,7.0,Outpatient Monitoring
PAT-21718,2025-08-26,Neurology,55,33.3,152.0,208.0,128.0,57.6,13.0,Outpatient Monitoring
PAT-21719,2025-11-06,Cardiology,71,28.0,142.0,172.0,104.0,32.2,10.0,Discharged Full Recovery
PAT-21720,2025-08-17,Cardiology,51,25.8,136.0,183.0,125.0,40.9,8.0,Outpatient Monitoring
PAT-21721,2025-11-11,Neurology,71,29.8,155.0,210.0,141.0,64.9,15.0,Extended Hospital Care
PAT-21722,2025-11-11,Endocrinology,48,25.4,137.0,210.0,99.0,39.1,8.0,Outpatient Monitoring
PAT-21723,2025-10-27,Neurology,50,26.5,143.0,177.0,112.0,37.4,11.0,Outpatient Monitoring
PAT-21724,2025-08-09,General Medicine,31,32.3,161.0,190.0,140.0,61.5,14.0,Extended Hospital Care
PAT-21725,2025-06-29,Cardiology,24,31.8,121.0,167.0,111.0,23.0,7.0,Discharged Full Recovery
PAT-21726,2025-12-25,Endocrinology,38,28.7,148.0,169.0,174.0,62.3,11.0,Extended Hospital Care
PAT-21727,2025-12-26,Neurology,29,18.9,126.0,179.0,111.0,29.1,9.0,Discharged Full Recovery
PAT-21728,2026-02-18,Endocrinology,58,32.3,142.0,219.0,131.0,57.1,9.0,Outpatient Monitoring
PAT-21729,2025-08-02,Neurology,35,30.6,147.0,157.0,125.0,38.6,8.0,Outpatient Monitoring
PAT-21730,2025-10-27,Endocrinology,27,28.7,134.0,178.0,95.0,26.4,5.0,Discharged Full Recovery
PAT-21731,2026-03-18,Endocrinology,71,35.6,167.0,211.0,93.0,52.0,11.0,Outpatient Monitoring
PAT-21732,2025-08-31,General Medicine,29,30.0,141.0,182.0,133.0,46.3,8.0,Outpatient Monitoring
PAT-21733,2026-01-28,General Medicine,43,34.1,138.0,163.0,130.0,37.9,10.0,Outpatient Monitoring
PAT-21734,2025-12-21,Cardiology,58,29.8,147.0,194.0,130.0,51.7,11.0,Outpatient Monitoring
PAT-21735,2025-12-10,Endocrinology,26,29.6,119.0,186.0,148.0,42.5,7.0,Outpatient Monitoring
PAT-21736,2025-08-03,Cardiology,48,32.4,149.0,201.0,151.0,63.2,10.0,Extended Hospital Care
PAT-21737,2025-07-08,Endocrinology,67,20.5,133.0,194.0,125.0,42.7,8.0,Outpatient Monitoring
PAT-21738,2025-07-02,Endocrinology,77,18.7,155.0,193.0,125.0,53.4,13.0,Outpatient Monitoring
PAT-21739,2026-02-11,Endocrinology,31,33.8,142.0,182.0,106.0,36.0,11.0,Outpatient Monitoring
PAT-21740,2025-09-04,Cardiology,20,34.5,134.0,189.0,138.0,46.9,9.0,Outpatient Monitoring
PAT-21741,2025-06-13,Cardiology,83,27.3,150.0,187.0,139.0,54.7,13.0,Outpatient Monitoring
PAT-21742,2026-01-25,Cardiology,70,21.2,157.0,166.0,133.0,49.5,10.0,Outpatient Monitoring
PAT-21743,2026-01-12,Neurology,29,20.6,134.0,162.0,93.0,20.8,10.0,Discharged Full Recovery
PAT-21744,2025-12-19,Cardiology,42,24.3,140.0,188.0,107.0,37.2,9.0,Outpatient Monitoring
PAT-21745,2025-06-20,Endocrinology,76,31.8,143.0,175.0,128.0,43.2,12.0,Outpatient Monitoring
PAT-21746,2026-03-07,Endocrinology,73,23.8,145.0,199.0,112.0,45.0,11.0,Outpatient Monitoring
PAT-21747,2025-08-27,Endocrinology,73,23.8,155.0,203.0,125.0,56.4,11.0,Outpatient Monitoring
PAT-21748,2025-06-11,Endocrinology,72,19.4,133.0,198.0,98.0,33.1,9.0,Discharged Full Recovery
PAT-21749,2025-09-18,Cardiology,23,27.9,139.0,148.0,125.0,31.9,11.0,Discharged Full Recovery
PAT-21750,2026-03-03,Cardiology,84,24.3,152.0,184.0,124.0,48.8,16.0,Outpatient Monitoring
PAT-21751,2026-03-06,Endocrinology,38,32.9,150.0,181.0,143.0,54.5,13.0,Outpatient Monitoring
PAT-21752,2025-06-07,General Medicine,68,27.4,131.0,170.0,126.0,34.9,8.0,Discharged Full Recovery
PAT-21753,2025-08-16,Endocrinology,33,32.4,136.0,228.0,112.0,49.2,6.0,Outpatient Monitoring
PAT-21754,2025-09-05,Neurology,80,28.2,160.0,181.0,111.0,46.7,11.0,Outpatient Monitoring
PAT-21755,2026-02-25,Neurology,46,27.8,137.0,167.0,99.0,26.2,13.0,Discharged Full Recovery
PAT-21756,2026-02-23,Cardiology,69,21.6,142.0,224.0,100.0,46.2,13.0,Outpatient Monitoring
PAT-21757,2025-06-27,Neurology,84,23.4,158.0,236.0,95.0,55.8,12.0,Outpatient Monitoring
PAT-21758,2026-01-23,Cardiology,29,34.9,140.0,206.0,137.0,54.6,7.0,Outpatient Monitoring
PAT-21759,2025-10-05,Endocrinology,40,30.8,143.0,165.0,135.0,43.0,12.0,Outpatient Monitoring
PAT-21760,2026-01-24,Endocrinology,41,29.1,157.0,208.0,107.0,51.7,9.0,Outpatient Monitoring
PAT-21761,2025-11-17,Endocrinology,41,29.9,141.0,195.0,140.0,53.0,10.0,Outpatient Monitoring
PAT-21762,2025-11-04,Endocrinology,36,23.2,135.0,185.0,122.0,39.8,10.0,Outpatient Monitoring
PAT-21763,2025-08-31,Neurology,84,31.9,155.0,223.0,152.0,73.2,13.0,Extended Hospital Care
PAT-21764,2025-09-21,General Medicine,22,21.5,110.0,135.0,107.0,6.3,5.0,Discharged Full Recovery
PAT-21765,2025-10-13,Endocrinology,54,28.4,144.0,186.0,125.0,45.8,14.0,Outpatient Monitoring
PAT-21766,2026-03-23,General Medicine,47,25.9,141.0,215.0,101.0,43.4,13.0,Outpatient Monitoring
PAT-21767,2025-09-22,Cardiology,57,33.5,146.0,187.0,134.0,50.7,10.0,Outpatient Monitoring
PAT-21768,2025-10-09,Endocrinology,24,27.5,140.0,176.0,143.0,48.0,7.0,Outpatient Monitoring
PAT-21769,2025-06-08,Neurology,80,25.0,172.0,230.0,126.0,73.4,13.0,Extended Hospital Care
PAT-21770,2025-11-01,Endocrinology,68,30.8,158.0,224.0,97.0,53.0,13.0,Outpatient Monitoring
PAT-21771,2025-12-17,Endocrinology,47,20.4,122.0,165.0,94.0,16.1,11.0,Discharged Full Recovery
PAT-21772,2025-12-11,General Medicine,75,26.2,153.0,214.0,120.0,56.7,15.0,Outpatient Monitoring
PAT-21773,2025-07-28,General Medicine,33,23.0,117.0,172.0,95.0,16.1,7.0,Discharged Full Recovery
PAT-21774,2025-11-14,General Medicine,42,37.4,143.0,220.0,133.0,58.7,10.0,Outpatient Monitoring
PAT-21775,2026-03-03,Endocrinology,77,32.1,149.0,186.0,139.0,53.9,11.0,Outpatient Monitoring
PAT-21776,2025-07-19,Endocrinology,59,21.2,134.0,159.0,83.0,15.9,10.0,Discharged Full Recovery
PAT-21777,2026-01-12,Endocrinology,65,31.3,150.0,213.0,87.0,41.7,13.0,Outpatient Monitoring
PAT-21778,2026-01-23,General Medicine,83,29.2,147.0,230.0,130.0,62.5,11.0,Extended Hospital Care
PAT-21779,2025-07-28,Cardiology,84,27.1,168.0,232.0,124.0,71.2,15.0,Extended Hospital Care
PAT-21780,2025-10-06,General Medicine,32,36.1,136.0,179.0,105.0,31.7,9.0,Discharged Full Recovery
PAT-21781,2025-06-19,Endocrinology,51,26.8,139.0,162.0,112.0,30.9,7.0,Discharged Full Recovery
PAT-21782,2025-10-11,Neurology,78,32.0,162.0,229.0,118.0,64.9,16.0,Extended Hospital Care
PAT-21783,2025-12-28,General Medicine,44,28.3,120.0,196.0,125.0,36.8,6.0,Outpatient Monitoring
PAT-21784,2025-12-11,Neurology,28,29.2,148.0,181.0,106.0,38.7,9.0,Outpatient Monitoring
PAT-21785,2025-07-22,Neurology,37,23.7,126.0,161.0,148.0,38.5,11.0,Outpatient Monitoring
PAT-21786,2025-07-30,Endocrinology,61,20.8,147.0,176.0,126.0,44.7,9.0,Outpatient Monitoring
PAT-21787,2025-07-15,Cardiology,32,34.5,137.0,183.0,127.0,42.2,9.0,Outpatient Monitoring
PAT-21788,2025-09-01,Cardiology,38,36.2,142.0,188.0,153.0,56.6,11.0,Outpatient Monitoring
PAT-21789,2025-07-25,Neurology,53,31.3,137.0,203.0,124.0,47.0,10.0,Outpatient Monitoring
PAT-21790,2025-11-22,Endocrinology,25,29.8,135.0,175.0,109.0,31.6,8.0,Discharged Full Recovery
PAT-21791,2025-12-27,Neurology,38,24.8,143.0,180.0,122.0,42.3,7.0,Outpatient Monitoring
PAT-21792,2025-09-23,Neurology,68,30.2,149.0,188.0,97.0,37.7,9.0,Outpatient Monitoring
PAT-21793,2025-12-31,Endocrinology,76,26.1,154.0,154.0,153.0,52.4,15.0,Outpatient Monitoring
PAT-21794,2025-09-29,General Medicine,27,31.9,147.0,168.0,132.0,44.7,13.0,Outpatient Monitoring
PAT-21795,2026-01-29,Neurology,68,24.3,146.0,193.0,122.0,47.7,13.0,Outpatient Monitoring
PAT-21796,2025-10-19,Cardiology,39,30.7,137.0,198.0,128.0,47.1,7.0,Outpatient Monitoring
PAT-21797,2025-10-21,General Medicine,30,33.2,139.0,156.0,138.0,39.5,12.0,Outpatient Monitoring
PAT-21798,2026-03-18,Endocrinology,38,27.5,128.0,181.0,138.0,41.5,7.0,Outpatient Monitoring
PAT-21799,2025-07-23,General Medicine,71,21.5,140.0,213.0,116.0,48.3,12.0,Outpatient Monitoring
PAT-21800,2025-07-23,Cardiology,43,29.5,146.0,167.0,122.0,39.9,13.0,Outpatient Monitoring
PAT-21801,2026-02-01,Cardiology,80,26.3,149.0,175.0,92.0,31.8,12.0,Discharged Full Recovery
PAT-21802,2025-08-03,Neurology,46,25.7,135.0,198.0,117.0,41.7,11.0,Outpatient Monitoring
PAT-21803,2026-01-31,Neurology,79,32.7,169.0,184.0,147.0,66.5,11.0,Extended Hospital Care
PAT-21804,2025-09-07,General Medicine,77,23.2,152.0,214.0,129.0,59.8,11.0,Outpatient Monitoring
PAT-21805,2025-11-19,Cardiology,54,25.3,139.0,175.0,117.0,36.8,12.0,Outpatient Monitoring
PAT-21806,2025-06-07,General Medicine,58,25.8,139.0,225.0,88.0,40.2,9.0,Outpatient Monitoring
PAT-21807,2026-01-14,Neurology,64,26.5,156.0,200.0,109.0,49.6,12.0,Outpatient Monitoring
PAT-21808,2026-01-01,Neurology,33,27.0,134.0,159.0,99.0,22.3,10.0,Discharged Full Recovery
PAT-21809,2025-07-23,Neurology,72,27.7,165.0,212.0,114.0,59.7,13.0,Outpatient Monitoring
PAT-21810,2025-12-19,Endocrinology,67,26.5,149.0,222.0,93.0,46.3,14.0,Outpatient Monitoring
PAT-21811,2025-08-08,Cardiology,34,25.7,135.0,204.0,97.0,35.5,11.0,Outpatient Monitoring
PAT-21812,2025-12-02,Endocrinology,46,36.1,143.0,183.0,143.0,51.6,11.0,Outpatient Monitoring
PAT-21813,2025-08-14,Cardiology,37,26.8,162.0,150.0,110.0,38.0,11.0,Outpatient Monitoring
PAT-21814,2025-12-10,Endocrinology,76,26.2,165.0,195.0,115.0,55.0,13.0,Outpatient Monitoring
PAT-21815,2025-06-04,General Medicine,31,28.7,127.0,152.0,101.0,17.5,8.0,Discharged Full Recovery
PAT-21816,2026-01-27,Endocrinology,34,32.4,141.0,209.0,123.0,50.4,11.0,Outpatient Monitoring
PAT-21817,2026-01-09,General Medicine,24,23.1,121.0,197.0,93.0,24.8,8.0,Discharged Full Recovery
PAT-21818,2025-12-10,General Medicine,61,39.8,154.0,203.0,142.0,62.7,12.0,Extended Hospital Care
PAT-21819,2026-03-24,General Medicine,84,23.5,149.0,203.0,127.0,54.2,15.0,Outpatient Monitoring
PAT-21820,2025-09-03,General Medicine,76,21.2,150.0,195.0,125.0,51.5,12.0,Outpatient Monitoring
PAT-21821,2025-12-17,Cardiology,83,24.7,160.0,217.0,98.0,52.3,13.0,Outpatient Monitoring
PAT-21822,2025-10-06,General Medicine,51,26.9,143.0,211.0,119.0,50.4,10.0,Outpatient Monitoring
PAT-21823,2025-09-09,Neurology,22,28.6,152.0,170.0,119.0,42.6,11.0,Outpatient Monitoring
PAT-21824,2025-07-13,Endocrinology,73,35.0,157.0,214.0,108.0,53.9,14.0,Outpatient Monitoring
PAT-21825,2025-09-19,Neurology,48,24.8,137.0,202.0,117.0,43.9,11.0,Outpatient Monitoring
PAT-21826,2025-11-10,Cardiology,36,31.2,141.0,162.0,118.0,34.3,9.0,Discharged Full Recovery
PAT-21827,2025-12-31,Neurology,27,31.5,130.0,153.0,136.0,33.3,7.0,Discharged Full Recovery
PAT-21828,2025-10-02,Endocrinology,80,20.9,145.0,213.0,118.0,51.6,12.0,Outpatient Monitoring
PAT-21829,2026-01-06,Cardiology,39,26.3,133.0,204.0,120.0,43.7,10.0,Outpatient Monitoring
PAT-21830,2025-12-04,Neurology,81,28.5,151.0,225.0,107.0,53.8,9.0,Outpatient Monitoring
PAT-21831,2025-07-06,Cardiology,69,24.0,148.0,222.0,112.0,53.4,10.0,Outpatient Monitoring
PAT-21832,2026-02-25,Endocrinology,26,27.8,135.0,170.0,90.0,22.5,5.0,Discharged Full Recovery
PAT-21833,2025-12-18,Endocrinology,58,27.0,156.0,189.0,116.0,49.1,11.0,Outpatient Monitoring
PAT-21834,2025-06-28,Cardiology,47,28.4,129.0,183.0,119.0,35.0,7.0,Outpatient Monitoring
PAT-21835,2026-01-09,General Medicine,42,29.0,146.0,144.0,133.0,37.4,10.0,Outpatient Monitoring
PAT-21836,2025-10-06,Endocrinology,70,32.9,141.0,228.0,133.0,60.1,11.0,Extended Hospital Care
PAT-21837,2026-03-25,Neurology,39,40.2,148.0,201.0,141.0,58.7,10.0,Outpatient Monitoring
PAT-21838,2025-08-25,Neurology,27,26.9,136.0,185.0,127.0,42.3,9.0,Outpatient Monitoring
PAT-21839,2025-09-15,Endocrinology,77,28.1,142.0,238.0,121.0,58.8,14.0,Outpatient Monitoring
PAT-21840,2025-10-30,Cardiology,68,27.4,154.0,177.0,103.0,39.3,12.0,Outpatient Monitoring
PAT-21841,2025-08-14,General Medicine,41,32.7,162.0,186.0,94.0,42.4,9.0,Outpatient Monitoring
PAT-21842,2025-08-28,Endocrinology,73,34.6,162.0,193.0,115.0,52.9,13.0,Outpatient Monitoring
PAT-21843,2026-01-20,General Medicine,84,25.6,164.0,224.0,120.0,65.2,12.0,Extended Hospital Care
PAT-21844,2025-09-12,Cardiology,69,31.3,151.0,167.0,104.0,35.2,12.0,Outpatient Monitoring
PAT-21845,2025-08-28,Neurology,49,18.5,142.0,158.0,131.0,38.8,11.0,Outpatient Monitoring
PAT-21846,2025-10-05,Cardiology,54,30.0,145.0,225.0,131.0,60.4,13.0,Extended Hospital Care
PAT-21847,2026-03-26,Cardiology,29,23.4,145.0,192.0,125.0,48.1,10.0,Outpatient Monitoring
PAT-21848,2025-12-29,Neurology,35,37.6,151.0,195.0,106.0,44.4,9.0,Outpatient Monitoring
PAT-21849,2025-11-21,General Medicine,35,35.4,143.0,208.0,124.0,51.5,11.0,Outpatient Monitoring
PAT-21850,2025-09-07,General Medicine,24,27.1,117.0,152.0,118.0,19.3,7.0,Discharged Full Recovery
PAT-21851,2025-10-05,Neurology,78,27.6,140.0,173.0,122.0,38.7,12.0,Outpatient Monitoring
PAT-21852,2026-01-21,Cardiology,58,31.5,138.0,231.0,144.0,63.9,12.0,Extended Hospital Care
PAT-21853,2026-02-19,Neurology,64,25.3,141.0,203.0,123.0,48.6,11.0,Outpatient Monitoring
PAT-21854,2026-01-06,Neurology,29,35.8,154.0,165.0,125.0,44.5,11.0,Outpatient Monitoring
PAT-21855,2025-08-05,General Medicine,35,26.0,134.0,195.0,130.0,45.5,8.0,Outpatient Monitoring
PAT-21856,2025-08-20,Neurology,36,27.4,134.0,144.0,146.0,36.6,14.0,Outpatient Monitoring
PAT-21857,2026-01-16,Endocrinology,69,28.6,148.0,194.0,136.0,54.6,13.0,Outpatient Monitoring
PAT-21858,2025-12-17,General Medicine,34,26.8,138.0,192.0,132.0,47.4,9.0,Outpatient Monitoring
PAT-21859,2025-12-03,General Medicine,55,23.2,143.0,205.0,117.0,47.8,10.0,Outpatient Monitoring
PAT-21860,2025-11-04,Cardiology,83,28.9,160.0,193.0,132.0,58.7,14.0,Outpatient Monitoring
PAT-21861,2025-12-07,Cardiology,57,22.6,157.0,180.0,113.0,45.7,10.0,Outpatient Monitoring
PAT-21862,2025-08-05,Neurology,41,21.5,125.0,178.0,144.0,41.5,9.0,Outpatient Monitoring
PAT-21863,2025-09-14,Endocrinology,74,31.1,155.0,203.0,120.0,54.4,13.0,Outpatient Monitoring
PAT-21864,2025-06-20,General Medicine,42,17.8,136.0,184.0,122.0,40.0,11.0,Outpatient Monitoring
PAT-21865,2025-08-19,General Medicine,30,35.4,143.0,190.0,123.0,45.7,9.0,Outpatient Monitoring
PAT-21866,2026-01-11,Neurology,37,30.4,125.0,182.0,121.0,33.5,10.0,Discharged Full Recovery
PAT-21867,2025-09-06,General Medicine,65,21.8,132.0,177.0,107.0,29.9,11.0,Discharged Full Recovery
PAT-21868,2025-12-30,Neurology,55,30.2,144.0,149.0,118.0,31.9,12.0,Discharged Full Recovery
PAT-21869,2025-12-25,General Medicine,39,33.4,144.0,193.0,114.0,43.5,8.0,Outpatient Monitoring
PAT-21870,2025-12-17,Endocrinology,36,26.6,132.0,173.0,116.0,32.3,7.0,Discharged Full Recovery
PAT-21871,2025-07-08,General Medicine,43,27.4,141.0,190.0,133.0,48.7,12.0,Outpatient Monitoring
PAT-21872,2026-01-23,Cardiology,70,27.2,164.0,214.0,106.0,56.6,10.0,Outpatient Monitoring
PAT-21873,2026-01-31,Endocrinology,48,26.8,139.0,175.0,116.0,36.4,14.0,Outpatient Monitoring
PAT-21874,2025-09-07,Neurology,69,29.7,152.0,187.0,143.0,57.3,14.0,Outpatient Monitoring
PAT-21875,2025-10-31,General Medicine,20,26.0,135.0,208.0,117.0,44.7,7.0,Outpatient Monitoring
PAT-21876,2025-09-27,Cardiology,38,31.2,149.0,202.0,135.0,57.1,10.0,Outpatient Monitoring
PAT-21877,2026-01-27,Neurology,62,29.3,153.0,159.0,142.0,49.0,10.0,Outpatient Monitoring
PAT-21878,2025-10-07,Neurology,54,21.2,138.0,173.0,119.0,36.5,8.0,Outpatient Monitoring
PAT-21879,2025-10-08,Cardiology,79,20.4,140.0,217.0,101.0,43.5,10.0,Outpatient Monitoring
PAT-21880,2025-06-20,General Medicine,69,25.8,159.0,185.0,132.0,55.8,13.0,Outpatient Monitoring
PAT-21881,2025-09-16,Endocrinology,72,28.9,156.0,210.0,138.0,64.2,15.0,Extended Hospital Care
PAT-21882,2025-11-05,Cardiology,35,29.8,120.0,190.0,113.0,30.2,11.0,Discharged Full Recovery
PAT-21883,2025-12-14,Neurology,53,29.4,139.0,197.0,111.0,41.0,9.0,Outpatient Monitoring
PAT-21884,2025-12-27,Neurology,31,25.1,129.0,174.0,102.0,25.5,10.0,Discharged Full Recovery
PAT-21885,2025-12-03,Cardiology,26,21.0,114.0,193.0,118.0,30.1,10.0,Discharged Full Recovery
PAT-21886,2025-06-16,Endocrinology,67,19.3,142.0,224.0,85.0,40.2,12.0,Outpatient Monitoring
PAT-21887,2025-06-25,Cardiology,69,31.7,155.0,177.0,123.0,47.8,17.0,Outpatient Monitoring
PAT-21888,2025-06-29,Neurology,39,29.4,144.0,173.0,100.0,31.9,14.0,Discharged Full Recovery
PAT-21889,2025-12-28,General Medicine,64,34.6,147.0,159.0,134.0,42.8,11.0,Outpatient Monitoring
PAT-21890,2025-06-18,Endocrinology,38,25.9,149.0,204.0,74.0,33.3,11.0,Discharged Full Recovery
PAT-21891,2025-10-05,Cardiology,67,30.4,157.0,208.0,98.0,48.1,9.0,Outpatient Monitoring
PAT-21892,2026-02-15,Cardiology,40,21.6,130.0,230.0,131.0,54.4,12.0,Outpatient Monitoring
PAT-21893,2026-03-24,Endocrinology,42,28.4,119.0,172.0,135.0,33.1,10.0,Discharged Full Recovery
PAT-21894,2025-10-30,Neurology,24,29.1,138.0,188.0,126.0,43.8,9.0,Outpatient Monitoring
PAT-21895,2025-06-23,Neurology,28,33.3,136.0,145.0,122.0,28.3,11.0,Discharged Full Recovery
PAT-21896,2026-03-02,Cardiology,55,29.5,149.0,179.0,119.0,43.8,10.0,Outpatient Monitoring
PAT-21897,2025-09-01,Cardiology,54,31.3,129.0,209.0,133.0,48.4,10.0,Outpatient Monitoring
PAT-21898,2026-02-08,General Medicine,50,28.5,138.0,189.0,118.0,40.9,9.0,Outpatient Monitoring
PAT-21899,2025-08-25,Endocrinology,78,33.1,158.0,189.0,137.0,58.5,12.0,Outpatient Monitoring
PAT-21900,2025-11-15,Endocrinology,68,16.7,150.0,194.0,78.0,32.4,13.0,Discharged Full Recovery
PAT-21901,2025-07-27,Cardiology,24,21.1,145.0,170.0,125.0,41.5,8.0,Outpatient Monitoring
PAT-21902,2025-08-06,Cardiology,50,27.2,147.0,153.0,105.0,29.4,12.0,Discharged Full Recovery
PAT-21903,2026-03-01,General Medicine,53,29.9,144.0,213.0,120.0,51.9,9.0,Outpatient Monitoring
PAT-21904,2025-12-07,Neurology,36,34.8,138.0,185.0,125.0,42.5,4.0,Outpatient Monitoring
PAT-21905,2025-07-13,General Medicine,24,25.1,134.0,162.0,106.0,26.0,8.0,Discharged Full Recovery
PAT-21906,2026-01-06,Cardiology,27,22.9,138.0,165.0,121.0,34.9,11.0,Discharged Full Recovery
PAT-21907,2025-06-02,General Medicine,62,28.4,139.0,203.0,88.0,33.6,8.0,Discharged Full Recovery
PAT-21908,2025-07-21,Cardiology,62,27.4,159.0,204.0,115.0,54.7,13.0,Outpatient Monitoring
PAT-21909,2026-02-08,Neurology,29,25.0,133.0,149.0,132.0,32.0,8.0,Discharged Full Recovery
PAT-21910,2025-06-07,Cardiology,70,31.8,144.0,229.0,129.0,60.3,11.0,Extended Hospital Care
PAT-21911,2025-09-04,Endocrinology,62,26.6,126.0,218.0,152.0,57.2,11.0,Outpatient Monitoring
PAT-21912,2025-08-01,General Medicine,74,21.1,146.0,211.0,111.0,48.7,13.0,Outpatient Monitoring
PAT-21913,2026-01-07,Neurology,24,15.4,128.0,152.0,118.0,24.8,8.0,Discharged Full Recovery
PAT-21914,2025-10-25,General Medicine,38,28.6,128.0,147.0,132.0,28.9,11.0,Discharged Full Recovery
PAT-21915,2025-10-09,General Medicine,25,17.9,135.0,189.0,66.0,18.6,7.0,Discharged Full Recovery
PAT-21916,2025-09-26,Endocrinology,66,17.9,136.0,160.0,127.0,34.8,16.0,Discharged Full Recovery
PAT-21917,2025-08-23,Neurology,24,34.9,132.0,179.0,105.0,29.7,8.0,Discharged Full Recovery
PAT-21918,2025-09-18,Neurology,29,29.3,134.0,164.0,106.0,26.6,6.0,Discharged Full Recovery
PAT-21919,2026-02-18,Cardiology,84,23.5,170.0,246.0,117.0,73.6,12.0,Extended Hospital Care
PAT-21920,2026-01-01,Cardiology,36,32.9,147.0,185.0,117.0,43.8,10.0,Outpatient Monitoring
PAT-21921,2026-03-08,Cardiology,47,30.6,156.0,186.0,113.0,47.0,12.0,Outpatient Monitoring
PAT-21922,2025-11-13,Cardiology,72,27.1,138.0,174.0,122.0,38.0,11.0,Outpatient Monitoring
PAT-21923,2026-02-24,Cardiology,73,27.0,135.0,222.0,124.0,51.7,12.0,Outpatient Monitoring
PAT-21924,2026-03-03,Neurology,55,32.6,140.0,159.0,120.0,33.7,8.0,Discharged Full Recovery
PAT-21925,2026-03-21,Neurology,73,28.1,148.0,217.0,111.0,51.5,11.0,Outpatient Monitoring
PAT-21926,2026-02-07,Cardiology,57,27.8,135.0,204.0,87.0,31.5,12.0,Discharged Full Recovery
PAT-21927,2026-03-25,General Medicine,57,34.2,158.0,171.0,103.0,39.5,10.0,Outpatient Monitoring
PAT-21928,2025-10-09,Endocrinology,57,25.9,133.0,198.0,117.0,40.7,13.0,Outpatient Monitoring
PAT-21929,2025-11-30,Neurology,39,28.9,144.0,208.0,99.0,42.0,11.0,Outpatient Monitoring
PAT-21930,2025-12-12,Endocrinology,71,34.5,144.0,214.0,128.0,55.4,13.0,Outpatient Monitoring
PAT-21931,2025-07-14,Endocrinology,46,19.5,129.0,204.0,133.0,46.9,9.0,Outpatient Monitoring
PAT-21932,2026-02-16,Cardiology,42,21.7,126.0,160.0,112.0,23.8,8.0,Discharged Full Recovery
PAT-21933,2025-08-06,Neurology,79,28.7,149.0,251.0,115.0,63.8,12.0,Extended Hospital Care
PAT-21934,2025-07-03,Cardiology,69,39.6,157.0,213.0,127.0,61.2,14.0,Extended Hospital Care
PAT-21935,2025-09-02,General Medicine,42,29.1,139.0,185.0,115.0,39.0,12.0,Outpatient Monitoring
PAT-21936,2026-01-25,General Medicine,64,25.8,127.0,234.0,118.0,48.9,10.0,Outpatient Monitoring
PAT-21937,2025-08-28,Cardiology,29,30.8,151.0,192.0,108.0,44.3,10.0,Outpatient Monitoring
PAT-21938,2026-01-05,General Medicine,24,26.1,134.0,174.0,123.0,36.4,8.0,Outpatient Monitoring
PAT-21939,2026-01-09,Cardiology,52,31.9,147.0,207.0,146.0,62.0,12.0,Extended Hospital Care
PAT-21940,2025-07-30,Cardiology,39,29.4,146.0,194.0,113.0,44.4,8.0,Outpatient Monitoring
PAT-21941,2026-03-01,Endocrinology,37,26.2,132.0,191.0,109.0,34.9,9.0,Discharged Full Recovery
PAT-21942,2025-10-08,Neurology,48,20.2,126.0,161.0,118.0,26.5,10.0,Discharged Full Recovery
PAT-21943,2025-12-22,Cardiology,37,28.8,146.0,186.0,114.0,42.4,14.0,Outpatient Monitoring
PAT-21944,2025-08-17,Cardiology,71,26.4,156.0,209.0,119.0,56.3,14.0,Outpatient Monitoring
PAT-21945,2025-09-11,Neurology,53,34.4,167.0,210.0,127.0,65.3,18.0,Extended Hospital Care
PAT-21946,2026-03-15,General Medicine,39,23.7,135.0,181.0,103.0,31.0,9.0,Discharged Full Recovery
PAT-21947,2025-12-11,Endocrinology,59,28.5,136.0,224.0,119.0,50.8,15.0,Outpatient Monitoring
PAT-21948,2025-10-19,Neurology,51,22.3,134.0,206.0,99.0,36.4,10.0,Outpatient Monitoring
PAT-21949,2026-03-18,Neurology,53,23.2,127.0,218.0,95.0,34.9,9.0,Discharged Full Recovery
PAT-21950,2025-06-05,Cardiology,72,26.9,141.0,197.0,123.0,46.8,13.0,Outpatient Monitoring
PAT-21951,2026-02-04,Cardiology,20,21.2,126.0,165.0,124.0,30.1,7.0,Discharged Full Recovery
PAT-21952,2025-10-29,Endocrinology,64,34.7,153.0,236.0,119.0,62.9,12.0,Extended Hospital Care
PAT-21953,2025-10-14,Endocrinology,54,25.8,142.0,201.0,117.0,46.1,12.0,Outpatient Monitoring
PAT-21954,2025-06-16,Neurology,60,26.0,135.0,205.0,114.0,42.6,10.0,Outpatient Monitoring
PAT-21955,2025-12-05,Cardiology,20,32.5,145.0,188.0,103.0,38.1,8.0,Outpatient Monitoring
PAT-21956,2025-09-03,Cardiology,66,32.2,142.0,219.0,113.0,49.9,14.0,Outpatient Monitoring
PAT-21957,2025-12-27,Cardiology,26,28.1,132.0,121.0,131.0,22.7,7.0,Discharged Full Recovery
PAT-21958,2025-11-18,Cardiology,72,26.8,152.0,207.0,125.0,56.1,13.0,Outpatient Monitoring
PAT-21959,2025-12-05,Endocrinology,45,30.2,143.0,199.0,133.0,52.4,8.0,Outpatient Monitoring
PAT-21960,2025-12-15,Cardiology,71,29.4,163.0,242.0,118.0,69.3,14.0,Extended Hospital Care
PAT-21961,2025-12-17,Neurology,59,24.5,137.0,169.0,102.0,28.0,10.0,Discharged Full Recovery
PAT-21962,2025-06-27,Endocrinology,78,32.8,165.0,194.0,111.0,53.1,15.0,Outpatient Monitoring
PAT-21963,2026-02-15,Neurology,64,28.1,151.0,202.0,116.0,50.5,12.0,Outpatient Monitoring
PAT-21964,2026-03-11,Neurology,22,24.3,136.0,147.0,130.0,32.1,11.0,Discharged Full Recovery
PAT-21965,2026-01-17,Cardiology,83,25.8,172.0,214.0,127.0,69.0,14.0,Extended Hospital Care
PAT-21966,2025-09-03,Cardiology,83,24.2,148.0,183.0,107.0,39.7,14.0,Outpatient Monitoring
PAT-21967,2026-01-22,General Medicine,47,30.3,139.0,197.0,112.0,41.4,7.0,Outpatient Monitoring
PAT-21968,2025-11-09,Endocrinology,70,29.9,152.0,190.0,117.0,47.8,6.0,Outpatient Monitoring
PAT-21969,2025-10-15,Endocrinology,26,32.2,131.0,164.0,135.0,36.7,10.0,Outpatient Monitoring
PAT-21970,2025-12-05,Endocrinology,83,32.1,157.0,224.0,143.0,70.9,11.0,Extended Hospital Care
PAT-21971,2025-12-29,Neurology,42,30.4,134.0,187.0,123.0,40.3,12.0,Outpatient Monitoring
PAT-21972,2026-02-24,Endocrinology,59,36.5,142.0,191.0,146.0,54.7,13.0,Outpatient Monitoring
PAT-21973,2025-06-19,Endocrinology,53,29.1,140.0,163.0,115.0,32.9,10.0,Discharged Full Recovery
PAT-21974,2026-02-05,Cardiology,60,22.5,141.0,222.0,108.0,48.3,13.0,Outpatient Monitoring
PAT-21975,2026-03-25,Cardiology,54,23.6,143.0,211.0,123.0,52.0,13.0,Outpatient Monitoring
PAT-21976,2026-01-12,Neurology,62,16.7,133.0,188.0,124.0,40.5,10.0,Outpatient Monitoring
PAT-21977,2025-07-02,Cardiology,62,31.6,151.0,201.0,118.0,51.0,9.0,Outpatient Monitoring
PAT-21978,2025-09-12,Cardiology,26,22.2,127.0,207.0,123.0,42.8,7.0,Outpatient Monitoring
PAT-21979,2026-01-25,Neurology,52,29.7,155.0,210.0,102.0,49.3,9.0,Outpatient Monitoring
PAT-21980,2026-02-21,Neurology,84,21.2,154.0,255.0,89.0,57.1,14.0,Outpatient Monitoring
PAT-21981,2025-08-21,General Medicine,61,18.5,130.0,227.0,97.0,39.9,11.0,Outpatient Monitoring
PAT-21982,2025-11-18,Cardiology,78,27.2,150.0,208.0,106.0,47.8,15.0,Outpatient Monitoring
PAT-21983,2026-01-20,Cardiology,50,28.0,148.0,182.0,87.0,31.4,9.0,Discharged Full Recovery
PAT-21984,2025-12-12,Endocrinology,39,26.3,133.0,198.0,116.0,40.3,9.0,Outpatient Monitoring
PAT-21985,2025-09-05,Endocrinology,62,17.8,144.0,205.0,97.0,40.3,9.0,Outpatient Monitoring
PAT-21986,2025-08-16,Cardiology,80,29.9,166.0,251.0,106.0,68.7,15.0,Extended Hospital Care
PAT-21987,2025-09-28,General Medicine,55,43.2,166.0,191.0,117.0,55.1,14.0,Outpatient Monitoring
PAT-21988,2025-09-24,Cardiology,52,25.1,139.0,168.0,98.0,27.1,11.0,Discharged Full Recovery
PAT-21989,2026-01-09,Endocrinology,52,29.4,162.0,154.0,148.0,54.4,12.0,Outpatient Monitoring
PAT-21990,2025-09-05,Neurology,80,25.2,153.0,195.0,129.0,54.6,14.0,Outpatient Monitoring
PAT-21991,2025-10-09,Endocrinology,29,29.1,128.0,186.0,107.0,30.6,11.0,Discharged Full Recovery
PAT-21992,2025-07-28,Cardiology,82,28.2,143.0,174.0,105.0,33.7,15.0,Discharged Full Recovery
PAT-21993,2026-01-18,Neurology,30,27.2,142.0,139.0,148.0,39.9,9.0,Outpatient Monitoring
PAT-21994,2026-03-14,Neurology,20,26.0,127.0,193.0,136.0,43.8,8.0,Outpatient Monitoring
PAT-21995,2025-11-28,Endocrinology,48,29.4,135.0,187.0,122.0,40.4,14.0,Outpatient Monitoring
PAT-21996,2025-12-25,Endocrinology,67,27.7,143.0,182.0,121.0,42.5,12.0,Outpatient Monitoring
PAT-21997,2025-06-26,Neurology,61,27.6,144.0,199.0,127.0,50.5,14.0,Outpatient Monitoring
PAT-21998,2025-12-19,Neurology,29,31.5,141.0,181.0,146.0,51.2,9.0,Outpatient Monitoring
PAT-21999,2025-10-01,Neurology,57,29.0,144.0,204.0,134.0,54.8,12.0,Outpatient Monitoring
PAT-22000,2026-02-19,Cardiology,66,33.8,150.0,190.0,125.0,50.0,7.0,Outpatient Monitoring
PAT-22001,2025-06-27,General Medicine,61,33.1,160.0,181.0,140.0,58.3,11.0,Outpatient Monitoring
PAT-22002,2025-10-05,Endocrinology,37,29.9,148.0,169.0,131.0,45.1,10.0,Outpatient Monitoring
PAT-22003,2025-09-04,Neurology,63,17.2,133.0,200.0,121.0,42.9,11.0,Outpatient Monitoring
PAT-22004,2026-01-11,Cardiology,67,27.2,160.0,200.0,100.0,48.0,10.0,Outpatient Monitoring
PAT-22005,2026-02-09,Cardiology,54,21.5,142.0,143.0,121.0,30.3,11.0,Discharged Full Recovery
PAT-22006,2026-01-02,Cardiology,65,22.5,142.0,198.0,106.0,40.8,12.0,Outpatient Monitoring
PAT-22007,2025-12-18,Cardiology,31,29.9,125.0,195.0,142.0,45.8,9.0,Outpatient Monitoring
PAT-22008,2025-07-08,Cardiology,82,26.3,159.0,223.0,110.0,58.4,15.0,Outpatient Monitoring
PAT-22009,2025-09-24,Neurology,21,28.5,139.0,171.0,124.0,38.4,8.0,Outpatient Monitoring
PAT-22010,2025-08-24,Cardiology,26,18.8,121.0,113.0,96.0,5.0,8.0,Discharged Full Recovery
PAT-22011,2026-02-14,Neurology,46,30.4,129.0,168.0,138.0,38.1,9.0,Outpatient Monitoring
PAT-22012,2025-08-22,Cardiology,52,30.7,159.0,194.0,106.0,48.1,13.0,Outpatient Monitoring
PAT-22013,2025-09-18,General Medicine,51,34.8,147.0,199.0,126.0,51.6,10.0,Outpatient Monitoring
PAT-22014,2025-07-19,Neurology,65,28.3,141.0,179.0,103.0,33.4,11.0,Discharged Full Recovery
PAT-22015,2025-10-01,Neurology,40,31.1,145.0,175.0,105.0,35.0,12.0,Outpatient Monitoring
PAT-22016,2025-07-30,Cardiology,70,27.1,145.0,183.0,118.0,42.6,10.0,Outpatient Monitoring
PAT-22017,2026-02-02,Neurology,31,25.8,138.0,181.0,116.0,37.7,8.0,Outpatient Monitoring
PAT-22018,2025-08-02,Cardiology,81,22.0,146.0,187.0,104.0,38.7,10.0,Outpatient Monitoring
PAT-22019,2025-09-19,Cardiology,44,32.2,145.0,221.0,97.0,45.6,12.0,Outpatient Monitoring
PAT-22020,2026-03-19,Endocrinology,52,27.4,148.0,176.0,122.0,43.6,11.0,Outpatient Monitoring
PAT-22021,2025-09-28,Cardiology,59,31.5,138.0,200.0,128.0,48.2,7.0,Outpatient Monitoring
PAT-22022,2026-01-14,Endocrinology,54,34.2,158.0,214.0,140.0,67.2,12.0,Extended Hospital Care
PAT-22023,2026-01-29,Neurology,44,29.1,133.0,152.0,118.0,27.3,10.0,Discharged Full Recovery
PAT-22024,2025-07-24,Endocrinology,21,19.1,131.0,193.0,117.0,38.2,9.0,Outpatient Monitoring
PAT-22025,2025-06-30,Cardiology,84,22.2,152.0,232.0,115.0,59.6,14.0,Outpatient Monitoring
PAT-22026,2025-11-01,General Medicine,68,39.0,163.0,198.0,121.0,57.3,10.0,Outpatient Monitoring
PAT-22027,2025-12-08,Cardiology,84,24.5,150.0,189.0,122.0,48.5,17.0,Outpatient Monitoring
PAT-22028,2025-06-16,Neurology,46,26.3,133.0,210.0,85.0,31.5,8.0,Discharged Full Recovery
PAT-22029,2025-06-18,Endocrinology,21,33.2,118.0,195.0,141.0,41.9,9.0,Outpatient Monitoring
PAT-22030,2025-06-16,Neurology,29,20.5,133.0,169.0,99.0,24.8,8.0,Discharged Full Recovery
PAT-22031,2025-12-19,General Medicine,25,23.4,129.0,156.0,142.0,36.1,12.0,Outpatient Monitoring
PAT-22032,2025-11-16,Neurology,44,23.9,138.0,191.0,106.0,36.7,11.0,Outpatient Monitoring
PAT-22033,2025-11-03,Cardiology,57,26.3,151.0,170.0,123.0,43.7,11.0,Outpatient Monitoring
PAT-22034,2025-07-26,Endocrinology,36,32.0,124.0,194.0,103.0,29.4,11.0,Discharged Full Recovery
PAT-22035,2026-02-15,Neurology,56,20.9,142.0,183.0,120.0,41.9,13.0,Outpatient Monitoring
PAT-22036,2025-09-22,General Medicine,60,19.4,137.0,207.0,96.0,37.0,8.0,Outpatient Monitoring
PAT-22037,2026-01-13,Cardiology,38,26.3,115.0,196.0,120.0,32.3,8.0,Discharged Full Recovery
PAT-22038,2026-03-07,Endocrinology,29,28.8,143.0,193.0,113.0,42.6,12.0,Outpatient Monitoring
PAT-22039,2025-12-02,Cardiology,71,28.9,141.0,213.0,146.0,60.8,11.0,Extended Hospital Care
PAT-22040,2025-08-20,Cardiology,38,33.9,152.0,189.0,148.0,59.9,13.0,Outpatient Monitoring
PAT-22041,2025-09-20,Cardiology,73,32.4,135.0,223.0,128.0,53.6,12.0,Outpatient Monitoring
PAT-22042,2026-02-13,Endocrinology,26,22.1,129.0,176.0,115.0,31.3,9.0,Discharged Full Recovery
PAT-22043,2026-03-12,Endocrinology,51,29.3,145.0,207.0,146.0,61.0,10.0,Extended Hospital Care
PAT-22044,2026-01-28,Cardiology,73,25.7,149.0,211.0,120.0,53.8,15.0,Outpatient Monitoring
PAT-22045,2025-12-11,Endocrinology,84,29.1,156.0,204.0,155.0,69.2,14.0,Extended Hospital Care
PAT-22046,2026-02-05,Neurology,37,35.8,158.0,135.0,131.0,39.9,12.0,Outpatient Monitoring
PAT-22047,2025-06-02,Neurology,34,31.2,139.0,204.0,127.0,49.5,8.0,Outpatient Monitoring
PAT-22048,2025-12-07,Endocrinology,56,29.5,148.0,185.0,106.0,39.9,14.0,Outpatient Monitoring
PAT-22049,2025-09-03,General Medicine,47,29.8,145.0,164.0,98.0,28.9,8.0,Discharged Full Recovery
PAT-22050,2026-02-27,General Medicine,58,32.5,153.0,194.0,129.0,54.3,10.0,Outpatient Monitoring
PAT-22051,2025-09-01,Neurology,49,29.2,136.0,208.0,104.0,40.0,14.0,Outpatient Monitoring
PAT-22052,2025-09-22,Endocrinology,26,20.6,132.0,191.0,107.0,34.1,9.0,Discharged Full Recovery
PAT-22053,2025-09-30,Endocrinology,53,34.0,150.0,173.0,106.0,37.3,12.0,Outpatient Monitoring
PAT-22054,2025-12-01,General Medicine,24,32.9,139.0,206.0,111.0,43.7,12.0,Outpatient Monitoring
PAT-22055,2025-11-08,Cardiology,42,29.2,144.0,179.0,104.0,35.3,13.0,Outpatient Monitoring
PAT-22056,2025-12-14,Neurology,79,24.6,142.0,202.0,111.0,44.0,12.0,Outpatient Monitoring
PAT-22057,2025-09-08,General Medicine,35,30.3,140.0,180.0,142.0,48.8,9.0,Outpatient Monitoring
PAT-22058,2025-11-03,General Medicine,57,32.1,148.0,207.0,117.0,50.9,13.0,Outpatient Monitoring
PAT-22059,2026-02-13,Cardiology,75,35.8,158.0,225.0,133.0,67.7,15.0,Extended Hospital Care
PAT-22060,2025-06-14,General Medicine,47,26.3,138.0,196.0,128.0,47.0,8.0,Outpatient Monitoring
PAT-22061,2025-08-26,Cardiology,43,23.3,122.0,187.0,99.0,24.7,7.0,Discharged Full Recovery
PAT-22062,2025-06-03,Endocrinology,58,26.9,161.0,156.0,110.0,39.3,11.0,Outpatient Monitoring
PAT-22063,2025-08-24,Neurology,77,26.0,151.0,173.0,123.0,44.6,13.0,Outpatient Monitoring
PAT-22064,2025-08-05,Cardiology,21,34.8,129.0,187.0,148.0,47.8,10.0,Outpatient Monitoring
PAT-22065,2025-08-05,Cardiology,27,17.1,120.0,143.0,112.0,15.7,3.0,Discharged Full Recovery
PAT-22066,2026-02-20,Cardiology,40,25.6,148.0,163.0,75.0,20.9,8.0,Discharged Full Recovery
PAT-22067,2025-07-02,Cardiology,32,26.7,133.0,170.0,109.0,29.1,9.0,Discharged Full Recovery
PAT-22068,2025-06-16,Cardiology,57,27.8,149.0,155.0,115.0,35.0,12.0,Outpatient Monitoring
PAT-22069,2025-11-15,Endocrinology,60,31.9,146.0,182.0,133.0,48.8,10.0,Outpatient Monitoring
PAT-22070,2026-01-26,Neurology,82,27.1,155.0,192.0,119.0,50.7,12.0,Outpatient Monitoring
PAT-22071,2026-01-31,Endocrinology,41,22.8,135.0,175.0,82.0,20.8,9.0,Discharged Full Recovery
PAT-22072,2025-11-01,Endocrinology,24,29.1,130.0,172.0,124.0,34.2,10.0,Discharged Full Recovery
PAT-22073,2025-11-30,Endocrinology,51,21.8,144.0,189.0,96.0,35.1,10.0,Outpatient Monitoring
PAT-22074,2026-01-01,Cardiology,32,22.9,129.0,168.0,108.0,26.1,10.0,Discharged Full Recovery
PAT-22075,2025-06-11,Cardiology,21,25.9,127.0,152.0,136.0,31.5,8.0,Discharged Full Recovery
PAT-22076,2026-01-28,Neurology,84,29.0,167.0,193.0,101.0,49.8,14.0,Outpatient Monitoring
PAT-22077,2025-12-11,Cardiology,34,29.7,148.0,166.0,110.0,35.8,8.0,Outpatient Monitoring
PAT-22078,2025-11-17,Cardiology,82,26.1,147.0,204.0,131.0,55.1,13.0,Outpatient Monitoring
PAT-22079,2026-02-25,Cardiology,42,24.4,135.0,180.0,138.0,44.7,12.0,Outpatient Monitoring
PAT-22080,2026-01-10,Neurology,33,28.3,153.0,193.0,97.0,41.2,12.0,Outpatient Monitoring
PAT-22081,2026-03-22,Endocrinology,65,26.3,141.0,201.0,127.0,49.6,13.0,Outpatient Monitoring
PAT-22082,2025-11-21,Cardiology,55,23.3,132.0,184.0,113.0,34.4,7.0,Discharged Full Recovery
PAT-22083,2025-06-09,Endocrinology,50,36.8,156.0,175.0,139.0,54.1,14.0,Outpatient Monitoring
PAT-22084,2025-07-20,Cardiology,55,25.2,155.0,207.0,136.0,62.0,16.0,Extended Hospital Care
PAT-22085,2025-12-12,Cardiology,41,28.8,149.0,197.0,119.0,49.2,8.0,Outpatient Monitoring
PAT-22086,2025-06-20,Endocrinology,32,26.2,138.0,215.0,97.0,40.3,9.0,Outpatient Monitoring
PAT-22087,2025-12-17,Cardiology,60,22.8,163.0,178.0,121.0,51.3,8.0,Outpatient Monitoring
PAT-22088,2025-08-27,Endocrinology,24,28.9,132.0,155.0,129.0,32.1,10.0,Discharged Full Recovery
PAT-22089,2025-09-28,Cardiology,59,32.2,146.0,153.0,129.0,38.5,13.0,Outpatient Monitoring
PAT-22090,2025-11-06,Cardiology,60,24.3,130.0,227.0,114.0,46.7,9.0,Outpatient Monitoring
PAT-22091,2025-06-25,Endocrinology,32,25.6,118.0,178.0,97.0,19.2,7.0,Discharged Full Recovery
PAT-22092,2025-07-23,General Medicine,35,30.0,150.0,186.0,122.0,47.6,11.0,Outpatient Monitoring
PAT-22093,2025-08-09,Neurology,82,33.0,158.0,190.0,140.0,60.0,17.0,Extended Hospital Care
PAT-22094,2025-06-25,General Medicine,51,31.8,150.0,188.0,119.0,47.0,10.0,Outpatient Monitoring
PAT-22095,2025-11-18,Endocrinology,50,25.2,156.0,173.0,124.0,47.5,13.0,Outpatient Monitoring
PAT-22096,2025-08-21,General Medicine,22,31.9,129.0,158.0,115.0,25.9,7.0,Discharged Full Recovery
PAT-22097,2025-11-20,Endocrinology,78,31.7,157.0,196.0,113.0,50.5,8.0,Outpatient Monitoring
PAT-22098,2025-08-26,Neurology,72,25.9,149.0,187.0,132.0,51.4,14.0,Outpatient Monitoring
PAT-22099,2025-09-07,Cardiology,57,26.7,139.0,175.0,133.0,43.2,10.0,Outpatient Monitoring
PAT-22100,2026-03-15,Neurology,35,34.3,133.0,144.0,133.0,30.9,7.0,Discharged Full Recovery
PAT-22101,2025-06-30,Cardiology,82,28.3,159.0,226.0,124.0,64.9,15.0,Extended Hospital Care
PAT-22102,2025-07-23,Endocrinology,66,25.2,144.0,183.0,116.0,41.3,8.0,Outpatient Monitoring
PAT-22103,2025-10-31,Neurology,46,30.8,142.0,153.0,119.0,32.5,15.0,Discharged Full Recovery
PAT-22104,2025-11-26,Cardiology,23,28.5,146.0,190.0,126.0,48.4,6.0,Outpatient Monitoring
PAT-22105,2025-10-31,Cardiology,50,21.4,152.0,190.0,124.0,50.6,11.0,Outpatient Monitoring
PAT-22106,2025-08-05,Endocrinology,43,22.2,148.0,186.0,104.0,39.4,11.0,Outpatient Monitoring
PAT-22107,2025-07-13,Endocrinology,46,23.1,143.0,171.0,92.0,27.6,9.0,Discharged Full Recovery
PAT-22108,2025-10-31,General Medicine,73,29.4,156.0,209.0,128.0,59.9,13.0,Outpatient Monitoring
PAT-22109,2025-07-25,Endocrinology,21,29.9,134.0,197.0,125.0,44.1,11.0,Outpatient Monitoring
PAT-22110,2026-01-21,Cardiology,31,37.2,137.0,218.0,118.0,49.1,8.0,Outpatient Monitoring
PAT-22111,2025-11-10,Neurology,77,18.1,124.0,227.0,105.0,40.1,12.0,Outpatient Monitoring
PAT-22112,2026-03-13,Cardiology,83,22.8,150.0,223.0,97.0,48.7,6.0,Outpatient Monitoring
PAT-22113,2026-02-06,Endocrinology,33,27.1,133.0,153.0,126.0,30.8,11.0,Discharged Full Recovery
PAT-22114,2026-01-27,Neurology,21,22.3,138.0,159.0,130.0,36.7,8.0,Outpatient Monitoring
PAT-22115,2025-06-24,Endocrinology,40,23.5,119.0,207.0,98.0,28.8,6.0,Discharged Full Recovery
PAT-22116,2025-10-22,Endocrinology,79,27.7,156.0,211.0,119.0,56.9,11.0,Outpatient Monitoring
PAT-22117,2025-10-10,Neurology,49,17.9,133.0,215.0,116.0,45.4,14.0,Outpatient Monitoring
PAT-22118,2025-08-12,General Medicine,26,28.0,134.0,171.0,108.0,29.5,8.0,Discharged Full Recovery
PAT-22119,2025-09-28,Neurology,75,27.8,146.0,179.0,112.0,39.5,10.0,Outpatient Monitoring
PAT-22120,2025-10-20,Neurology,30,20.4,132.0,212.0,107.0,40.4,10.0,Outpatient Monitoring
PAT-22121,2025-07-29,Cardiology,44,21.6,151.0,144.0,103.0,27.9,10.0,Discharged Full Recovery
PAT-22122,2025-07-30,Endocrinology,35,16.6,116.0,170.0,114.0,22.6,6.0,Discharged Full Recovery
PAT-22123,2026-02-20,Neurology,55,33.2,140.0,199.0,118.0,44.9,9.0,Outpatient Monitoring
PAT-22124,2025-12-08,Neurology,43,22.8,129.0,156.0,135.0,33.3,8.0,Discharged Full Recovery
PAT-22125,2025-09-22,Cardiology,74,30.9,164.0,243.0,129.0,74.5,14.0,Extended Hospital Care
PAT-22126,2025-11-28,Cardiology,51,30.6,142.0,155.0,130.0,37.5,9.0,Outpatient Monitoring
PAT-22127,2025-08-18,Endocrinology,57,24.3,153.0,198.0,117.0,50.7,10.0,Outpatient Monitoring
PAT-22128,2025-09-29,Cardiology,52,29.2,152.0,194.0,174.0,71.8,9.0,Extended Hospital Care
PAT-22129,2025-07-19,Neurology,43,19.1,137.0,188.0,120.0,40.9,11.0,Outpatient Monitoring
PAT-22130,2025-06-23,Neurology,76,25.7,163.0,181.0,127.0,54.6,16.0,Outpatient Monitoring
PAT-22131,2025-12-22,Neurology,64,37.1,156.0,207.0,143.0,65.3,15.0,Extended Hospital Care
PAT-22132,2025-12-18,Endocrinology,23,31.8,140.0,139.0,99.0,19.3,9.0,Discharged Full Recovery
PAT-22133,2025-07-04,Endocrinology,48,21.5,139.0,199.0,115.0,43.2,9.0,Outpatient Monitoring
PAT-22134,2025-12-30,Cardiology,35,32.5,147.0,232.0,124.0,60.7,11.0,Extended Hospital Care
PAT-22135,2026-03-09,Neurology,75,29.4,132.0,184.0,123.0,38.4,13.0,Outpatient Monitoring
PAT-22136,2026-01-07,Cardiology,46,22.9,141.0,191.0,118.0,43.0,11.0,Outpatient Monitoring
PAT-22137,2025-09-20,General Medicine,71,30.1,150.0,193.0,105.0,42.9,11.0,Outpatient Monitoring
PAT-22138,2025-11-25,Cardiology,34,33.3,137.0,180.0,112.0,35.3,8.0,Outpatient Monitoring
PAT-22139,2025-06-16,Neurology,83,26.3,156.0,232.0,116.0,62.0,15.0,Extended Hospital Care
PAT-22140,2025-11-09,Cardiology,22,23.8,127.0,196.0,124.0,39.9,8.0,Outpatient Monitoring
PAT-22141,2026-01-19,Cardiology,42,31.0,147.0,190.0,103.0,39.7,9.0,Outpatient Monitoring
PAT-22142,2026-02-22,General Medicine,42,28.2,138.0,209.0,97.0,38.5,9.0,Outpatient Monitoring
PAT-22143,2026-01-14,Neurology,22,25.7,130.0,153.0,110.0,22.9,8.0,Discharged Full Recovery
PAT-22144,2025-12-03,Endocrinology,61,30.5,148.0,258.0,131.0,71.8,10.0,Extended Hospital Care
PAT-22145,2025-06-09,General Medicine,43,27.2,137.0,180.0,148.0,49.7,14.0,Outpatient Monitoring
PAT-22146,2026-01-20,Endocrinology,37,26.8,131.0,161.0,116.0,28.2,7.0,Discharged Full Recovery
PAT-22147,2026-02-20,General Medicine,82,22.3,135.0,241.0,139.0,63.4,12.0,Extended Hospital Care
PAT-22148,2026-01-18,Cardiology,56,37.9,156.0,172.0,137.0,52.4,13.0,Outpatient Monitoring
PAT-22149,2025-06-05,Cardiology,65,37.2,146.0,192.0,122.0,47.4,12.0,Outpatient Monitoring
PAT-22150,2025-12-03,Neurology,35,28.1,139.0,174.0,146.0,48.1,8.0,Outpatient Monitoring
PAT-22151,2025-09-06,Endocrinology,40,36.5,151.0,184.0,156.0,61.1,9.0,Extended Hospital Care
PAT-22152,2026-02-20,Cardiology,75,32.2,164.0,219.0,109.0,59.3,14.0,Outpatient Monitoring
PAT-22153,2025-10-29,Cardiology,21,26.6,142.0,182.0,91.0,30.0,7.0,Discharged Full Recovery
PAT-22154,2025-08-16,Cardiology,70,24.6,135.0,183.0,115.0,36.4,12.0,Outpatient Monitoring
PAT-22155,2025-07-26,Endocrinology,74,24.0,137.0,205.0,133.0,51.2,13.0,Outpatient Monitoring
PAT-22156,2025-06-23,Cardiology,35,23.3,135.0,141.0,116.0,24.2,8.0,Discharged Full Recovery
PAT-22157,2026-03-16,General Medicine,44,31.7,150.0,225.0,114.0,56.1,8.0,Outpatient Monitoring
PAT-22158,2025-11-22,Cardiology,80,30.2,146.0,239.0,112.0,57.5,14.0,Outpatient Monitoring
PAT-22159,2026-03-27,General Medicine,80,25.4,137.0,177.0,144.0,47.2,8.0,Outpatient Monitoring
PAT-22160,2025-10-31,Neurology,41,38.4,135.0,140.0,122.0,26.3,8.0,Discharged Full Recovery
PAT-22161,2025-08-20,General Medicine,55,23.7,142.0,158.0,119.0,34.0,10.0,Discharged Full Recovery
PAT-22162,2025-09-12,Endocrinology,45,29.5,148.0,176.0,95.0,32.8,11.0,Discharged Full Recovery
PAT-22163,2025-10-09,General Medicine,35,29.6,135.0,171.0,140.0,42.8,8.0,Outpatient Monitoring
PAT-22164,2025-10-05,Cardiology,66,27.6,139.0,165.0,113.0,32.2,12.0,Discharged Full Recovery
PAT-22165,2025-10-15,Cardiology,45,25.2,130.0,171.0,126.0,34.7,8.0,Discharged Full Recovery
PAT-22166,2025-08-07,Cardiology,56,29.5,152.0,192.0,102.0,42.4,13.0,Outpatient Monitoring
PAT-22167,2025-08-04,General Medicine,77,40.2,167.0,231.0,147.0,79.6,13.0,Extended Hospital Care
PAT-22168,2026-01-30,Endocrinology,48,27.0,132.0,199.0,102.0,34.5,8.0,Discharged Full Recovery
PAT-22169,2025-06-01,Endocrinology,42,31.2,142.0,188.0,126.0,45.8,12.0,Outpatient Monitoring
PAT-22170,2025-12-05,Cardiology,58,32.1,138.0,186.0,144.0,50.4,14.0,Outpatient Monitoring
PAT-22171,2026-03-25,Neurology,84,17.1,137.0,234.0,119.0,54.3,12.0,Outpatient Monitoring
PAT-22172,2025-12-26,Endocrinology,45,20.7,130.0,166.0,120.0,30.8,9.0,Discharged Full Recovery
PAT-22173,2025-07-01,Neurology,60,23.3,142.0,176.0,128.0,43.0,13.0,Outpatient Monitoring
PAT-22174,2025-06-08,Neurology,33,27.4,131.0,175.0,114.0,31.6,12.0,Discharged Full Recovery
PAT-22175,2026-02-26,Neurology,26,33.8,136.0,166.0,118.0,33.0,14.0,Discharged Full Recovery
PAT-22176,2025-07-07,Neurology,50,30.2,139.0,176.0,116.0,36.7,14.0,Outpatient Monitoring
PAT-22177,2025-11-01,Cardiology,39,31.0,139.0,157.0,101.0,25.0,10.0,Discharged Full Recovery
PAT-22178,2025-06-29,Neurology,79,31.8,167.0,212.0,124.0,64.7,17.0,Extended Hospital Care
PAT-22179,2025-09-22,Neurology,28,24.1,127.0,168.0,106.0,24.3,10.0,Discharged Full Recovery
PAT-22180,2025-10-12,Cardiology,21,25.7,141.0,159.0,111.0,30.6,10.0,Discharged Full Recovery
PAT-22181,2025-07-12,Cardiology,78,25.2,149.0,226.0,127.0,61.1,14.0,Extended Hospital Care
PAT-22182,2026-02-19,General Medicine,58,34.3,159.0,214.0,127.0,62.5,11.0,Extended Hospital Care
PAT-22183,2025-08-27,Endocrinology,58,27.6,146.0,185.0,118.0,43.7,10.0,Outpatient Monitoring
PAT-22184,2025-09-17,General Medicine,65,22.2,138.0,201.0,112.0,42.1,6.0,Outpatient Monitoring
PAT-22185,2026-01-06,Neurology,55,24.6,131.0,193.0,100.0,31.4,14.0,Discharged Full Recovery
PAT-22186,2025-12-29,Cardiology,32,34.7,130.0,140.0,127.0,25.8,8.0,Discharged Full Recovery
PAT-22187,2025-09-13,Neurology,41,23.1,119.0,194.0,120.0,33.7,10.0,Discharged Full Recovery
PAT-22188,2025-12-04,General Medicine,25,27.2,130.0,199.0,134.0,46.3,8.0,Outpatient Monitoring
PAT-22189,2025-11-01,Endocrinology,61,30.7,150.0,197.0,129.0,53.7,10.0,Outpatient Monitoring
PAT-22190,2026-03-21,Neurology,44,21.3,129.0,149.0,118.0,24.4,7.0,Discharged Full Recovery
PAT-22191,2025-10-07,General Medicine,29,32.4,148.0,190.0,132.0,51.8,10.0,Outpatient Monitoring
PAT-22192,2025-08-01,Endocrinology,79,26.4,150.0,209.0,106.0,48.1,11.0,Outpatient Monitoring
PAT-22193,2025-09-14,Endocrinology,74,24.3,159.0,182.0,115.0,48.1,15.0,Outpatient Monitoring
PAT-22194,2026-01-16,Neurology,30,34.2,131.0,155.0,130.0,32.0,9.0,Discharged Full Recovery
PAT-22195,2025-08-26,Neurology,39,31.8,140.0,191.0,118.0,42.5,10.0,Outpatient Monitoring
PAT-22196,2026-02-18,Cardiology,59,33.3,154.0,198.0,122.0,53.2,10.0,Outpatient Monitoring
PAT-22197,2026-03-27,Neurology,43,21.6,136.0,203.0,97.0,35.7,9.0,Outpatient Monitoring
PAT-22198,2025-10-04,Neurology,48,29.0,139.0,193.0,114.0,41.0,9.0,Outpatient Monitoring
PAT-22199,2025-08-07,Cardiology,57,19.0,133.0,175.0,142.0,43.8,12.0,Outpatient Monitoring
PAT-22200,2025-08-19,Endocrinology,47,31.5,148.0,220.0,127.0,58.8,7.0,Outpatient Monitoring
PAT-22201,2026-01-31,Neurology,81,29.0,167.0,197.0,143.0,67.8,16.0,Extended Hospital Care
PAT-22202,2026-03-24,General Medicine,45,26.6,142.0,185.0,89.0,30.1,11.0,Discharged Full Recovery
PAT-22203,2025-10-01,General Medicine,50,23.1,138.0,208.0,102.0,40.2,12.0,Outpatient Monitoring
PAT-22204,2025-11-21,Cardiology,64,31.5,166.0,202.0,106.0,54.0,14.0,Outpatient Monitoring
PAT-22205,2025-12-12,Neurology,80,25.7,148.0,214.0,133.0,59.4,14.0,Outpatient Monitoring
PAT-22206,2025-08-30,Endocrinology,20,31.2,127.0,158.0,138.0,34.1,6.0,Discharged Full Recovery
PAT-22207,2025-08-25,Neurology,20,28.7,140.0,142.0,112.0,25.4,11.0,Discharged Full Recovery
PAT-22208,2026-01-24,General Medicine,21,27.4,139.0,166.0,104.0,28.9,7.0,Discharged Full Recovery
PAT-22209,2025-08-16,Neurology,78,18.8,139.0,212.0,118.0,48.3,15.0,Outpatient Monitoring
PAT-22210,2025-11-19,Neurology,27,31.2,131.0,174.0,103.0,26.9,9.0,Discharged Full Recovery
PAT-22211,2026-03-20,Neurology,50,24.9,138.0,193.0,130.0,46.9,11.0,Outpatient Monitoring
PAT-22212,2025-08-21,Neurology,27,37.7,132.0,210.0,125.0,47.0,6.0,Outpatient Monitoring
PAT-22213,2025-11-12,General Medicine,82,32.1,151.0,204.0,125.0,54.7,13.0,Outpatient Monitoring
PAT-22214,2025-07-13,Endocrinology,28,28.6,123.0,162.0,136.0,32.5,7.0,Discharged Full Recovery
PAT-22215,2025-06-03,Cardiology,71,36.1,153.0,216.0,140.0,65.3,11.0,Extended Hospital Care
PAT-22216,2026-03-25,Endocrinology,34,29.8,129.0,157.0,100.0,19.6,8.0,Discharged Full Recovery
PAT-22217,2026-02-16,Neurology,50,30.2,137.0,196.0,101.0,35.7,13.0,Outpatient Monitoring
PAT-22218,2025-07-25,Neurology,34,34.0,154.0,166.0,104.0,36.4,9.0,Outpatient Monitoring
PAT-22219,2026-02-03,General Medicine,31,17.0,126.0,193.0,96.0,27.3,6.0,Discharged Full Recovery
PAT-22220,2026-02-21,Cardiology,32,26.7,123.0,180.0,115.0,29.5,6.0,Discharged Full Recovery
PAT-22221,2025-09-05,Endocrinology,59,31.3,143.0,147.0,102.0,24.4,11.0,Discharged Full Recovery
PAT-22222,2026-02-02,Neurology,54,36.0,149.0,193.0,135.0,54.4,11.0,Outpatient Monitoring
PAT-22223,2025-11-20,Neurology,20,27.8,137.0,154.0,124.0,32.3,5.0,Discharged Full Recovery
PAT-22224,2025-06-26,Endocrinology,71,30.1,163.0,194.0,129.0,59.3,13.0,Outpatient Monitoring
PAT-22225,2026-01-04,Cardiology,82,22.0,150.0,197.0,125.0,52.1,13.0,Outpatient Monitoring
PAT-22226,2025-07-04,Endocrinology,67,34.1,161.0,194.0,140.0,62.7,17.0,Extended Hospital Care
PAT-22227,2025-12-07,Cardiology,56,31.0,150.0,193.0,145.0,58.9,11.0,Outpatient Monitoring
PAT-22228,2025-08-03,General Medicine,59,27.2,145.0,190.0,123.0,46.7,11.0,Outpatient Monitoring
PAT-22229,2025-08-21,Cardiology,84,26.5,163.0,245.0,113.0,68.2,10.0,Extended Hospital Care
PAT-22230,2025-09-15,Endocrinology,57,26.1,149.0,199.0,145.0,60.2,12.0,Extended Hospital Care
PAT-22231,2026-01-10,Cardiology,50,22.5,135.0,173.0,107.0,30.2,11.0,Discharged Full Recovery
PAT-22232,2025-08-14,Cardiology,30,26.6,133.0,177.0,122.0,36.4,7.0,Outpatient Monitoring
PAT-22233,2025-07-07,Neurology,35,25.3,138.0,176.0,112.0,34.6,9.0,Discharged Full Recovery
PAT-22234,2026-01-13,Endocrinology,78,25.9,155.0,213.0,106.0,51.8,14.0,Outpatient Monitoring
PAT-22235,2026-01-28,Neurology,23,25.8,115.0,184.0,109.0,24.3,8.0,Discharged Full Recovery
PAT-22236,2025-09-18,Neurology,37,26.1,133.0,135.0,126.0,25.4,10.0,Discharged Full Recovery
PAT-22237,2025-12-01,Cardiology,38,20.3,133.0,198.0,121.0,42.3,6.0,Outpatient Monitoring
PAT-22238,2025-11-05,Neurology,32,26.6,138.0,209.0,133.0,52.9,13.0,Outpatient Monitoring
PAT-22239,2026-01-22,Neurology,29,24.2,139.0,189.0,124.0,43.8,9.0,Outpatient Monitoring
PAT-22240,2026-01-12,Neurology,41,32.6,152.0,190.0,92.0,37.8,10.0,Outpatient Monitoring
PAT-22241,2025-06-11,Neurology,47,23.9,140.0,192.0,145.0,53.6,10.0,Outpatient Monitoring
PAT-22242,2025-08-21,Cardiology,30,32.3,144.0,166.0,136.0,44.2,7.0,Outpatient Monitoring
PAT-22243,2025-07-08,Neurology,67,26.5,163.0,250.0,111.0,68.9,10.0,Extended Hospital Care
PAT-22244,2025-08-03,Cardiology,48,26.9,150.0,168.0,107.0,36.2,12.0,Outpatient Monitoring
PAT-22245,2025-10-07,Endocrinology,22,34.5,136.0,178.0,141.0,45.8,7.0,Outpatient Monitoring
PAT-22246,2025-12-10,Endocrinology,28,25.2,132.0,173.0,107.0,28.7,6.0,Discharged Full Recovery
PAT-22247,2025-12-14,Cardiology,55,25.8,144.0,208.0,104.0,44.0,11.0,Outpatient Monitoring
PAT-22248,2025-09-11,Endocrinology,32,26.1,116.0,184.0,118.0,28.4,9.0,Discharged Full Recovery
PAT-22249,2026-02-23,Endocrinology,31,26.6,134.0,155.0,127.0,32.3,12.0,Discharged Full Recovery
PAT-22250,2025-09-09,Cardiology,34,21.8,132.0,193.0,102.0,32.7,12.0,Discharged Full Recovery
PAT-22251,2025-08-22,Cardiology,68,29.8,153.0,196.0,116.0,49.7,13.0,Outpatient Monitoring
PAT-22252,2025-09-21,Neurology,77,24.3,147.0,203.0,110.0,46.4,11.0,Outpatient Monitoring
PAT-22253,2025-08-28,Neurology,59,25.6,144.0,198.0,117.0,46.2,8.0,Outpatient Monitoring
PAT-22254,2025-10-15,Neurology,39,26.8,143.0,153.0,131.0,37.8,10.0,Outpatient Monitoring
PAT-22255,2025-08-11,Endocrinology,62,22.2,152.0,196.0,125.0,52.8,13.0,Outpatient Monitoring
PAT-22256,2026-03-01,General Medicine,40,25.8,134.0,172.0,109.0,30.2,10.0,Discharged Full Recovery
PAT-22257,2025-09-29,Cardiology,75,29.9,148.0,228.0,126.0,60.8,9.0,Extended Hospital Care
PAT-22258,2025-07-21,Neurology,83,34.4,175.0,175.0,110.0,52.0,15.0,Outpatient Monitoring
PAT-22259,2025-08-25,General Medicine,26,34.7,141.0,144.0,120.0,29.7,9.0,Discharged Full Recovery
PAT-22260,2026-01-19,Endocrinology,37,23.1,139.0,147.0,94.0,19.2,7.0,Discharged Full Recovery
PAT-22261,2025-09-30,Cardiology,74,25.3,153.0,176.0,125.0,47.3,12.0,Outpatient Monitoring
PAT-22262,2025-08-10,Cardiology,28,21.5,125.0,175.0,89.0,18.6,8.0,Discharged Full Recovery
PAT-22263,2026-03-13,Neurology,20,28.9,118.0,183.0,131.0,34.3,7.0,Discharged Full Recovery
PAT-22264,2025-10-06,Endocrinology,28,26.7,135.0,208.0,117.0,44.7,7.0,Outpatient Monitoring
PAT-22265,2025-12-29,General Medicine,53,23.6,151.0,203.0,104.0,46.0,15.0,Outpatient Monitoring
PAT-22266,2025-11-20,General Medicine,25,27.9,137.0,200.0,106.0,38.9,10.0,Outpatient Monitoring
PAT-22267,2026-01-28,Cardiology,40,27.0,141.0,180.0,141.0,48.9,9.0,Outpatient Monitoring
PAT-22268,2025-10-18,Endocrinology,48,34.4,153.0,141.0,132.0,39.6,7.0,Outpatient Monitoring
PAT-22269,2025-10-15,Endocrinology,26,21.9,118.0,171.0,110.0,22.3,13.0,Discharged Full Recovery
PAT-22270,2026-02-18,Cardiology,83,24.3,156.0,220.0,140.0,68.0,14.0,Extended Hospital Care
PAT-22271,2025-08-26,Cardiology,20,27.2,124.0,143.0,107.0,15.7,7.0,Discharged Full Recovery
PAT-22272,2026-01-30,General Medicine,62,29.8,139.0,220.0,114.0,49.1,14.0,Outpatient Monitoring
PAT-22273,2025-08-07,Cardiology,39,21.9,134.0,163.0,89.0,19.5,10.0,Discharged Full Recovery
PAT-22274,2025-11-13,Endocrinology,31,20.9,132.0,175.0,120.0,34.5,9.0,Discharged Full Recovery
PAT-22275,2025-09-19,General Medicine,51,25.6,131.0,187.0,119.0,37.2,9.0,Outpatient Monitoring
PAT-22276,2026-03-21,Neurology,39,25.5,134.0,143.0,95.0,15.9,7.0,Discharged Full Recovery
PAT-22277,2025-09-03,General Medicine,57,28.0,144.0,219.0,108.0,48.9,9.0,Outpatient Monitoring
PAT-22278,2026-02-26,General Medicine,48,31.7,150.0,156.0,106.0,32.2,11.0,Discharged Full Recovery
PAT-22279,2026-02-09,Endocrinology,21,32.7,115.0,188.0,96.0,20.3,6.0,Discharged Full Recovery
PAT-22280,2026-02-18,General Medicine,64,28.5,157.0,176.0,112.0,44.1,14.0,Outpatient Monitoring
PAT-22281,2025-11-22,Cardiology,38,36.9,142.0,174.0,111.0,35.6,11.0,Outpatient Monitoring
PAT-22282,2025-10-27,Endocrinology,42,37.6,149.0,178.0,137.0,50.7,15.0,Outpatient Monitoring
PAT-22283,2026-01-22,Cardiology,36,28.2,134.0,197.0,119.0,41.7,6.0,Outpatient Monitoring
PAT-22284,2026-01-26,General Medicine,68,24.7,154.0,201.0,105.0,47.3,14.0,Outpatient Monitoring
PAT-22285,2026-03-04,General Medicine,80,26.3,141.0,225.0,98.0,45.2,13.0,Outpatient Monitoring
PAT-22286,2026-01-22,General Medicine,42,21.2,133.0,154.0,103.0,21.9,11.0,Discharged Full Recovery
PAT-22287,2026-03-06,General Medicine,29,21.1,120.0,166.0,74.0,7.4,8.0,Discharged Full Recovery
PAT-22288,2026-02-17,Endocrinology,28,35.1,138.0,146.0,124.0,30.4,9.0,Discharged Full Recovery
PAT-22289,2025-11-25,Cardiology,25,20.6,117.0,183.0,115.0,27.4,9.0,Discharged Full Recovery
PAT-22290,2026-02-25,Endocrinology,81,35.3,168.0,195.0,131.0,62.9,12.0,Extended Hospital Care
PAT-22291,2025-12-13,Cardiology,38,18.6,123.0,163.0,99.0,18.0,9.0,Discharged Full Recovery
PAT-22292,2025-08-23,Neurology,45,26.8,143.0,173.0,133.0,44.6,6.0,Outpatient Monitoring
PAT-22293,2025-11-20,Cardiology,36,19.0,129.0,205.0,116.0,40.4,12.0,Outpatient Monitoring
PAT-22294,2025-08-15,General Medicine,35,33.5,137.0,163.0,88.0,20.6,9.0,Discharged Full Recovery
PAT-22295,2025-10-20,General Medicine,72,28.5,153.0,192.0,148.0,61.3,11.0,Extended Hospital Care
PAT-22296,2026-01-04,Endocrinology,71,27.1,160.0,194.0,106.0,48.6,15.0,Outpatient Monitoring
PAT-22297,2025-11-21,General Medicine,80,27.2,154.0,205.0,109.0,50.1,13.0,Outpatient Monitoring
PAT-22298,2025-11-10,Endocrinology,52,23.1,145.0,164.0,111.0,34.1,9.0,Discharged Full Recovery
PAT-22299,2026-01-17,Neurology,56,18.0,147.0,191.0,105.0,40.8,8.0,Outpatient Monitoring
PAT-22300,2025-12-31,Endocrinology,76,25.9,154.0,200.0,102.0,45.8,13.0,Outpatient Monitoring
PAT-22301,2026-01-10,Neurology,36,26.1,124.0,167.0,123.0,29.3,3.0,Discharged Full Recovery
PAT-22302,2026-01-24,Neurology,49,36.1,153.0,178.0,101.0,38.3,11.0,Outpatient Monitoring
PAT-22303,2025-12-02,Neurology,28,24.3,138.0,214.0,95.0,39.2,7.0,Outpatient Monitoring
PAT-22304,2025-10-13,Cardiology,79,27.0,147.0,248.0,129.0,67.5,13.0,Extended Hospital Care
PAT-22305,2025-10-26,Neurology,64,32.3,150.0,184.0,116.0,44.6,11.0,Outpatient Monitoring
PAT-22306,2025-11-02,Endocrinology,45,25.4,158.0,167.0,117.0,43.9,12.0,Outpatient Monitoring
PAT-22307,2025-12-07,Endocrinology,53,20.3,127.0,173.0,121.0,31.8,10.0,Discharged Full Recovery
PAT-22308,2025-07-06,Cardiology,53,25.4,148.0,160.0,116.0,36.4,7.0,Outpatient Monitoring
PAT-22309,2026-02-26,Endocrinology,27,30.9,142.0,157.0,107.0,28.9,11.0,Discharged Full Recovery
PAT-22310,2025-07-21,General Medicine,66,23.8,141.0,185.0,132.0,46.8,13.0,Outpatient Monitoring
PAT-22311,2025-07-20,Cardiology,83,22.4,153.0,202.0,100.0,45.1,15.0,Outpatient Monitoring
PAT-22312,2025-10-01,General Medicine,51,26.2,147.0,198.0,128.0,52.1,10.0,Outpatient Monitoring
PAT-22313,2025-12-06,Endocrinology,84,32.0,151.0,202.0,125.0,54.1,14.0,Outpatient Monitoring
PAT-22314,2025-06-25,Endocrinology,22,24.7,109.0,172.0,108.0,17.3,8.0,Discharged Full Recovery
PAT-22315,2026-03-07,Neurology,30,20.5,129.0,184.0,94.0,25.3,7.0,Discharged Full Recovery
PAT-22316,2025-11-21,Neurology,23,24.3,142.0,162.0,130.0,39.6,8.0,Outpatient Monitoring
PAT-22317,2025-07-10,Endocrinology,63,22.6,133.0,193.0,137.0,47.2,9.0,Outpatient Monitoring
PAT-22318,2025-10-18,Endocrinology,61,25.7,157.0,179.0,114.0,45.8,13.0,Outpatient Monitoring
PAT-22319,2025-08-01,Endocrinology,66,33.7,150.0,203.0,99.0,43.5,16.0,Outpatient Monitoring
PAT-22320,2026-01-10,Endocrinology,67,26.2,138.0,203.0,98.0,37.1,9.0,Outpatient Monitoring
PAT-22321,2025-10-18,Cardiology,44,18.2,139.0,195.0,114.0,41.6,12.0,Outpatient Monitoring
PAT-22322,2025-09-14,Endocrinology,57,33.9,153.0,195.0,128.0,54.2,9.0,Outpatient Monitoring
PAT-22323,2025-12-06,Cardiology,65,22.9,147.0,225.0,148.0,68.2,10.0,Extended Hospital Care
PAT-22324,2026-02-22,Cardiology,80,26.2,148.0,202.0,134.0,56.2,12.0,Outpatient Monitoring
PAT-22325,2025-09-18,Cardiology,70,23.2,151.0,200.0,106.0,45.9,12.0,Outpatient Monitoring
PAT-22326,2025-09-05,Cardiology,76,35.5,168.0,225.0,105.0,61.5,16.0,Extended Hospital Care
PAT-22327,2025-12-02,Neurology,70,26.9,144.0,218.0,107.0,48.2,10.0,Outpatient Monitoring
PAT-22328,2025-08-07,Neurology,32,17.1,123.0,204.0,103.0,31.9,5.0,Discharged Full Recovery
PAT-22329,2026-01-11,Neurology,49,30.8,148.0,201.0,138.0,57.5,8.0,Outpatient Monitoring
PAT-22330,2025-07-10,Cardiology,70,24.9,154.0,194.0,114.0,48.8,13.0,Outpatient Monitoring
PAT-22331,2025-09-05,Endocrinology,77,29.9,160.0,222.0,133.0,67.8,10.0,Extended Hospital Care
PAT-22332,2025-08-16,Neurology,24,28.7,124.0,171.0,84.0,14.9,10.0,Discharged Full Recovery
PAT-22333,2025-12-16,Cardiology,65,23.1,152.0,187.0,105.0,42.1,12.0,Outpatient Monitoring
PAT-22334,2025-09-03,Neurology,82,36.0,164.0,203.0,167.0,77.7,17.0,Extended Hospital Care
PAT-22335,2025-11-24,Endocrinology,78,20.7,140.0,246.0,103.0,53.0,11.0,Outpatient Monitoring
PAT-22336,2026-03-15,Cardiology,68,29.6,153.0,233.0,104.0,56.0,13.0,Outpatient Monitoring
PAT-22337,2026-02-26,Cardiology,70,30.7,130.0,214.0,86.0,31.6,13.0,Discharged Full Recovery
PAT-22338,2025-07-15,Endocrinology,37,21.6,147.0,190.0,130.0,50.5,10.0,Outpatient Monitoring
PAT-22339,2026-02-05,Endocrinology,27,26.2,137.0,179.0,112.0,35.0,8.0,Outpatient Monitoring
PAT-22340,2025-09-22,Endocrinology,43,33.7,140.0,206.0,121.0,48.2,13.0,Outpatient Monitoring
PAT-22341,2026-03-04,Cardiology,79,25.8,150.0,214.0,119.0,54.8,15.0,Outpatient Monitoring
PAT-22342,2025-06-05,General Medicine,20,21.1,124.0,160.0,78.0,9.2,7.0,Discharged Full Recovery
PAT-22343,2025-08-12,Cardiology,61,35.8,165.0,190.0,108.0,50.7,11.0,Outpatient Monitoring
PAT-22344,2026-03-16,General Medicine,54,25.5,137.0,182.0,104.0,32.7,7.0,Discharged Full Recovery
PAT-22345,2025-10-14,Endocrinology,61,27.4,152.0,182.0,110.0,42.6,10.0,Outpatient Monitoring
PAT-22346,2025-10-07,Cardiology,38,28.5,128.0,174.0,102.0,25.0,9.0,Discharged Full Recovery
PAT-22347,2025-07-13,Endocrinology,59,26.7,142.0,181.0,85.0,27.3,13.0,Discharged Full Recovery
PAT-22348,2025-10-16,Cardiology,68,24.8,163.0,199.0,132.0,62.0,18.0,Extended Hospital Care
PAT-22349,2025-07-28,Endocrinology,31,22.4,135.0,148.0,102.0,20.7,7.0,Discharged Full Recovery
PAT-22350,2025-07-14,Cardiology,66,31.0,144.0,204.0,124.0,50.8,11.0,Outpatient Monitoring
PAT-22351,2026-01-27,General Medicine,70,19.6,148.0,237.0,123.0,62.3,17.0,Extended Hospital Care
PAT-22352,2025-07-25,Neurology,84,16.9,129.0,204.0,104.0,35.3,15.0,Outpatient Monitoring
PAT-22353,2025-09-28,General Medicine,45,33.5,131.0,240.0,147.0,64.3,11.0,Extended Hospital Care
PAT-22354,2025-08-25,Endocrinology,82,21.3,158.0,214.0,129.0,62.8,13.0,Extended Hospital Care
PAT-22355,2025-06-04,Endocrinology,48,20.7,125.0,222.0,116.0,43.5,10.0,Outpatient Monitoring
PAT-22356,2025-09-12,Cardiology,21,20.0,118.0,133.0,124.0,16.5,9.0,Discharged Full Recovery
PAT-22357,2025-12-11,General Medicine,71,32.5,149.0,166.0,123.0,41.5,12.0,Outpatient Monitoring
PAT-22358,2026-02-11,General Medicine,27,28.1,141.0,158.0,125.0,35.9,9.0,Outpatient Monitoring
PAT-22359,2025-10-04,General Medicine,44,36.6,141.0,169.0,136.0,43.6,11.0,Outpatient Monitoring
PAT-22360,2025-11-12,Cardiology,45,26.4,135.0,197.0,125.0,44.6,12.0,Outpatient Monitoring
PAT-22361,2025-10-02,Neurology,73,24.5,152.0,202.0,90.0,40.6,13.0,Outpatient Monitoring
PAT-22362,2025-10-25,Cardiology,61,26.8,154.0,251.0,124.0,69.9,14.0,Extended Hospital Care
PAT-22363,2025-08-16,Neurology,31,21.9,144.0,150.0,110.0,29.0,7.0,Discharged Full Recovery
PAT-22364,2025-07-05,Neurology,43,17.6,144.0,198.0,114.0,45.0,9.0,Outpatient Monitoring
PAT-22365,2025-12-16,Endocrinology,52,20.9,143.0,185.0,82.0,27.8,9.0,Discharged Full Recovery
PAT-22366,2025-08-01,Neurology,68,27.6,153.0,210.0,136.0,61.9,13.0,Extended Hospital Care
PAT-22367,2025-09-19,Neurology,37,31.9,131.0,174.0,135.0,39.7,6.0,Outpatient Monitoring
PAT-22368,2026-02-19,Cardiology,68,27.2,160.0,241.0,127.0,71.1,13.0,Extended Hospital Care
PAT-22369,2025-10-20,Endocrinology,84,28.7,151.0,220.0,132.0,62.3,10.0,Extended Hospital Care
PAT-22370,2025-09-06,General Medicine,77,31.8,165.0,164.0,150.0,59.7,15.0,Outpatient Monitoring
PAT-22371,2025-12-19,Neurology,60,23.7,150.0,180.0,128.0,48.2,13.0,Outpatient Monitoring
PAT-22372,2025-09-23,Cardiology,59,33.1,153.0,187.0,127.0,51.4,12.0,Outpatient Monitoring
PAT-22373,2026-01-04,Neurology,71,33.6,157.0,230.0,122.0,64.3,14.0,Extended Hospital Care
PAT-22374,2025-12-16,Endocrinology,75,34.3,156.0,199.0,130.0,57.7,11.0,Outpatient Monitoring
PAT-22375,2025-09-27,Cardiology,48,23.9,139.0,176.0,137.0,45.1,11.0,Outpatient Monitoring
PAT-22376,2025-11-25,Neurology,50,28.4,139.0,146.0,113.0,26.5,11.0,Discharged Full Recovery
PAT-22377,2025-10-03,Cardiology,67,24.3,137.0,195.0,89.0,30.6,8.0,Discharged Full Recovery
PAT-22378,2026-03-08,Endocrinology,46,30.2,148.0,160.0,121.0,38.4,11.0,Outpatient Monitoring
PAT-22379,2025-07-30,Neurology,43,23.7,136.0,206.0,126.0,48.2,10.0,Outpatient Monitoring
PAT-22380,2025-06-27,General Medicine,44,29.9,162.0,200.0,156.0,71.4,9.0,Extended Hospital Care
PAT-22381,2026-01-21,Neurology,21,26.0,117.0,146.0,118.0,17.5,10.0,Discharged Full Recovery
PAT-22382,2026-02-15,Neurology,63,20.6,143.0,180.0,117.0,40.3,10.0,Outpatient Monitoring
PAT-22383,2026-02-13,Cardiology,33,24.5,137.0,146.0,93.0,17.5,9.0,Discharged Full Recovery
PAT-22384,2025-09-03,Cardiology,79,26.5,148.0,213.0,151.0,66.3,14.0,Extended Hospital Care
PAT-22385,2025-09-19,Endocrinology,35,24.5,138.0,162.0,111.0,30.0,8.0,Discharged Full Recovery
PAT-22386,2025-11-10,Neurology,40,25.5,136.0,198.0,130.0,47.4,10.0,Outpatient Monitoring
PAT-22387,2025-09-10,Cardiology,31,25.9,132.0,168.0,112.0,29.2,6.0,Discharged Full Recovery
PAT-22388,2025-06-10,Endocrinology,70,30.2,154.0,190.0,124.0,51.6,16.0,Outpatient Monitoring
PAT-22389,2025-06-04,Cardiology,20,29.2,127.0,180.0,105.0,27.5,5.0,Discharged Full Recovery
PAT-22390,2025-07-31,Neurology,83,32.6,163.0,226.0,120.0,65.3,16.0,Extended Hospital Care
PAT-22391,2026-01-30,Neurology,59,32.7,158.0,197.0,107.0,48.9,12.0,Outpatient Monitoring
PAT-22392,2026-01-18,Cardiology,73,31.4,158.0,206.0,128.0,60.0,11.0,Extended Hospital Care
PAT-22393,2025-11-18,Neurology,41,30.0,135.0,202.0,105.0,38.1,6.0,Outpatient Monitoring
PAT-22394,2026-03-13,Endocrinology,50,30.6,133.0,180.0,138.0,43.7,9.0,Outpatient Monitoring
PAT-22395,2026-03-18,Cardiology,34,22.7,135.0,198.0,114.0,40.5,8.0,Outpatient Monitoring
PAT-22396,2025-08-12,Cardiology,24,26.5,131.0,182.0,147.0,46.9,9.0,Outpatient Monitoring
PAT-22397,2026-03-20,General Medicine,27,35.2,145.0,182.0,143.0,52.3,5.0,Outpatient Monitoring
PAT-22398,2026-01-18,Endocrinology,64,33.3,155.0,233.0,139.0,71.0,13.0,Extended Hospital Care
PAT-22399,2026-01-30,Cardiology,51,25.9,134.0,188.0,135.0,45.4,8.0,Outpatient Monitoring
PAT-22400,2026-02-01,Endocrinology,62,32.3,153.0,181.0,107.0,41.6,7.0,Outpatient Monitoring
PAT-22401,2025-12-13,Cardiology,76,26.5,158.0,217.0,97.0,50.9,12.0,Outpatient Monitoring
PAT-22402,2026-03-21,Endocrinology,24,25.2,134.0,150.0,110.0,24.0,8.0,Discharged Full Recovery
PAT-22403,2025-10-01,General Medicine,42,35.3,143.0,194.0,138.0,52.9,7.0,Outpatient Monitoring
PAT-22404,2025-06-28,Cardiology,57,32.2,163.0,178.0,116.0,49.3,12.0,Outpatient Monitoring
PAT-22405,2025-08-22,Neurology,74,28.9,143.0,201.0,127.0,50.6,8.0,Outpatient Monitoring
PAT-22406,2026-02-13,General Medicine,26,25.7,124.0,187.0,114.0,31.7,7.0,Discharged Full Recovery
PAT-22407,2025-10-05,Cardiology,22,30.1,114.0,153.0,111.0,15.3,7.0,Discharged Full Recovery
PAT-22408,2025-12-29,Endocrinology,60,28.2,163.0,201.0,110.0,53.8,10.0,Outpatient Monitoring
PAT-22409,2025-12-26,Neurology,49,26.3,139.0,163.0,119.0,34.0,7.0,Discharged Full Recovery
PAT-22410,2025-10-22,General Medicine,62,29.9,147.0,181.0,127.0,46.6,10.0,Outpatient Monitoring
PAT-22411,2026-02-22,Cardiology,70,27.2,157.0,208.0,74.0,38.5,9.0,Outpatient Monitoring
PAT-22412,2026-01-03,General Medicine,76,28.4,152.0,221.0,115.0,56.3,15.0,Outpatient Monitoring
PAT-22413,2025-07-11,Endocrinology,57,34.5,147.0,218.0,154.0,68.5,11.0,Extended Hospital Care
PAT-22414,2025-07-04,Neurology,69,29.9,150.0,209.0,120.0,53.7,12.0,Outpatient Monitoring
PAT-22415,2025-11-30,Cardiology,82,27.9,153.0,202.0,132.0,57.9,13.0,Outpatient Monitoring
PAT-22416,2026-02-23,General Medicine,40,31.3,143.0,193.0,139.0,53.0,10.0,Outpatient Monitoring
PAT-22417,2025-11-13,Neurology,73,19.2,153.0,225.0,103.0,53.2,15.0,Outpatient Monitoring
PAT-22418,2025-12-19,Cardiology,35,25.9,128.0,220.0,115.0,44.0,14.0,Outpatient Monitoring
PAT-22419,2025-11-27,Cardiology,31,27.1,155.0,104.0,135.0,30.7,12.0,Discharged Full Recovery
PAT-22420,2025-10-14,Endocrinology,53,31.1,142.0,178.0,148.0,51.6,7.0,Outpatient Monitoring
PAT-22421,2025-12-22,Cardiology,70,25.9,154.0,206.0,118.0,54.0,8.0,Outpatient Monitoring
PAT-22422,2025-08-18,Neurology,44,28.6,144.0,156.0,114.0,32.4,10.0,Discharged Full Recovery
PAT-22423,2025-12-20,Endocrinology,50,21.5,126.0,181.0,118.0,32.5,9.0,Discharged Full Recovery
PAT-22424,2026-03-15,Endocrinology,30,27.6,142.0,193.0,116.0,43.3,9.0,Outpatient Monitoring
PAT-22425,2026-01-09,Neurology,24,21.3,149.0,155.0,89.0,24.6,7.0,Discharged Full Recovery
PAT-22426,2025-10-13,General Medicine,26,22.6,125.0,176.0,147.0,42.1,10.0,Outpatient Monitoring
PAT-22427,2025-08-05,Endocrinology,61,24.9,136.0,179.0,101.0,30.1,10.0,Discharged Full Recovery
PAT-22428,2026-01-08,Cardiology,44,17.4,132.0,194.0,119.0,39.8,7.0,Outpatient Monitoring
PAT-22429,2025-06-12,Cardiology,62,32.5,146.0,203.0,132.0,54.7,12.0,Outpatient Monitoring
PAT-22430,2025-11-13,Cardiology,39,18.5,123.0,179.0,117.0,30.0,6.0,Discharged Full Recovery
PAT-22431,2026-01-21,Neurology,20,32.0,128.0,173.0,117.0,30.7,8.0,Discharged Full Recovery
PAT-22432,2025-12-11,General Medicine,59,26.0,138.0,214.0,99.0,40.8,13.0,Outpatient Monitoring
PAT-22433,2025-07-24,Endocrinology,75,28.4,157.0,181.0,121.0,49.2,12.0,Outpatient Monitoring
PAT-22434,2025-06-15,Neurology,52,23.6,139.0,210.0,84.0,34.1,9.0,Discharged Full Recovery
PAT-22435,2025-08-13,Cardiology,56,36.0,140.0,173.0,111.0,34.3,13.0,Discharged Full Recovery
PAT-22436,2026-03-03,Cardiology,31,28.9,129.0,173.0,134.0,38.0,7.0,Outpatient Monitoring
PAT-22437,2025-07-17,Cardiology,61,31.1,153.0,166.0,146.0,52.7,12.0,Outpatient Monitoring
PAT-22438,2026-01-03,Cardiology,72,32.8,161.0,194.0,137.0,61.5,12.0,Extended Hospital Care
PAT-22439,2025-12-21,Neurology,47,27.8,153.0,196.0,119.0,50.9,12.0,Outpatient Monitoring
PAT-22440,2026-02-13,General Medicine,63,34.3,140.0,201.0,135.0,52.3,13.0,Outpatient Monitoring
PAT-22441,2025-12-08,General Medicine,37,28.3,147.0,157.0,104.0,30.2,9.0,Discharged Full Recovery
PAT-22442,2025-11-16,Cardiology,73,30.2,162.0,236.0,127.0,70.6,12.0,Extended Hospital Care
PAT-22443,2025-10-09,General Medicine,64,20.6,145.0,175.0,129.0,44.6,16.0,Outpatient Monitoring
PAT-22444,2025-10-03,Cardiology,66,24.9,158.0,224.0,123.0,63.4,15.0,Extended Hospital Care
PAT-22445,2026-02-25,Neurology,46,23.7,147.0,167.0,121.0,40.0,10.0,Outpatient Monitoring
PAT-22446,2025-06-26,Cardiology,80,28.1,162.0,200.0,120.0,57.0,17.0,Outpatient Monitoring
PAT-22447,2026-03-05,Endocrinology,48,26.2,146.0,191.0,141.0,54.7,8.0,Outpatient Monitoring
PAT-22448,2025-12-13,Cardiology,64,23.5,153.0,196.0,89.0,38.9,11.0,Outpatient Monitoring
PAT-22449,2026-03-14,Endocrinology,69,29.9,157.0,200.0,117.0,53.3,10.0,Outpatient Monitoring
PAT-22450,2025-11-01,Cardiology,53,23.7,144.0,163.0,135.0,42.9,8.0,Outpatient Monitoring
PAT-22451,2026-03-03,Cardiology,78,19.9,138.0,246.0,117.0,57.6,10.0,Outpatient Monitoring
PAT-22452,2026-02-09,General Medicine,73,28.7,148.0,219.0,122.0,56.5,12.0,Outpatient Monitoring
PAT-22453,2025-08-27,Cardiology,58,36.6,148.0,188.0,121.0,46.8,10.0,Outpatient Monitoring
PAT-22454,2025-07-24,Cardiology,64,33.1,150.0,204.0,81.0,36.6,12.0,Outpatient Monitoring
PAT-22455,2025-09-27,Endocrinology,66,22.1,144.0,193.0,111.0,42.3,15.0,Outpatient Monitoring
PAT-22456,2026-01-16,Neurology,42,31.5,135.0,198.0,135.0,48.9,11.0,Outpatient Monitoring
PAT-22457,2026-02-12,Endocrinology,27,31.6,134.0,170.0,105.0,28.0,5.0,Discharged Full Recovery
PAT-22458,2025-09-10,Cardiology,37,25.6,132.0,180.0,77.0,18.8,9.0,Discharged Full Recovery
PAT-22459,2025-11-26,Endocrinology,48,25.8,151.0,171.0,148.0,54.0,14.0,Outpatient Monitoring
PAT-22460,2025-12-08,Neurology,29,29.4,136.0,170.0,131.0,39.4,6.0,Outpatient Monitoring
PAT-22461,2025-08-11,General Medicine,53,18.9,132.0,205.0,109.0,39.1,10.0,Outpatient Monitoring
PAT-22462,2026-01-05,Cardiology,37,23.8,125.0,144.0,106.0,16.1,10.0,Discharged Full Recovery
PAT-22463,2025-12-01,General Medicine,74,30.2,161.0,219.0,118.0,61.4,13.0,Extended Hospital Care
PAT-22464,2025-08-14,Endocrinology,75,27.6,164.0,226.0,86.0,52.2,15.0,Outpatient Monitoring
PAT-22465,2025-06-26,Cardiology,45,40.2,150.0,189.0,115.0,45.7,10.0,Outpatient Monitoring
PAT-22466,2025-11-10,General Medicine,64,22.1,141.0,184.0,130.0,45.7,11.0,Outpatient Monitoring
PAT-22467,2026-01-31,Neurology,36,22.3,134.0,172.0,112.0,31.4,7.0,Discharged Full Recovery
PAT-22468,2025-09-15,Cardiology,68,28.4,166.0,216.0,117.0,62.6,15.0,Extended Hospital Care
PAT-22469,2026-02-26,General Medicine,40,24.3,136.0,187.0,121.0,40.5,10.0,Outpatient Monitoring
PAT-22470,2025-07-15,Cardiology,62,36.6,151.0,161.0,105.0,33.8,13.0,Discharged Full Recovery
PAT-22471,2025-08-04,Endocrinology,54,29.7,142.0,192.0,148.0,55.8,10.0,Outpatient Monitoring
PAT-22472,2025-12-12,Cardiology,53,26.3,147.0,197.0,109.0,44.2,11.0,Outpatient Monitoring
PAT-22473,2026-01-28,Cardiology,46,33.3,132.0,168.0,117.0,31.2,8.0,Discharged Full Recovery
PAT-22474,2025-07-21,Cardiology,72,27.9,150.0,181.0,127.0,48.1,13.0,Outpatient Monitoring
PAT-22475,2025-11-05,Neurology,24,17.2,109.0,161.0,107.0,13.6,6.0,Discharged Full Recovery
PAT-22476,2025-07-06,Cardiology,43,26.1,139.0,167.0,141.0,44.0,10.0,Outpatient Monitoring
PAT-22477,2025-11-09,Neurology,57,18.0,142.0,173.0,85.0,24.9,10.0,Discharged Full Recovery
PAT-22478,2026-01-06,Cardiology,58,16.1,127.0,182.0,92.0,22.9,8.0,Discharged Full Recovery
PAT-22479,2025-08-28,Cardiology,38,19.5,140.0,175.0,103.0,31.7,11.0,Discharged Full Recovery
PAT-22480,2026-01-18,General Medicine,34,28.5,150.0,177.0,93.0,33.3,11.0,Discharged Full Recovery
PAT-22481,2025-06-11,General Medicine,81,37.9,173.0,210.0,123.0,66.7,16.0,Extended Hospital Care
PAT-22482,2025-12-26,Cardiology,35,26.1,124.0,187.0,138.0,41.3,9.0,Outpatient Monitoring
PAT-22483,2025-06-23,Endocrinology,32,23.5,128.0,187.0,155.0,50.1,9.0,Outpatient Monitoring
PAT-22484,2025-10-11,General Medicine,71,24.2,142.0,188.0,99.0,35.0,10.0,Outpatient Monitoring
PAT-22485,2026-01-30,Cardiology,24,25.7,124.0,188.0,149.0,46.0,10.0,Outpatient Monitoring
PAT-22486,2025-12-19,Cardiology,58,30.6,147.0,186.0,137.0,52.1,11.0,Outpatient Monitoring
PAT-22487,2025-07-08,Cardiology,59,23.8,155.0,197.0,108.0,47.8,9.0,Outpatient Monitoring
PAT-22488,2025-09-02,General Medicine,36,27.9,130.0,190.0,109.0,33.6,7.0,Discharged Full Recovery
PAT-22489,2025-08-08,Endocrinology,84,25.8,152.0,194.0,103.0,43.4,14.0,Outpatient Monitoring
PAT-22490,2025-10-12,Endocrinology,72,34.6,160.0,166.0,120.0,45.8,12.0,Outpatient Monitoring
PAT-22491,2026-03-21,Endocrinology,71,35.9,139.0,200.0,154.0,59.1,13.0,Outpatient Monitoring
PAT-22492,2025-10-12,Cardiology,52,20.2,144.0,219.0,105.0,47.7,9.0,Outpatient Monitoring
PAT-22493,2026-03-26,Endocrinology,27,30.7,127.0,175.0,150.0,44.0,7.0,Outpatient Monitoring
PAT-22494,2025-09-02,General Medicine,77,29.6,166.0,198.0,106.0,52.8,12.0,Outpatient Monitoring
PAT-22495,2025-08-19,General Medicine,50,27.0,134.0,190.0,94.0,29.6,10.0,Discharged Full Recovery
PAT-22496,2025-07-24,Endocrinology,57,30.1,143.0,195.0,150.0,58.0,12.0,Outpatient Monitoring
PAT-22497,2026-03-18,Endocrinology,53,20.4,141.0,203.0,104.0,41.0,13.0,Outpatient Monitoring
PAT-22498,2025-12-18,General Medicine,71,27.1,151.0,177.0,131.0,49.0,12.0,Outpatient Monitoring
PAT-22499,2025-10-26,Cardiology,68,27.6,138.0,217.0,115.0,48.1,12.0,Outpatient Monitoring
PAT-22500,2026-01-07,Cardiology,27,29.9,126.0,221.0,147.0,56.1,8.0,Outpatient Monitoring
PAT-22501,2025-12-17,Neurology,23,26.9,132.0,179.0,96.0,26.1,7.0,Discharged Full Recovery
PAT-22502,2025-11-10,Neurology,76,30.6,161.0,202.0,103.0,50.3,12.0,Outpatient Monitoring
PAT-22503,2025-07-06,Cardiology,53,25.5,149.0,190.0,129.0,51.1,9.0,Outpatient Monitoring
PAT-22504,2025-06-11,Neurology,63,37.1,156.0,253.0,142.0,78.7,12.0,Extended Hospital Care
PAT-22505,2025-07-03,Neurology,55,33.1,148.0,187.0,139.0,53.7,10.0,Outpatient Monitoring
PAT-22506,2026-01-16,General Medicine,51,29.6,145.0,184.0,123.0,44.9,13.0,Outpatient Monitoring
PAT-22507,2026-01-20,Cardiology,84,30.1,148.0,198.0,120.0,49.4,15.0,Outpatient Monitoring
PAT-22508,2025-08-11,Endocrinology,65,34.5,161.0,208.0,98.0,50.1,14.0,Outpatient Monitoring
PAT-22509,2026-02-04,Cardiology,30,35.1,147.0,203.0,143.0,59.6,9.0,Outpatient Monitoring
PAT-22510,2026-01-12,Endocrinology,31,25.4,124.0,186.0,108.0,29.0,9.0,Discharged Full Recovery
PAT-22511,2025-06-23,Cardiology,33,27.7,133.0,143.0,99.0,17.0,7.0,Discharged Full Recovery
PAT-22512,2026-01-05,Cardiology,35,35.4,124.0,211.0,124.0,42.9,9.0,Outpatient Monitoring
PAT-22513,2025-10-31,Cardiology,38,28.5,125.0,194.0,93.0,25.9,5.0,Discharged Full Recovery
PAT-22514,2025-08-29,Cardiology,84,19.3,142.0,202.0,139.0,55.2,16.0,Outpatient Monitoring
PAT-22515,2025-09-16,General Medicine,34,24.7,125.0,191.0,116.0,34.2,8.0,Discharged Full Recovery
PAT-22516,2025-07-13,General Medicine,39,17.9,137.0,237.0,118.0,54.8,11.0,Outpatient Monitoring
PAT-22517,2025-09-21,Endocrinology,80,29.6,155.0,230.0,108.0,57.7,7.0,Outpatient Monitoring
PAT-22518,2025-06-11,Endocrinology,80,32.9,168.0,184.0,123.0,56.4,13.0,Outpatient Monitoring
PAT-22519,2025-12-03,General Medicine,47,28.3,140.0,217.0,150.0,63.1,7.0,Extended Hospital Care
PAT-22520,2025-10-12,Endocrinology,62,29.3,165.0,201.0,128.0,62.0,10.0,Extended Hospital Care
PAT-22521,2026-02-04,Cardiology,36,18.5,119.0,196.0,115.0,32.3,10.0,Discharged Full Recovery
PAT-22522,2026-01-03,Neurology,58,32.9,148.0,187.0,113.0,43.3,13.0,Outpatient Monitoring
PAT-22523,2025-09-02,Cardiology,39,31.3,139.0,171.0,145.0,46.8,10.0,Outpatient Monitoring
PAT-22524,2025-10-31,General Medicine,34,21.1,140.0,204.0,113.0,44.4,7.0,Outpatient Monitoring
PAT-22525,2025-07-30,Neurology,22,32.6,133.0,164.0,134.0,37.3,10.0,Outpatient Monitoring
PAT-22526,2025-08-04,Neurology,68,29.6,156.0,213.0,148.0,69.1,15.0,Extended Hospital Care
PAT-22527,2025-10-31,General Medicine,26,17.8,144.0,170.0,126.0,41.4,9.0,Outpatient Monitoring
PAT-22528,2025-07-27,Cardiology,46,22.9,124.0,208.0,110.0,36.4,8.0,Outpatient Monitoring
PAT-22529,2026-01-04,General Medicine,34,27.2,144.0,201.0,114.0,45.9,4.0,Outpatient Monitoring
PAT-22530,2025-10-05,Cardiology,33,25.2,134.0,184.0,154.0,51.8,14.0,Outpatient Monitoring
PAT-22531,2025-07-20,Endocrinology,55,32.7,153.0,234.0,158.0,77.9,9.0,Extended Hospital Care
PAT-22532,2025-09-22,Endocrinology,27,27.6,135.0,191.0,81.0,25.2,10.0,Discharged Full Recovery
PAT-22533,2026-02-11,Endocrinology,45,26.5,135.0,196.0,128.0,45.5,8.0,Outpatient Monitoring
PAT-22534,2025-06-20,Cardiology,25,28.8,143.0,157.0,123.0,35.8,9.0,Outpatient Monitoring
PAT-22535,2025-10-09,Neurology,76,28.0,142.0,189.0,123.0,44.9,10.0,Outpatient Monitoring
PAT-22536,2025-09-11,Cardiology,42,27.9,142.0,189.0,133.0,48.9,12.0,Outpatient Monitoring
PAT-22537,2026-02-02,Cardiology,22,20.2,126.0,184.0,129.0,37.8,6.0,Outpatient Monitoring
PAT-22538,2025-10-30,General Medicine,31,25.5,134.0,151.0,115.0,26.3,9.0,Discharged Full Recovery
PAT-22539,2025-08-23,General Medicine,51,29.1,141.0,205.0,117.0,46.8,7.0,Outpatient Monitoring
PAT-22540,2025-08-28,Cardiology,68,39.0,145.0,194.0,122.0,47.5,11.0,Outpatient Monitoring
PAT-22541,2025-11-08,Cardiology,75,22.2,144.0,205.0,139.0,57.1,9.0,Outpatient Monitoring
PAT-22542,2025-11-14,Endocrinology,72,33.5,165.0,213.0,134.0,68.0,17.0,Extended Hospital Care
PAT-22543,2025-07-30,General Medicine,76,33.0,155.0,208.0,120.0,55.9,13.0,Outpatient Monitoring
PAT-22544,2025-06-30,Cardiology,39,24.9,141.0,167.0,147.0,47.4,9.0,Outpatient Monitoring
PAT-22545,2026-01-07,Cardiology,54,30.3,168.0,170.0,161.0,67.4,12.0,Extended Hospital Care
PAT-22546,2025-12-20,Neurology,81,26.0,130.0,240.0,113.0,50.2,10.0,Outpatient Monitoring
PAT-22547,2025-08-01,Neurology,35,30.8,146.0,182.0,128.0,46.8,11.0,Outpatient Monitoring
PAT-22548,2025-07-02,General Medicine,68,29.4,151.0,187.0,135.0,53.6,8.0,Outpatient Monitoring
PAT-22549,2025-12-07,Cardiology,63,22.0,140.0,178.0,109.0,35.0,12.0,Outpatient Monitoring
PAT-22550,2025-07-05,Endocrinology,22,15.2,105.0,162.0,106.0,11.5,7.0,Discharged Full Recovery
PAT-22551,2025-09-25,Cardiology,51,30.6,137.0,195.0,131.0,47.4,9.0,Outpatient Monitoring
PAT-22552,2025-09-04,Neurology,30,19.2,108.0,175.0,131.0,26.9,9.0,Discharged Full Recovery
PAT-22553,2025-08-12,Cardiology,57,24.7,156.0,214.0,113.0,55.4,12.0,Outpatient Monitoring
PAT-22554,2026-03-27,General Medicine,38,18.5,119.0,174.0,88.0,14.9,6.0,Discharged Full Recovery
PAT-22555,2025-09-26,Endocrinology,37,29.7,144.0,165.0,114.0,35.1,9.0,Outpatient Monitoring
PAT-22556,2025-07-25,Cardiology,27,29.2,143.0,185.0,130.0,47.0,6.0,Outpatient Monitoring
PAT-22557,2025-08-26,Endocrinology,47,24.3,134.0,194.0,113.0,38.4,7.0,Outpatient Monitoring
PAT-22558,2026-02-11,Neurology,58,26.2,147.0,199.0,122.0,50.0,13.0,Outpatient Monitoring
PAT-22559,2025-09-24,General Medicine,81,28.9,150.0,193.0,148.0,60.1,13.0,Extended Hospital Care
PAT-22560,2025-11-09,Neurology,63,27.6,136.0,196.0,124.0,44.4,13.0,Outpatient Monitoring
PAT-22561,2025-09-15,Cardiology,42,26.2,141.0,200.0,113.0,43.7,12.0,Outpatient Monitoring
PAT-22562,2025-08-08,Endocrinology,57,33.5,153.0,219.0,132.0,63.0,12.0,Extended Hospital Care
PAT-22563,2025-08-04,Neurology,60,17.0,140.0,190.0,113.0,40.2,8.0,Outpatient Monitoring
PAT-22564,2026-01-10,Cardiology,22,29.4,131.0,148.0,100.0,17.9,7.0,Discharged Full Recovery
PAT-22565,2025-09-24,Neurology,75,35.5,155.0,169.0,117.0,43.0,12.0,Outpatient Monitoring
PAT-22566,2025-08-09,Endocrinology,74,27.4,134.0,213.0,129.0,50.5,14.0,Outpatient Monitoring
PAT-22567,2025-10-02,Endocrinology,34,34.8,131.0,136.0,111.0,18.7,9.0,Discharged Full Recovery
PAT-22568,2025-12-30,General Medicine,70,20.7,154.0,195.0,98.0,42.7,13.0,Outpatient Monitoring
PAT-22569,2025-07-08,Endocrinology,36,26.3,142.0,174.0,111.0,35.6,8.0,Outpatient Monitoring
PAT-22570,2026-01-30,Endocrinology,34,29.3,126.0,149.0,104.0,17.3,13.0,Discharged Full Recovery
PAT-22571,2026-03-25,Neurology,36,25.8,144.0,199.0,108.0,42.9,9.0,Outpatient Monitoring
PAT-22572,2025-12-23,General Medicine,80,30.6,164.0,186.0,121.0,54.2,15.0,Outpatient Monitoring
PAT-22573,2026-03-19,Cardiology,83,26.4,151.0,251.0,137.0,73.6,13.0,Extended Hospital Care
PAT-22574,2025-11-07,General Medicine,76,34.0,154.0,219.0,109.0,54.3,13.0,Outpatient Monitoring
PAT-22575,2025-07-29,Neurology,33,18.2,120.0,167.0,80.0,10.1,8.0,Discharged Full Recovery
PAT-22576,2025-10-24,Endocrinology,40,20.5,120.0,186.0,80.0,15.8,9.0,Discharged Full Recovery
PAT-22577,2025-12-21,Neurology,29,28.1,148.0,167.0,98.0,31.3,7.0,Discharged Full Recovery
PAT-22578,2025-08-26,Endocrinology,76,22.2,141.0,199.0,103.0,39.4,11.0,Outpatient Monitoring
PAT-22579,2025-08-20,General Medicine,31,30.0,142.0,160.0,88.0,22.2,11.0,Discharged Full Recovery
PAT-22580,2026-02-04,Cardiology,66,31.6,151.0,227.0,130.0,63.6,11.0,Extended Hospital Care
PAT-22581,2025-06-27,Endocrinology,32,28.0,140.0,194.0,150.0,56.2,9.0,Outpatient Monitoring
PAT-22582,2025-11-06,Cardiology,23,29.0,127.0,96.0,125.0,10.3,6.0,Discharged Full Recovery
PAT-22583,2026-03-04,Neurology,23,22.6,146.0,168.0,120.0,39.4,8.0,Outpatient Monitoring
PAT-22584,2025-11-06,Neurology,76,35.1,164.0,184.0,131.0,57.6,11.0,Outpatient Monitoring
PAT-22585,2026-01-31,Cardiology,72,25.5,164.0,211.0,114.0,58.9,15.0,Outpatient Monitoring
PAT-22586,2025-10-22,General Medicine,43,32.1,136.0,185.0,118.0,38.7,5.0,Outpatient Monitoring
PAT-22587,2025-06-01,Cardiology,57,30.5,142.0,195.0,109.0,41.1,12.0,Outpatient Monitoring
PAT-22588,2025-08-19,Endocrinology,80,28.5,163.0,203.0,98.0,49.6,11.0,Outpatient Monitoring
PAT-22589,2025-08-28,Cardiology,56,26.6,146.0,203.0,87.0,36.7,9.0,Outpatient Monitoring
PAT-22590,2026-03-19,Cardiology,72,20.2,142.0,211.0,120.0,50.3,9.0,Outpatient Monitoring
PAT-22591,2026-01-01,General Medicine,83,25.7,167.0,217.0,107.0,59.4,16.0,Outpatient Monitoring
PAT-22592,2025-11-26,General Medicine,51,31.8,148.0,186.0,97.0,36.6,12.0,Outpatient Monitoring
PAT-22593,2025-10-14,Neurology,44,22.4,153.0,212.0,105.0,50.1,12.0,Outpatient Monitoring
PAT-22594,2026-03-24,Neurology,42,24.0,122.0,213.0,120.0,40.9,10.0,Outpatient Monitoring
PAT-22595,2026-02-23,Cardiology,21,35.8,138.0,170.0,133.0,41.2,9.0,Outpatient Monitoring
PAT-22596,2025-06-02,General Medicine,78,27.1,157.0,214.0,115.0,56.7,16.0,Outpatient Monitoring
PAT-22597,2026-01-11,Cardiology,22,20.6,125.0,191.0,90.0,23.8,9.0,Discharged Full Recovery
PAT-22598,2026-02-26,Endocrinology,60,27.0,138.0,186.0,103.0,34.0,9.0,Discharged Full Recovery
PAT-22599,2026-03-06,Endocrinology,47,27.3,148.0,220.0,128.0,59.2,14.0,Outpatient Monitoring
PAT-22600,2025-10-06,General Medicine,49,31.9,120.0,153.0,130.0,25.9,10.0,Discharged Full Recovery
PAT-22601,2025-09-25,General Medicine,79,29.9,144.0,228.0,127.0,59.2,11.0,Outpatient Monitoring
PAT-22602,2025-11-15,Endocrinology,65,24.0,154.0,203.0,95.0,43.9,10.0,Outpatient Monitoring
PAT-22603,2026-03-26,Neurology,20,22.3,126.0,153.0,89.0,12.5,13.0,Discharged Full Recovery
PAT-22604,2025-11-09,Cardiology,33,29.8,141.0,156.0,139.0,40.9,8.0,Outpatient Monitoring
PAT-22605,2025-09-15,Cardiology,29,25.2,137.0,182.0,98.0,30.3,11.0,Discharged Full Recovery
PAT-22606,2026-01-18,General Medicine,62,20.0,146.0,217.0,95.0,44.1,15.0,Outpatient Monitoring
PAT-22607,2025-10-20,General Medicine,76,31.4,154.0,217.0,108.0,53.3,16.0,Outpatient Monitoring
PAT-22608,2026-02-28,Endocrinology,37,25.3,141.0,183.0,115.0,39.4,10.0,Outpatient Monitoring
PAT-22609,2025-09-12,Cardiology,31,33.6,146.0,167.0,155.0,53.1,10.0,Outpatient Monitoring
PAT-22610,2026-02-10,Neurology,83,23.0,151.0,227.0,112.0,56.4,14.0,Outpatient Monitoring
PAT-22611,2025-11-22,Neurology,55,26.1,141.0,181.0,94.0,30.4,10.0,Discharged Full Recovery
PAT-22612,2026-01-23,Neurology,61,35.8,164.0,209.0,144.0,70.3,14.0,Extended Hospital Care
PAT-22613,2025-10-31,Neurology,23,29.0,127.0,172.0,118.0,30.3,9.0,Discharged Full Recovery
PAT-22614,2026-03-11,Cardiology,59,31.9,157.0,200.0,138.0,61.7,14.0,Extended Hospital Care
PAT-22615,2025-12-10,Cardiology,78,26.3,154.0,208.0,99.0,47.0,11.0,Outpatient Monitoring
PAT-22616,2026-02-16,Cardiology,23,29.7,129.0,178.0,122.0,34.7,11.0,Discharged Full Recovery
PAT-22617,2025-12-06,General Medicine,80,34.9,173.0,209.0,123.0,66.4,15.0,Extended Hospital Care
PAT-22618,2026-01-30,Endocrinology,77,30.3,142.0,205.0,91.0,36.9,10.0,Outpatient Monitoring
PAT-22619,2025-07-11,Endocrinology,37,26.9,133.0,190.0,142.0,48.3,9.0,Outpatient Monitoring
PAT-22620,2025-07-12,Neurology,36,21.8,126.0,170.0,109.0,25.6,6.0,Discharged Full Recovery
PAT-22621,2026-01-06,Endocrinology,22,29.1,113.0,157.0,158.0,34.8,5.0,Discharged Full Recovery
PAT-22622,2026-02-11,Endocrinology,34,33.4,140.0,170.0,128.0,40.2,7.0,Outpatient Monitoring
PAT-22623,2025-09-12,Cardiology,23,24.8,123.0,177.0,106.0,25.0,8.0,Discharged Full Recovery
PAT-22624,2025-11-15,Neurology,70,28.1,146.0,181.0,121.0,43.7,13.0,Outpatient Monitoring
PAT-22625,2025-10-19,Neurology,56,38.3,158.0,161.0,128.0,46.5,11.0,Outpatient Monitoring
PAT-22626,2026-02-04,Cardiology,20,29.4,126.0,165.0,119.0,28.1,8.0,Discharged Full Recovery
PAT-22627,2026-02-17,General Medicine,33,26.5,137.0,198.0,145.0,53.9,9.0,Outpatient Monitoring
PAT-22628,2025-06-22,Neurology,35,30.0,144.0,152.0,92.0,22.4,9.0,Discharged Full Recovery
PAT-22629,2026-01-08,Endocrinology,71,30.9,142.0,236.0,128.0,61.0,13.0,Extended Hospital Care
PAT-22630,2025-10-06,General Medicine,27,32.5,143.0,182.0,154.0,55.7,10.0,Outpatient Monitoring
PAT-22631,2026-03-09,Cardiology,53,29.1,153.0,217.0,114.0,55.2,8.0,Outpatient Monitoring
PAT-22632,2026-02-06,Endocrinology,30,20.2,135.0,214.0,108.0,42.9,10.0,Outpatient Monitoring
PAT-22633,2026-01-31,Cardiology,75,29.1,159.0,201.0,92.0,44.6,12.0,Outpatient Monitoring
PAT-22634,2026-02-12,Cardiology,49,30.8,143.0,156.0,133.0,39.5,10.0,Outpatient Monitoring
PAT-22635,2025-08-22,Endocrinology,73,26.0,161.0,187.0,106.0,47.0,13.0,Outpatient Monitoring
PAT-22636,2026-03-27,Endocrinology,77,20.2,153.0,223.0,94.0,49.0,12.0,Outpatient Monitoring
PAT-22637,2025-10-25,General Medicine,58,14.5,106.0,193.0,85.0,12.9,8.0,Discharged Full Recovery
PAT-22638,2025-09-19,General Medicine,70,25.8,143.0,232.0,94.0,46.7,14.0,Outpatient Monitoring
PAT-22639,2025-11-20,Neurology,72,27.8,168.0,202.0,109.0,56.2,14.0,Outpatient Monitoring
PAT-22640,2025-11-17,Cardiology,57,39.6,150.0,197.0,146.0,60.5,10.0,Extended Hospital Care
PAT-22641,2025-11-28,Cardiology,50,27.8,151.0,188.0,118.0,47.1,11.0,Outpatient Monitoring
PAT-22642,2025-08-17,Cardiology,31,34.8,124.0,204.0,105.0,33.2,9.0,Discharged Full Recovery
PAT-22643,2025-11-30,Cardiology,20,35.2,129.0,165.0,117.0,28.8,9.0,Discharged Full Recovery
PAT-22644,2025-07-17,Cardiology,23,17.1,108.0,185.0,100.0,17.5,11.0,Discharged Full Recovery
PAT-22645,2026-02-20,Endocrinology,20,22.1,142.0,187.0,101.0,35.5,7.0,Outpatient Monitoring
PAT-22646,2025-07-11,Neurology,21,28.3,117.0,184.0,113.0,26.9,7.0,Discharged Full Recovery
PAT-22647,2026-02-17,Cardiology,29,30.5,135.0,161.0,113.0,29.0,10.0,Discharged Full Recovery
PAT-22648,2025-10-12,Neurology,36,24.9,130.0,193.0,104.0,32.5,7.0,Discharged Full Recovery
PAT-22649,2025-09-08,Endocrinology,64,41.4,155.0,208.0,166.0,74.3,14.0,Extended Hospital Care
PAT-22650,2025-08-26,Endocrinology,76,24.5,144.0,192.0,127.0,48.4,15.0,Outpatient Monitoring
PAT-22651,2026-01-19,Cardiology,57,24.5,153.0,232.0,102.0,54.9,11.0,Outpatient Monitoring
PAT-22652,2025-09-05,General Medicine,23,24.6,121.0,191.0,113.0,31.0,5.0,Discharged Full Recovery
PAT-22653,2025-06-21,Endocrinology,21,22.2,117.0,176.0,128.0,30.5,3.0,Discharged Full Recovery
PAT-22654,2025-09-08,Cardiology,28,22.4,138.0,184.0,102.0,33.0,4.0,Discharged Full Recovery
PAT-22655,2025-12-02,Cardiology,29,19.8,135.0,156.0,105.0,24.3,10.0,Discharged Full Recovery
PAT-22656,2025-10-20,Neurology,30,31.3,143.0,153.0,129.0,37.0,9.0,Outpatient Monitoring
PAT-22657,2025-07-04,Cardiology,77,22.0,143.0,217.0,97.0,43.4,13.0,Outpatient Monitoring
PAT-22658,2025-12-12,Cardiology,71,22.5,131.0,222.0,101.0,40.5,12.0,Outpatient Monitoring
PAT-22659,2025-11-30,Cardiology,77,30.0,157.0,216.0,124.0,60.9,12.0,Extended Hospital Care
PAT-22660,2025-11-05,Endocrinology,39,17.8,124.0,211.0,119.0,40.9,8.0,Outpatient Monitoring
PAT-22661,2025-12-19,Cardiology,41,23.9,141.0,206.0,123.0,49.5,12.0,Outpatient Monitoring
PAT-22662,2025-10-28,Endocrinology,59,29.8,153.0,206.0,112.0,51.1,15.0,Outpatient Monitoring
PAT-22663,2025-10-31,Neurology,48,21.9,126.0,227.0,95.0,37.1,8.0,Outpatient Monitoring
PAT-22664,2025-07-07,Endocrinology,47,26.8,138.0,197.0,110.0,40.1,10.0,Outpatient Monitoring
PAT-22665,2025-07-31,Cardiology,54,22.6,138.0,183.0,95.0,29.9,11.0,Discharged Full Recovery
PAT-22666,2026-02-04,Endocrinology,72,25.9,149.0,200.0,120.0,50.5,14.0,Outpatient Monitoring
PAT-22667,2026-03-16,Cardiology,45,32.6,154.0,190.0,123.0,51.2,11.0,Outpatient Monitoring
PAT-22668,2025-06-27,Neurology,75,21.6,149.0,235.0,129.0,64.6,11.0,Extended Hospital Care
PAT-22669,2025-07-04,Neurology,74,24.6,152.0,199.0,109.0,47.3,11.0,Outpatient Monitoring
PAT-22670,2026-02-01,Neurology,55,24.5,142.0,196.0,86.0,32.2,12.0,Discharged Full Recovery
PAT-22671,2025-08-11,Endocrinology,42,19.9,134.0,192.0,111.0,37.0,9.0,Outpatient Monitoring
PAT-22672,2026-03-20,Cardiology,64,25.8,146.0,214.0,104.0,46.8,14.0,Outpatient Monitoring
PAT-22673,2025-10-12,Endocrinology,53,29.5,140.0,189.0,87.0,29.5,9.0,Discharged Full Recovery
PAT-22674,2026-03-06,Neurology,30,30.0,145.0,170.0,109.0,35.1,10.0,Outpatient Monitoring
PAT-22675,2025-09-14,Neurology,69,31.8,172.0,202.0,114.0,60.2,15.0,Extended Hospital Care
PAT-22676,2026-03-06,Endocrinology,52,32.7,161.0,160.0,134.0,50.1,15.0,Outpatient Monitoring
PAT-22677,2026-03-20,Endocrinology,27,27.2,151.0,179.0,117.0,44.0,10.0,Outpatient Monitoring
PAT-22678,2025-08-07,Cardiology,47,31.4,139.0,191.0,121.0,43.2,12.0,Outpatient Monitoring
PAT-22679,2025-09-30,Cardiology,27,31.0,131.0,185.0,125.0,39.0,9.0,Outpatient Monitoring
PAT-22680,2025-10-17,Cardiology,52,22.3,138.0,161.0,94.0,22.9,11.0,Discharged Full Recovery
PAT-22681,2026-02-22,Cardiology,81,27.5,160.0,211.0,96.0,49.7,13.0,Outpatient Monitoring
PAT-22682,2026-01-06,Neurology,55,22.7,138.0,216.0,96.0,40.2,9.0,Outpatient Monitoring
PAT-22683,2025-09-30,Neurology,23,25.9,123.0,215.0,115.0,40.0,12.0,Outpatient Monitoring
PAT-22684,2025-08-04,Cardiology,41,31.7,138.0,183.0,142.0,48.7,6.0,Outpatient Monitoring
PAT-22685,2025-12-28,General Medicine,58,27.5,155.0,177.0,100.0,38.6,10.0,Outpatient Monitoring
PAT-22686,2026-02-15,Neurology,84,21.3,159.0,174.0,116.0,46.1,14.0,Outpatient Monitoring
PAT-22687,2025-07-05,Endocrinology,53,22.5,138.0,177.0,124.0,39.7,8.0,Outpatient Monitoring
PAT-22688,2025-08-01,Endocrinology,34,25.5,130.0,193.0,92.0,27.7,8.0,Discharged Full Recovery
PAT-22689,2025-06-03,General Medicine,32,32.9,147.0,178.0,139.0,50.5,11.0,Outpatient Monitoring
PAT-22690,2025-09-02,Cardiology,67,17.2,136.0,214.0,107.0,43.0,13.0,Outpatient Monitoring
PAT-22691,2025-09-11,Endocrinology,75,32.6,165.0,239.0,122.0,71.0,12.0,Extended Hospital Care
PAT-22692,2026-02-10,Cardiology,53,23.9,139.0,169.0,113.0,33.4,10.0,Discharged Full Recovery
PAT-22693,2025-10-03,General Medicine,30,34.4,151.0,192.0,158.0,64.3,5.0,Extended Hospital Care
PAT-22694,2025-12-13,Neurology,46,24.5,143.0,182.0,110.0,38.1,9.0,Outpatient Monitoring
PAT-22695,2026-03-27,Endocrinology,31,24.6,131.0,193.0,110.0,35.4,9.0,Outpatient Monitoring
PAT-22696,2025-12-24,Neurology,21,27.0,136.0,137.0,104.0,18.7,9.0,Discharged Full Recovery
PAT-22697,2025-07-19,Cardiology,43,28.5,137.0,180.0,126.0,40.9,8.0,Outpatient Monitoring
PAT-22698,2025-06-13,Endocrinology,44,22.8,136.0,197.0,90.0,31.1,13.0,Discharged Full Recovery
PAT-22699,2025-09-03,General Medicine,21,27.7,120.0,198.0,105.0,29.4,7.0,Discharged Full Recovery
PAT-22700,2025-09-12,Cardiology,81,24.0,148.0,215.0,125.0,56.5,14.0,Outpatient Monitoring
PAT-22701,2025-07-12,General Medicine,42,30.3,146.0,131.0,143.0,37.5,9.0,Outpatient Monitoring
PAT-22702,2025-06-30,General Medicine,47,24.0,115.0,143.0,131.0,20.8,9.0,Discharged Full Recovery
PAT-22703,2025-07-06,Cardiology,40,29.3,146.0,178.0,111.0,38.8,8.0,Outpatient Monitoring
PAT-22704,2026-01-26,Cardiology,56,23.9,131.0,196.0,104.0,33.9,11.0,Discharged Full Recovery
PAT-22705,2025-09-08,Cardiology,56,23.8,128.0,209.0,115.0,40.7,10.0,Outpatient Monitoring
PAT-22706,2025-09-21,Cardiology,56,25.6,138.0,158.0,102.0,25.2,12.0,Discharged Full Recovery
PAT-22707,2025-12-17,Neurology,68,28.8,148.0,170.0,90.0,29.0,15.0,Discharged Full Recovery
PAT-22708,2025-09-03,Cardiology,31,36.3,138.0,181.0,156.0,53.7,11.0,Outpatient Monitoring
PAT-22709,2026-02-14,Neurology,83,29.7,163.0,187.0,110.0,49.6,13.0,Outpatient Monitoring
PAT-22710,2026-02-10,Cardiology,70,29.4,131.0,193.0,115.0,37.4,11.0,Outpatient Monitoring
PAT-22711,2025-08-02,Cardiology,63,33.2,150.0,240.0,129.0,66.6,10.0,Extended Hospital Care
PAT-22712,2025-06-14,Cardiology,20,17.7,120.0,215.0,97.0,31.3,9.0,Discharged Full Recovery
PAT-22713,2025-11-07,Neurology,40,28.3,126.0,164.0,113.0,25.4,7.0,Discharged Full Recovery
PAT-22714,2025-07-01,Endocrinology,48,28.5,144.0,207.0,108.0,45.3,14.0,Outpatient Monitoring
PAT-22715,2025-10-16,Neurology,77,24.5,146.0,173.0,108.0,36.1,17.0,Outpatient Monitoring
PAT-22716,2025-12-20,Endocrinology,66,30.2,145.0,192.0,78.0,29.3,14.0,Discharged Full Recovery
PAT-22717,2025-07-05,Neurology,33,32.5,130.0,178.0,142.0,43.2,9.0,Outpatient Monitoring
PAT-22718,2025-10-15,Cardiology,20,25.1,131.0,169.0,84.0,17.8,9.0,Discharged Full Recovery
PAT-22719,2026-03-18,Neurology,32,27.7,115.0,169.0,135.0,30.2,9.0,Discharged Full Recovery
PAT-22720,2025-12-09,Cardiology,74,31.1,150.0,187.0,122.0,47.9,12.0,Outpatient Monitoring
PAT-22721,2025-09-15,Cardiology,80,26.8,159.0,201.0,104.0,49.4,11.0,Outpatient Monitoring
PAT-22722,2026-01-05,Endocrinology,51,29.2,137.0,177.0,146.0,48.0,7.0,Outpatient Monitoring
PAT-22723,2025-09-26,Cardiology,75,26.2,158.0,202.0,110.0,51.6,13.0,Outpatient Monitoring
PAT-22724,2025-10-27,Neurology,45,24.1,129.0,160.0,114.0,26.1,7.0,Discharged Full Recovery
PAT-22725,2025-10-16,Neurology,74,28.6,145.0,207.0,97.0,41.4,14.0,Outpatient Monitoring
PAT-22726,2025-12-27,Endocrinology,62,20.1,138.0,192.0,96.0,33.0,15.0,Discharged Full Recovery
PAT-22727,2026-02-02,Endocrinology,70,24.1,135.0,181.0,93.0,27.0,10.0,Discharged Full Recovery
PAT-22728,2025-09-15,Cardiology,38,17.8,119.0,190.0,121.0,32.9,11.0,Discharged Full Recovery
PAT-22729,2026-01-01,Endocrinology,45,30.6,136.0,220.0,107.0,44.8,9.0,Outpatient Monitoring
PAT-22730,2025-08-21,Endocrinology,55,29.9,153.0,199.0,130.0,56.2,9.0,Outpatient Monitoring
PAT-22731,2026-03-23,General Medicine,34,24.3,135.0,174.0,122.0,36.5,8.0,Outpatient Monitoring
PAT-22732,2025-08-08,General Medicine,38,33.7,149.0,182.0,129.0,48.7,9.0,Outpatient Monitoring
PAT-22733,2025-10-10,Cardiology,71,25.5,148.0,241.0,116.0,60.7,12.0,Extended Hospital Care
PAT-22734,2025-11-28,Cardiology,56,27.7,140.0,161.0,128.0,37.5,11.0,Outpatient Monitoring
PAT-22735,2025-12-21,Cardiology,27,22.7,128.0,187.0,104.0,29.7,7.0,Discharged Full Recovery
PAT-22736,2025-07-26,Neurology,75,27.5,158.0,191.0,135.0,58.3,13.0,Outpatient Monitoring
PAT-22737,2026-02-26,Neurology,45,32.5,131.0,169.0,152.0,45.0,10.0,Outpatient Monitoring
PAT-22738,2026-03-26,Endocrinology,34,25.8,148.0,163.0,124.0,40.5,7.0,Outpatient Monitoring
PAT-22739,2025-11-26,Endocrinology,66,34.0,158.0,176.0,113.0,45.0,13.0,Outpatient Monitoring
PAT-22740,2026-02-16,Neurology,26,31.4,128.0,173.0,83.0,17.1,8.0,Discharged Full Recovery
PAT-22741,2026-03-12,Cardiology,53,33.7,150.0,199.0,122.0,51.5,10.0,Outpatient Monitoring
PAT-22742,2025-12-02,Endocrinology,33,30.2,154.0,186.0,140.0,56.8,7.0,Outpatient Monitoring
PAT-22743,2025-11-21,General Medicine,80,33.3,155.0,227.0,138.0,68.8,13.0,Extended Hospital Care
PAT-22744,2025-08-04,General Medicine,34,32.9,141.0,202.0,139.0,54.7,13.0,Outpatient Monitoring
PAT-22745,2025-08-10,Cardiology,59,22.0,133.0,194.0,114.0,38.3,8.0,Outpatient Monitoring
PAT-22746,2025-06-17,Endocrinology,76,29.5,143.0,223.0,128.0,57.6,9.0,Outpatient Monitoring
PAT-22747,2025-06-01,Endocrinology,32,33.4,137.0,184.0,116.0,38.1,8.0,Outpatient Monitoring
PAT-22748,2025-10-16,Endocrinology,26,28.0,130.0,198.0,126.0,42.8,10.0,Outpatient Monitoring
PAT-22749,2025-08-12,Neurology,45,26.6,141.0,179.0,114.0,37.8,9.0,Outpatient Monitoring
PAT-22750,2025-07-09,Endocrinology,40,23.3,135.0,213.0,116.0,45.8,12.0,Outpatient Monitoring
PAT-22751,2026-03-10,Cardiology,83,22.0,146.0,238.0,127.0,63.2,12.0,Extended Hospital Care
PAT-22752,2025-09-10,Endocrinology,54,31.1,143.0,183.0,122.0,43.2,11.0,Outpatient Monitoring
PAT-22753,2026-01-30,Neurology,79,27.2,166.0,197.0,139.0,65.7,15.0,Extended Hospital Care
PAT-22754,2025-10-29,General Medicine,47,13.5,122.0,218.0,89.0,30.0,5.0,Discharged Full Recovery
PAT-22755,2025-06-01,Cardiology,68,22.2,149.0,209.0,128.0,56.4,12.0,Outpatient Monitoring
PAT-22756,2026-02-09,Cardiology,66,35.9,156.0,195.0,140.0,60.5,13.0,Extended Hospital Care
PAT-22757,2026-02-23,Endocrinology,20,25.6,116.0,167.0,102.0,16.9,6.0,Discharged Full Recovery
PAT-22758,2025-10-30,Neurology,60,28.7,148.0,186.0,130.0,49.8,14.0,Outpatient Monitoring
PAT-22759,2025-12-21,Endocrinology,71,28.6,155.0,207.0,131.0,60.0,9.0,Extended Hospital Care
PAT-22760,2025-08-25,Cardiology,59,20.0,152.0,182.0,127.0,49.4,11.0,Outpatient Monitoring
PAT-22761,2026-03-21,General Medicine,81,26.4,138.0,198.0,143.0,53.6,13.0,Outpatient Monitoring
PAT-22762,2025-08-08,Cardiology,20,32.7,146.0,170.0,101.0,32.4,4.0,Discharged Full Recovery
PAT-22763,2025-09-17,Cardiology,28,31.9,135.0,139.0,107.0,20.0,7.0,Discharged Full Recovery
PAT-22764,2026-02-05,Cardiology,23,25.3,131.0,190.0,114.0,36.1,11.0,Outpatient Monitoring
PAT-22765,2025-07-23,Cardiology,44,25.7,133.0,172.0,143.0,43.3,6.0,Outpatient Monitoring
PAT-22766,2026-03-12,General Medicine,69,29.1,147.0,193.0,117.0,46.2,11.0,Outpatient Monitoring
PAT-22767,2026-01-20,Endocrinology,38,30.3,137.0,214.0,133.0,53.9,8.0,Outpatient Monitoring
PAT-22768,2025-08-17,General Medicine,72,34.2,159.0,192.0,117.0,51.9,14.0,Outpatient Monitoring
PAT-22769,2025-10-16,Neurology,83,23.6,148.0,230.0,117.0,57.8,14.0,Outpatient Monitoring
PAT-22770,2025-06-13,Cardiology,28,22.9,131.0,156.0,121.0,28.7,8.0,Discharged Full Recovery
PAT-22771,2026-01-27,Cardiology,33,26.7,138.0,196.0,101.0,36.2,8.0,Outpatient Monitoring
PAT-22772,2025-11-12,Endocrinology,38,21.0,123.0,190.0,102.0,27.3,7.0,Discharged Full Recovery
PAT-22773,2025-10-02,Cardiology,83,27.4,147.0,211.0,136.0,59.2,14.0,Outpatient Monitoring
PAT-22774,2026-01-14,Endocrinology,81,31.8,160.0,218.0,164.0,79.0,11.0,Extended Hospital Care
PAT-22775,2025-07-22,Endocrinology,80,31.8,155.0,178.0,123.0,48.1,11.0,Outpatient Monitoring
PAT-22776,2026-02-27,General Medicine,43,30.4,147.0,196.0,136.0,54.7,10.0,Outpatient Monitoring
PAT-22777,2025-12-20,General Medicine,67,38.1,171.0,216.0,102.0,59.1,11.0,Outpatient Monitoring
PAT-22778,2025-12-23,Cardiology,43,21.3,139.0,169.0,89.0,23.8,9.0,Discharged Full Recovery
PAT-22779,2025-09-10,Cardiology,79,29.4,156.0,161.0,114.0,39.9,13.0,Outpatient Monitoring
PAT-22780,2025-07-16,Endocrinology,21,28.6,137.0,154.0,113.0,27.9,10.0,Discharged Full Recovery
PAT-22781,2025-08-18,Cardiology,20,37.5,137.0,185.0,151.0,52.4,11.0,Outpatient Monitoring
PAT-22782,2025-10-03,Cardiology,43,31.3,155.0,224.0,109.0,56.3,10.0,Outpatient Monitoring
PAT-22783,2025-06-26,General Medicine,78,25.0,160.0,202.0,122.0,57.4,12.0,Outpatient Monitoring
PAT-22784,2025-08-28,Cardiology,83,25.6,156.0,199.0,112.0,50.5,11.0,Outpatient Monitoring
PAT-22785,2025-08-13,Endocrinology,35,27.7,137.0,184.0,111.0,36.1,9.0,Outpatient Monitoring
PAT-22786,2025-12-15,Endocrinology,20,25.1,122.0,149.0,109.0,17.3,8.0,Discharged Full Recovery
PAT-22787,2025-07-06,Endocrinology,21,32.7,124.0,168.0,135.0,34.4,12.0,Discharged Full Recovery
PAT-22788,2026-01-03,Endocrinology,61,32.0,141.0,207.0,129.0,52.2,9.0,Outpatient Monitoring
PAT-22789,2025-08-05,Neurology,51,23.7,149.0,257.0,116.0,66.0,6.0,Extended Hospital Care
PAT-22790,2026-02-01,General Medicine,78,31.3,153.0,189.0,89.0,36.8,13.0,Outpatient Monitoring
PAT-22791,2025-10-20,Cardiology,44,38.4,135.0,195.0,139.0,49.6,13.0,Outpatient Monitoring
PAT-22792,2025-08-03,Cardiology,54,27.7,141.0,207.0,126.0,51.0,12.0,Outpatient Monitoring
PAT-22793,2026-02-18,Cardiology,36,19.1,134.0,203.0,102.0,36.7,9.0,Outpatient Monitoring
PAT-22794,2025-12-17,Neurology,44,23.8,129.0,199.0,115.0,38.2,8.0,Outpatient Monitoring
PAT-22795,2025-11-30,Neurology,62,22.3,156.0,157.0,118.0,40.3,14.0,Outpatient Monitoring
PAT-22796,2026-03-08,General Medicine,54,32.5,146.0,195.0,135.0,53.5,15.0,Outpatient Monitoring
PAT-22797,2025-09-14,Cardiology,25,21.4,126.0,190.0,109.0,31.6,8.0,Discharged Full Recovery
PAT-22798,2025-11-14,Cardiology,77,36.6,161.0,220.0,121.0,62.9,11.0,Extended Hospital Care
PAT-22799,2025-12-06,General Medicine,23,27.2,126.0,194.0,145.0,47.2,8.0,Outpatient Monitoring
PAT-22800,2025-11-22,Cardiology,21,16.9,116.0,188.0,111.0,26.8,10.0,Discharged Full Recovery
PAT-22801,2025-10-18,Cardiology,36,40.0,143.0,192.0,118.0,44.3,13.0,Outpatient Monitoring
PAT-22802,2025-08-11,Endocrinology,57,24.8,130.0,209.0,85.0,29.7,11.0,Discharged Full Recovery
PAT-22803,2026-02-04,Endocrinology,82,30.7,150.0,177.0,140.0,52.1,16.0,Outpatient Monitoring
PAT-22804,2025-06-06,Cardiology,78,19.0,145.0,200.0,110.0,44.5,11.0,Outpatient Monitoring
PAT-22805,2025-10-05,Cardiology,31,25.4,131.0,198.0,125.0,42.9,12.0,Outpatient Monitoring
PAT-22806,2025-07-11,Endocrinology,36,32.5,148.0,169.0,130.0,44.7,10.0,Outpatient Monitoring
PAT-22807,2026-01-07,Endocrinology,23,36.6,130.0,158.0,138.0,35.6,7.0,Outpatient Monitoring
PAT-22808,2025-09-09,Cardiology,29,44.9,168.0,177.0,139.0,60.7,12.0,Extended Hospital Care
PAT-22809,2025-10-11,Cardiology,37,27.7,122.0,209.0,118.0,38.9,8.0,Outpatient Monitoring
PAT-22810,2025-08-13,General Medicine,21,20.7,126.0,163.0,99.0,19.5,6.0,Discharged Full Recovery
PAT-22811,2026-03-25,Neurology,33,33.1,138.0,167.0,116.0,33.5,7.0,Discharged Full Recovery
PAT-22812,2026-01-10,Endocrinology,26,24.7,133.0,141.0,118.0,24.0,9.0,Discharged Full Recovery
PAT-22813,2025-10-08,General Medicine,62,26.8,141.0,201.0,140.0,54.8,8.0,Outpatient Monitoring
PAT-22814,2025-09-15,Cardiology,30,28.9,133.0,160.0,127.0,33.3,8.0,Discharged Full Recovery
PAT-22815,2026-01-16,Cardiology,57,26.4,134.0,201.0,122.0,44.1,6.0,Outpatient Monitoring
PAT-22816,2025-11-18,Neurology,62,33.6,153.0,173.0,111.0,40.8,12.0,Outpatient Monitoring
PAT-22817,2025-12-06,General Medicine,23,29.3,137.0,156.0,126.0,33.7,8.0,Discharged Full Recovery
PAT-22818,2025-11-19,Neurology,64,35.4,157.0,216.0,138.0,66.5,12.0,Extended Hospital Care
PAT-22819,2026-01-04,Endocrinology,30,22.1,136.0,167.0,67.0,12.9,8.0,Discharged Full Recovery
PAT-22820,2025-11-01,Cardiology,36,26.6,139.0,169.0,157.0,51.0,10.0,Outpatient Monitoring
PAT-22821,2026-03-08,General Medicine,27,21.6,119.0,176.0,109.0,23.9,5.0,Discharged Full Recovery
PAT-22822,2025-07-02,Cardiology,22,29.2,122.0,171.0,125.0,30.3,4.0,Discharged Full Recovery
PAT-22823,2025-09-08,General Medicine,57,35.2,160.0,179.0,147.0,60.5,10.0,Extended Hospital Care
PAT-22824,2026-02-27,Endocrinology,61,29.4,134.0,224.0,122.0,51.0,9.0,Outpatient Monitoring
PAT-22825,2026-01-21,Endocrinology,43,25.5,146.0,167.0,102.0,31.9,9.0,Discharged Full Recovery
PAT-22826,2025-07-24,Cardiology,73,29.8,146.0,200.0,105.0,43.0,10.0,Outpatient Monitoring
PAT-22827,2025-12-10,Endocrinology,80,29.1,150.0,182.0,120.0,45.6,11.0,Outpatient Monitoring
PAT-22828,2025-11-16,Cardiology,37,27.1,154.0,200.0,115.0,51.0,11.0,Outpatient Monitoring
PAT-22829,2026-01-05,Cardiology,60,18.7,136.0,170.0,121.0,35.4,10.0,Outpatient Monitoring
PAT-22830,2025-10-02,Endocrinology,52,34.5,142.0,185.0,122.0,43.3,5.0,Outpatient Monitoring
PAT-22831,2025-10-12,Cardiology,67,16.7,140.0,191.0,110.0,39.3,15.0,Outpatient Monitoring
PAT-22832,2025-12-05,Cardiology,62,23.8,143.0,201.0,116.0,46.2,14.0,Outpatient Monitoring
PAT-22833,2025-06-07,Cardiology,34,25.9,124.0,175.0,120.0,30.5,5.0,Discharged Full Recovery
PAT-22834,2025-12-26,General Medicine,28,30.4,138.0,178.0,117.0,37.2,9.0,Outpatient Monitoring
PAT-22835,2025-09-10,General Medicine,21,22.2,128.0,177.0,115.0,31.1,6.0,Discharged Full Recovery
PAT-22836,2025-07-20,Cardiology,42,29.3,131.0,168.0,114.0,29.5,9.0,Discharged Full Recovery
PAT-22837,2026-01-02,Endocrinology,38,32.4,146.0,214.0,143.0,62.4,10.0,Extended Hospital Care
PAT-22838,2025-09-22,Cardiology,50,29.0,154.0,205.0,120.0,54.5,9.0,Outpatient Monitoring
PAT-22839,2026-02-24,Neurology,57,28.4,152.0,171.0,117.0,42.1,11.0,Outpatient Monitoring
PAT-22840,2026-02-03,General Medicine,64,29.0,149.0,224.0,141.0,66.1,12.0,Extended Hospital Care
PAT-22841,2025-10-08,Endocrinology,59,25.8,147.0,214.0,146.0,64.1,10.0,Extended Hospital Care
PAT-22842,2026-03-20,Endocrinology,21,22.5,115.0,169.0,95.0,14.2,11.0,Discharged Full Recovery
PAT-22843,2025-06-03,Cardiology,52,35.5,147.0,167.0,126.0,42.0,10.0,Outpatient Monitoring
PAT-22844,2026-03-05,Endocrinology,49,22.7,150.0,198.0,88.0,37.6,12.0,Outpatient Monitoring
PAT-22845,2026-01-18,Endocrinology,21,35.4,132.0,124.0,109.0,14.8,8.0,Discharged Full Recovery
PAT-22846,2026-02-21,Endocrinology,39,28.4,138.0,172.0,130.0,40.6,7.0,Outpatient Monitoring
PAT-22847,2025-08-07,Cardiology,34,21.5,131.0,195.0,108.0,35.2,13.0,Outpatient Monitoring
PAT-22848,2025-12-27,Cardiology,49,24.3,143.0,202.0,130.0,52.1,7.0,Outpatient Monitoring
PAT-22849,2025-10-13,Cardiology,43,26.7,138.0,167.0,137.0,41.9,8.0,Outpatient Monitoring
PAT-22850,2025-12-09,Neurology,61,30.4,138.0,204.0,129.0,49.8,10.0,Outpatient Monitoring
PAT-22851,2025-12-16,General Medicine,77,22.1,152.0,213.0,129.0,59.5,14.0,Outpatient Monitoring
PAT-22852,2025-08-02,General Medicine,58,34.2,163.0,200.0,138.0,64.7,12.0,Extended Hospital Care
PAT-22853,2025-09-22,Neurology,79,34.7,159.0,200.0,118.0,54.7,14.0,Outpatient Monitoring
PAT-22854,2026-03-05,General Medicine,30,24.6,136.0,192.0,124.0,43.2,8.0,Outpatient Monitoring
PAT-22855,2025-12-15,Cardiology,46,26.1,138.0,198.0,110.0,40.4,10.0,Outpatient Monitoring
PAT-22856,2025-09-23,Endocrinology,79,26.5,155.0,220.0,150.0,71.5,13.0,Extended Hospital Care
PAT-22857,2026-01-29,Neurology,55,27.4,144.0,191.0,135.0,51.3,12.0,Outpatient Monitoring
PAT-22858,2025-08-07,Neurology,32,35.3,149.0,200.0,135.0,56.5,10.0,Outpatient Monitoring
PAT-22859,2025-08-13,Cardiology,35,29.1,156.0,168.0,99.0,36.0,6.0,Outpatient Monitoring
PAT-22860,2026-01-01,Endocrinology,46,37.4,141.0,204.0,142.0,56.5,13.0,Outpatient Monitoring
PAT-22861,2025-08-08,Endocrinology,22,26.2,129.0,150.0,81.0,9.9,8.0,Discharged Full Recovery
PAT-22862,2025-08-18,Neurology,52,35.7,161.0,187.0,138.0,59.8,11.0,Outpatient Monitoring
PAT-22863,2026-01-25,General Medicine,54,24.2,110.0,230.0,105.0,34.0,9.0,Discharged Full Recovery
PAT-22864,2025-06-14,General Medicine,69,25.9,140.0,229.0,100.0,46.7,12.0,Outpatient Monitoring
PAT-22865,2025-08-10,Neurology,53,32.8,151.0,206.0,123.0,54.5,13.0,Outpatient Monitoring
PAT-22866,2025-12-08,Cardiology,25,23.4,131.0,174.0,130.0,37.7,7.0,Outpatient Monitoring
PAT-22867,2026-03-12,Cardiology,69,28.1,137.0,182.0,143.0,48.3,14.0,Outpatient Monitoring
PAT-22868,2025-06-03,Cardiology,47,22.9,136.0,193.0,74.0,23.5,9.0,Discharged Full Recovery
PAT-22869,2026-01-23,Cardiology,39,18.0,140.0,165.0,102.0,28.3,11.0,Discharged Full Recovery
PAT-22870,2025-09-15,Neurology,69,24.4,156.0,185.0,119.0,49.1,8.0,Outpatient Monitoring
PAT-22871,2025-07-21,Endocrinology,34,24.8,139.0,161.0,126.0,36.2,10.0,Outpatient Monitoring
PAT-22872,2025-07-29,General Medicine,72,19.4,132.0,175.0,109.0,30.1,10.0,Discharged Full Recovery
PAT-22873,2025-06-21,General Medicine,63,25.0,140.0,194.0,119.0,43.8,14.0,Outpatient Monitoring
PAT-22874,2025-06-04,Cardiology,28,21.5,153.0,136.0,117.0,32.1,13.0,Discharged Full Recovery
PAT-22875,2025-11-23,Endocrinology,74,29.6,150.0,204.0,136.0,58.6,15.0,Outpatient Monitoring
PAT-22876,2025-11-20,General Medicine,81,23.2,139.0,216.0,114.0,47.9,14.0,Outpatient Monitoring
PAT-22877,2025-07-10,Endocrinology,44,33.6,133.0,179.0,149.0,47.8,7.0,Outpatient Monitoring
PAT-22878,2025-06-23,Cardiology,29,25.9,135.0,193.0,110.0,37.4,7.0,Outpatient Monitoring
PAT-22879,2025-11-09,Cardiology,56,26.6,145.0,197.0,105.0,41.6,9.0,Outpatient Monitoring
PAT-22880,2026-02-22,Cardiology,84,25.0,155.0,204.0,91.0,43.1,13.0,Outpatient Monitoring
PAT-22881,2025-10-09,Neurology,35,19.1,124.0,177.0,126.0,33.5,10.0,Discharged Full Recovery
PAT-22882,2025-10-28,Cardiology,69,26.2,157.0,194.0,135.0,58.7,11.0,Outpatient Monitoring
PAT-22883,2025-07-27,General Medicine,66,29.0,140.0,185.0,98.0,32.7,13.0,Discharged Full Recovery
PAT-22884,2026-01-12,General Medicine,68,31.7,153.0,178.0,131.0,50.3,10.0,Outpatient Monitoring
PAT-22885,2025-10-27,General Medicine,68,44.1,170.0,220.0,139.0,74.6,14.0,Extended Hospital Care
PAT-22886,2025-12-07,Endocrinology,75,26.1,156.0,226.0,101.0,54.2,15.0,Outpatient Monitoring
PAT-22887,2026-03-13,Cardiology,36,35.2,144.0,198.0,114.0,45.0,10.0,Outpatient Monitoring
PAT-22888,2026-02-27,Endocrinology,60,31.1,165.0,189.0,94.0,44.8,13.0,Outpatient Monitoring
PAT-22889,2025-10-12,Cardiology,22,24.8,121.0,151.0,80.0,5.8,10.0,Discharged Full Recovery
PAT-22890,2026-02-27,Endocrinology,36,21.6,143.0,184.0,112.0,39.5,12.0,Outpatient Monitoring
PAT-22891,2026-03-15,Cardiology,73,18.9,134.0,177.0,111.0,32.5,10.0,Discharged Full Recovery
PAT-22892,2025-11-29,Neurology,41,25.1,137.0,192.0,100.0,34.1,8.0,Discharged Full Recovery
PAT-22893,2026-02-11,Neurology,48,22.0,146.0,182.0,109.0,39.2,11.0,Outpatient Monitoring
PAT-22894,2025-09-21,General Medicine,55,29.3,145.0,218.0,115.0,51.9,9.0,Outpatient Monitoring
PAT-22895,2025-09-04,Endocrinology,39,31.8,138.0,196.0,134.0,49.4,7.0,Outpatient Monitoring
PAT-22896,2025-06-29,Cardiology,43,32.2,138.0,214.0,124.0,50.8,10.0,Outpatient Monitoring
PAT-22897,2025-10-03,General Medicine,25,32.0,142.0,183.0,131.0,46.3,8.0,Outpatient Monitoring
PAT-22898,2025-11-15,Cardiology,69,20.9,138.0,195.0,118.0,42.7,11.0,Outpatient Monitoring
PAT-22899,2025-07-19,Cardiology,42,27.4,128.0,222.0,135.0,52.6,6.0,Outpatient Monitoring
PAT-22900,2026-01-04,Neurology,45,33.2,146.0,149.0,152.0,46.5,10.0,Outpatient Monitoring
PAT-22901,2026-03-17,Endocrinology,72,30.1,148.0,186.0,108.0,41.0,14.0,Outpatient Monitoring
PAT-22902,2026-01-24,Endocrinology,57,30.9,143.0,179.0,121.0,41.6,14.0,Outpatient Monitoring
PAT-22903,2025-08-17,Endocrinology,76,28.3,166.0,222.0,117.0,64.4,9.0,Extended Hospital Care
PAT-22904,2025-06-29,Endocrinology,70,31.7,161.0,212.0,117.0,58.9,12.0,Outpatient Monitoring
PAT-22905,2026-01-01,Neurology,77,24.6,142.0,228.0,147.0,66.2,15.0,Extended Hospital Care
PAT-22906,2025-06-26,Cardiology,59,27.8,152.0,150.0,96.0,27.4,8.0,Discharged Full Recovery
PAT-22907,2026-02-12,Cardiology,53,22.1,148.0,211.0,112.0,50.1,14.0,Outpatient Monitoring
PAT-22908,2025-10-21,General Medicine,70,32.7,152.0,223.0,124.0,60.5,12.0,Extended Hospital Care
PAT-22909,2025-06-21,Cardiology,51,31.3,136.0,191.0,121.0,41.7,12.0,Outpatient Monitoring
PAT-22910,2026-01-17,Cardiology,23,21.4,118.0,198.0,112.0,31.2,4.0,Discharged Full Recovery
PAT-22911,2025-09-20,Cardiology,39,33.9,161.0,184.0,113.0,48.9,13.0,Outpatient Monitoring
PAT-22912,2025-08-04,General Medicine,24,33.0,117.0,186.0,123.0,31.5,10.0,Discharged Full Recovery
PAT-22913,2025-08-16,Cardiology,60,32.7,155.0,217.0,117.0,57.4,12.0,Outpatient Monitoring
PAT-22914,2025-12-19,Endocrinology,59,34.4,158.0,197.0,125.0,56.1,13.0,Outpatient Monitoring
PAT-22915,2026-02-09,General Medicine,41,30.8,135.0,186.0,111.0,35.7,10.0,Outpatient Monitoring
PAT-22916,2026-01-13,Endocrinology,59,22.0,156.0,177.0,116.0,45.5,13.0,Outpatient Monitoring
PAT-22917,2026-03-01,Neurology,20,28.7,124.0,183.0,121.0,33.3,8.0,Discharged Full Recovery
PAT-22918,2025-12-15,General Medicine,32,27.3,138.0,178.0,158.0,53.6,9.0,Outpatient Monitoring
PAT-22919,2025-09-23,Cardiology,32,24.9,137.0,172.0,106.0,30.5,12.0,Discharged Full Recovery
PAT-22920,2025-07-17,Endocrinology,84,15.3,136.0,203.0,113.0,42.1,13.0,Outpatient Monitoring
PAT-22921,2025-09-26,Cardiology,27,27.6,131.0,157.0,112.0,25.4,11.0,Discharged Full Recovery
PAT-22922,2026-01-02,General Medicine,84,19.9,128.0,220.0,99.0,37.6,14.0,Outpatient Monitoring
PAT-22923,2026-03-26,Cardiology,70,22.1,141.0,249.0,104.0,54.8,8.0,Outpatient Monitoring
PAT-22924,2025-12-02,Cardiology,45,28.2,121.0,182.0,128.0,34.3,9.0,Discharged Full Recovery
PAT-22925,2025-08-13,Cardiology,29,34.2,142.0,176.0,130.0,43.8,9.0,Outpatient Monitoring
PAT-22926,2025-06-17,Endocrinology,69,26.3,151.0,230.0,125.0,62.5,11.0,Extended Hospital Care
PAT-22927,2026-02-26,General Medicine,74,34.5,178.0,279.0,119.0,88.3,14.0,Critical Care Intervention
PAT-22928,2025-06-12,Endocrinology,54,34.7,158.0,233.0,95.0,54.9,11.0,Outpatient Monitoring
PAT-22929,2026-01-13,Endocrinology,33,33.9,152.0,186.0,132.0,52.6,13.0,Outpatient Monitoring
PAT-22930,2025-08-20,General Medicine,77,24.0,153.0,188.0,98.0,40.1,12.0,Outpatient Monitoring
PAT-22931,2025-12-22,Neurology,78,18.3,149.0,223.0,73.0,38.6,13.0,Outpatient Monitoring
PAT-22932,2025-08-08,Endocrinology,55,28.3,136.0,190.0,128.0,44.2,13.0,Outpatient Monitoring
PAT-22933,2026-01-31,Neurology,38,35.6,122.0,191.0,139.0,41.9,8.0,Outpatient Monitoring
PAT-22934,2025-10-03,Endocrinology,61,33.6,150.0,196.0,108.0,45.0,11.0,Outpatient Monitoring
PAT-22935,2025-11-12,Cardiology,30,23.0,127.0,188.0,109.0,31.5,9.0,Discharged Full Recovery
PAT-22936,2025-09-17,Neurology,65,27.5,151.0,209.0,119.0,53.8,9.0,Outpatient Monitoring
PAT-22937,2026-01-20,Cardiology,25,26.4,131.0,189.0,131.0,42.6,8.0,Outpatient Monitoring
PAT-22938,2025-10-24,Cardiology,22,28.1,131.0,184.0,111.0,33.1,11.0,Discharged Full Recovery
PAT-22939,2025-08-18,Cardiology,20,31.5,119.0,166.0,142.0,34.1,8.0,Discharged Full Recovery
PAT-22940,2026-02-26,Cardiology,58,21.3,130.0,235.0,141.0,59.9,10.0,Outpatient Monitoring
PAT-22941,2025-07-15,Endocrinology,42,29.4,148.0,196.0,142.0,57.6,10.0,Outpatient Monitoring
PAT-22942,2025-06-10,Endocrinology,22,20.8,114.0,177.0,109.0,21.7,7.0,Discharged Full Recovery
PAT-22943,2026-02-07,Cardiology,75,23.7,157.0,194.0,113.0,49.9,14.0,Outpatient Monitoring
PAT-22944,2026-03-12,Cardiology,25,24.9,142.0,153.0,107.0,27.7,10.0,Discharged Full Recovery
PAT-22945,2025-09-07,General Medicine,43,18.8,126.0,183.0,126.0,36.3,7.0,Outpatient Monitoring
PAT-22946,2025-06-25,Cardiology,36,18.2,129.0,169.0,120.0,31.2,8.0,Discharged Full Recovery
PAT-22947,2025-06-09,Endocrinology,24,19.9,121.0,132.0,114.0,13.7,6.0,Discharged Full Recovery
PAT-22948,2025-08-17,Neurology,58,21.0,138.0,178.0,88.0,25.6,9.0,Discharged Full Recovery
PAT-22949,2026-01-05,Cardiology,81,23.8,126.0,252.0,119.0,54.2,13.0,Outpatient Monitoring
PAT-22950,2026-02-19,Endocrinology,40,28.5,148.0,217.0,123.0,56.3,11.0,Outpatient Monitoring
PAT-22951,2026-01-17,Endocrinology,33,25.0,128.0,182.0,123.0,35.8,5.0,Outpatient Monitoring
PAT-22952,2026-03-23,General Medicine,30,33.1,149.0,189.0,129.0,50.8,10.0,Outpatient Monitoring
PAT-22953,2026-01-23,Endocrinology,44,32.5,133.0,194.0,125.0,42.7,13.0,Outpatient Monitoring
PAT-22954,2025-10-21,Endocrinology,45,18.3,133.0,223.0,91.0,37.8,10.0,Outpatient Monitoring
PAT-22955,2026-02-14,Cardiology,25,28.5,129.0,224.0,130.0,51.7,4.0,Outpatient Monitoring
PAT-22956,2025-08-23,General Medicine,75,22.9,144.0,218.0,102.0,46.2,12.0,Outpatient Monitoring
PAT-22957,2025-12-25,Neurology,51,23.8,132.0,192.0,111.0,36.0,11.0,Outpatient Monitoring
PAT-22958,2026-01-07,Endocrinology,27,31.6,122.0,187.0,114.0,30.7,9.0,Discharged Full Recovery
PAT-22959,2025-10-19,Cardiology,63,37.2,164.0,191.0,121.0,55.7,10.0,Outpatient Monitoring
PAT-22960,2025-10-13,Cardiology,47,27.5,142.0,220.0,123.0,54.2,11.0,Outpatient Monitoring
PAT-22961,2025-08-10,Cardiology,50,31.4,156.0,171.0,148.0,56.5,11.0,Outpatient Monitoring
PAT-22962,2026-02-03,Cardiology,38,25.0,141.0,146.0,92.0,19.1,8.0,Discharged Full Recovery
PAT-22963,2025-09-13,General Medicine,69,24.7,143.0,197.0,108.0,41.8,14.0,Outpatient Monitoring
PAT-22964,2025-06-04,General Medicine,43,26.6,125.0,163.0,106.0,21.8,4.0,Discharged Full Recovery
PAT-22965,2026-02-19,Cardiology,83,33.7,168.0,217.0,120.0,65.1,13.0,Extended Hospital Care
PAT-22966,2026-02-24,Endocrinology,68,19.2,137.0,190.0,108.0,36.7,8.0,Outpatient Monitoring
PAT-22967,2025-08-10,Cardiology,27,25.3,122.0,168.0,117.0,26.2,11.0,Discharged Full Recovery
PAT-22968,2025-09-09,Neurology,42,32.3,127.0,159.0,154.0,40.8,9.0,Outpatient Monitoring
PAT-22969,2025-08-30,Cardiology,72,24.2,140.0,205.0,118.0,46.7,11.0,Outpatient Monitoring
PAT-22970,2026-02-21,General Medicine,66,27.5,144.0,178.0,136.0,47.8,12.0,Outpatient Monitoring
PAT-22971,2025-06-03,Endocrinology,68,23.6,155.0,196.0,113.0,49.5,11.0,Outpatient Monitoring
PAT-22972,2025-07-28,Endocrinology,34,33.5,128.0,193.0,113.0,35.1,11.0,Outpatient Monitoring
PAT-22973,2025-06-02,Cardiology,61,29.3,154.0,186.0,145.0,58.8,11.0,Outpatient Monitoring
PAT-22974,2025-08-14,General Medicine,58,24.9,145.0,164.0,118.0,36.9,15.0,Outpatient Monitoring
PAT-22975,2026-03-10,Endocrinology,60,27.1,143.0,195.0,150.0,58.0,12.0,Outpatient Monitoring
PAT-22976,2025-07-05,Neurology,81,22.8,152.0,195.0,91.0,38.9,13.0,Outpatient Monitoring
PAT-22977,2025-09-24,Endocrinology,63,26.4,147.0,206.0,95.0,41.3,10.0,Outpatient Monitoring
PAT-22978,2026-02-22,Endocrinology,22,16.7,116.0,195.0,133.0,37.7,5.0,Outpatient Monitoring
PAT-22979,2026-01-09,Cardiology,22,29.3,133.0,179.0,126.0,38.6,7.0,Outpatient Monitoring
PAT-22980,2025-10-24,Cardiology,31,32.7,133.0,174.0,134.0,40.3,9.0,Outpatient Monitoring
PAT-22981,2025-08-09,Neurology,40,29.5,139.0,202.0,122.0,46.9,13.0,Outpatient Monitoring
PAT-22982,2025-10-31,Cardiology,29,29.3,138.0,181.0,91.0,27.7,11.0,Discharged Full Recovery
PAT-22983,2025-07-29,Endocrinology,39,37.0,144.0,193.0,140.0,53.9,10.0,Outpatient Monitoring
PAT-22984,2025-12-18,General Medicine,25,27.7,131.0,169.0,121.0,32.6,8.0,Discharged Full Recovery
PAT-22985,2025-07-21,Endocrinology,32,27.3,136.0,210.0,128.0,50.2,11.0,Outpatient Monitoring
PAT-22986,2026-02-12,General Medicine,45,27.9,153.0,190.0,123.0,50.7,9.0,Outpatient Monitoring
PAT-22987,2026-02-13,Endocrinology,76,27.9,150.0,226.0,126.0,61.2,14.0,Extended Hospital Care
PAT-22988,2025-07-18,General Medicine,58,25.1,149.0,179.0,103.0,37.4,14.0,Outpatient Monitoring
PAT-22989,2025-06-29,General Medicine,70,25.7,148.0,190.0,113.0,44.2,12.0,Outpatient Monitoring
PAT-22990,2025-11-09,Cardiology,41,22.4,136.0,165.0,122.0,34.3,6.0,Discharged Full Recovery
PAT-22991,2025-10-25,Neurology,56,28.6,136.0,191.0,101.0,33.7,11.0,Discharged Full Recovery
PAT-22992,2026-01-14,Neurology,70,27.1,152.0,213.0,127.0,58.7,10.0,Outpatient Monitoring
PAT-22993,2025-06-09,General Medicine,62,34.0,167.0,218.0,130.0,68.9,13.0,Extended Hospital Care
PAT-22994,2025-12-02,Neurology,52,32.7,154.0,180.0,106.0,41.4,10.0,Outpatient Monitoring
PAT-22995,2026-01-20,Cardiology,44,27.3,145.0,198.0,93.0,37.1,8.0,Outpatient Monitoring
PAT-22996,2026-01-24,Endocrinology,29,26.9,118.0,191.0,135.0,38.3,8.0,Outpatient Monitoring
PAT-22997,2025-08-22,Cardiology,41,25.7,128.0,189.0,129.0,40.3,9.0,Outpatient Monitoring
PAT-22998,2025-09-12,Endocrinology,45,29.3,155.0,224.0,116.0,59.1,11.0,Outpatient Monitoring
PAT-22999,2025-11-30,Endocrinology,83,25.1,154.0,219.0,139.0,66.3,14.0,Extended Hospital Care
PAT-23000,2025-10-03,Cardiology,52,29.6,130.0,223.0,123.0,49.1,10.0,Outpatient Monitoring
PAT-23001,2025-11-11,Cardiology,23,20.5,105.0,201.0,112.0,25.6,7.0,Discharged Full Recovery
PAT-23002,2025-12-11,Cardiology,61,29.8,151.0,185.0,116.0,45.4,12.0,Outpatient Monitoring
PAT-23003,2025-10-29,Cardiology,38,19.2,121.0,204.0,112.0,34.5,6.0,Discharged Full Recovery
PAT-23004,2025-10-26,Endocrinology,23,26.8,149.0,233.0,124.0,62.0,11.0,Extended Hospital Care
PAT-23005,2025-10-10,Cardiology,26,30.9,136.0,165.0,137.0,40.3,10.0,Outpatient Monitoring
PAT-23006,2025-06-27,Endocrinology,55,24.4,153.0,212.0,98.0,47.3,15.0,Outpatient Monitoring
PAT-23007,2026-03-09,Cardiology,42,21.3,133.0,164.0,120.0,31.7,9.0,Discharged Full Recovery
PAT-23008,2025-08-08,Cardiology,64,24.9,153.0,224.0,119.0,59.3,11.0,Outpatient Monitoring
PAT-23009,2026-01-26,Cardiology,23,33.2,140.0,164.0,123.0,36.4,11.0,Outpatient Monitoring
PAT-23010,2025-10-25,Neurology,59,28.2,152.0,212.0,120.0,55.6,8.0,Outpatient Monitoring
PAT-23011,2025-09-14,Cardiology,78,24.7,134.0,224.0,146.0,60.6,11.0,Extended Hospital Care
PAT-23012,2025-12-17,Neurology,41,30.0,141.0,213.0,127.0,53.2,8.0,Outpatient Monitoring
PAT-23013,2025-12-22,Cardiology,69,33.0,162.0,177.0,143.0,59.3,11.0,Outpatient Monitoring
PAT-23014,2025-07-09,Endocrinology,26,33.8,135.0,157.0,144.0,40.2,9.0,Outpatient Monitoring
PAT-23015,2025-12-18,Neurology,79,25.9,157.0,206.0,108.0,51.5,12.0,Outpatient Monitoring
PAT-23016,2025-10-30,Endocrinology,68,28.7,149.0,184.0,134.0,51.3,12.0,Outpatient Monitoring
PAT-23017,2026-02-12,Cardiology,51,31.8,147.0,193.0,113.0,44.6,10.0,Outpatient Monitoring
PAT-23018,2026-03-25,Cardiology,21,27.6,133.0,176.0,125.0,37.3,10.0,Outpatient Monitoring
PAT-23019,2025-06-01,Cardiology,66,28.1,145.0,222.0,119.0,54.7,14.0,Outpatient Monitoring
PAT-23020,2025-06-19,Endocrinology,81,24.0,160.0,219.0,109.0,57.3,15.0,Outpatient Monitoring
PAT-23021,2025-12-16,Cardiology,26,17.7,141.0,210.0,120.0,49.5,11.0,Outpatient Monitoring
PAT-23022,2025-10-15,Endocrinology,52,27.5,133.0,219.0,110.0,44.2,5.0,Outpatient Monitoring
PAT-23023,2026-01-22,Cardiology,77,30.4,162.0,206.0,105.0,52.8,14.0,Outpatient Monitoring
PAT-23024,2025-09-19,Endocrinology,47,32.2,142.0,170.0,149.0,49.6,12.0,Outpatient Monitoring
PAT-23025,2025-06-12,Neurology,73,27.7,158.0,214.0,124.0,60.8,16.0,Extended Hospital Care
PAT-23026,2025-11-30,Neurology,26,27.0,138.0,181.0,108.0,34.5,11.0,Discharged Full Recovery
PAT-23027,2026-03-21,Neurology,41,25.8,140.0,179.0,118.0,38.9,11.0,Outpatient Monitoring
PAT-23028,2025-09-08,Endocrinology,58,25.2,141.0,186.0,114.0,39.9,13.0,Outpatient Monitoring
PAT-23029,2025-06-27,Endocrinology,32,32.3,144.0,189.0,151.0,57.1,10.0,Outpatient Monitoring
PAT-23030,2025-10-13,General Medicine,20,29.1,128.0,173.0,116.0,30.3,8.0,Discharged Full Recovery
PAT-23031,2026-01-12,Neurology,81,25.8,150.0,235.0,94.0,51.1,13.0,Outpatient Monitoring
PAT-23032,2026-01-12,Endocrinology,29,27.2,119.0,162.0,127.0,26.9,8.0,Discharged Full Recovery
PAT-23033,2026-03-17,Endocrinology,52,33.2,149.0,196.0,119.0,48.9,12.0,Outpatient Monitoring
PAT-23034,2026-02-15,Endocrinology,33,27.6,126.0,181.0,118.0,32.5,10.0,Discharged Full Recovery
PAT-23035,2025-07-30,Endocrinology,38,36.5,149.0,176.0,126.0,45.7,10.0,Outpatient Monitoring
PAT-23036,2026-02-22,General Medicine,75,27.9,143.0,168.0,140.0,45.9,10.0,Outpatient Monitoring
PAT-23037,2025-06-27,Cardiology,56,37.8,141.0,178.0,151.0,52.3,12.0,Outpatient Monitoring
PAT-23038,2025-06-24,Endocrinology,58,27.9,134.0,197.0,106.0,36.5,12.0,Outpatient Monitoring
PAT-23039,2025-06-30,Endocrinology,84,30.6,161.0,213.0,135.0,66.4,14.0,Extended Hospital Care
PAT-23040,2025-07-11,Endocrinology,70,32.1,163.0,220.0,132.0,68.3,11.0,Extended Hospital Care
PAT-23041,2025-11-14,Cardiology,53,23.6,133.0,170.0,121.0,33.9,11.0,Discharged Full Recovery
PAT-23042,2025-06-11,Cardiology,43,28.4,144.0,170.0,120.0,39.0,8.0,Outpatient Monitoring
PAT-23043,2025-06-24,Neurology,21,32.1,145.0,164.0,118.0,36.9,8.0,Outpatient Monitoring
PAT-23044,2025-08-12,Cardiology,26,19.3,134.0,153.0,118.0,28.1,8.0,Discharged Full Recovery
PAT-23045,2025-10-03,General Medicine,75,35.9,154.0,233.0,122.0,63.7,14.0,Extended Hospital Care
PAT-23046,2025-10-13,Neurology,50,29.6,128.0,181.0,113.0,31.5,11.0,Discharged Full Recovery
PAT-23047,2025-11-21,Cardiology,63,21.9,147.0,231.0,110.0,54.8,13.0,Outpatient Monitoring
PAT-23048,2025-09-20,Neurology,30,20.7,127.0,157.0,117.0,25.4,6.0,Discharged Full Recovery
PAT-23049,2025-11-18,General Medicine,49,25.4,141.0,221.0,121.0,53.2,7.0,Outpatient Monitoring
PAT-23050,2026-01-13,Endocrinology,34,30.1,142.0,163.0,116.0,34.3,7.0,Discharged Full Recovery
PAT-23051,2025-08-23,General Medicine,24,25.7,131.0,184.0,127.0,39.5,11.0,Outpatient Monitoring
PAT-23052,2025-07-17,Cardiology,60,27.2,158.0,145.0,102.0,31.3,15.0,Discharged Full Recovery
PAT-23053,2025-08-15,Cardiology,67,20.2,142.0,211.0,127.0,53.1,10.0,Outpatient Monitoring
PAT-23054,2025-08-13,Cardiology,45,30.5,160.0,212.0,117.0,58.4,12.0,Outpatient Monitoring
PAT-23055,2025-09-23,Cardiology,49,24.7,126.0,153.0,69.0,5.0,7.0,Discharged Full Recovery
PAT-23056,2026-03-20,General Medicine,34,42.4,139.0,191.0,156.0,57.2,9.0,Outpatient Monitoring
PAT-23057,2026-01-26,Cardiology,36,23.4,120.0,189.0,91.0,21.1,9.0,Discharged Full Recovery
PAT-23058,2026-02-03,Endocrinology,64,24.9,137.0,163.0,135.0,39.4,14.0,Outpatient Monitoring
PAT-23059,2025-12-08,Cardiology,25,26.4,147.0,180.0,140.0,51.5,9.0,Outpatient Monitoring
PAT-23060,2025-09-12,Endocrinology,48,29.4,133.0,210.0,107.0,40.3,10.0,Outpatient Monitoring
PAT-23061,2025-06-12,General Medicine,73,27.6,145.0,190.0,103.0,38.7,16.0,Outpatient Monitoring
PAT-23062,2025-09-27,Endocrinology,76,34.2,173.0,203.0,116.0,61.8,13.0,Extended Hospital Care
PAT-23063,2025-06-18,Cardiology,60,22.5,134.0,172.0,133.0,39.8,9.0,Outpatient Monitoring
PAT-23064,2025-09-01,Neurology,42,28.0,129.0,188.0,120.0,36.9,10.0,Outpatient Monitoring
PAT-23065,2025-08-08,Cardiology,27,27.6,153.0,199.0,120.0,52.2,9.0,Outpatient Monitoring
PAT-23066,2025-12-06,General Medicine,81,25.4,155.0,206.0,128.0,58.5,12.0,Outpatient Monitoring
PAT-23067,2025-09-13,Cardiology,57,33.0,154.0,182.0,117.0,46.4,10.0,Outpatient Monitoring
PAT-23068,2025-10-19,Endocrinology,72,21.8,148.0,207.0,120.0,52.1,10.0,Outpatient Monitoring
PAT-23069,2025-09-02,Neurology,21,29.4,130.0,188.0,93.0,26.6,6.0,Discharged Full Recovery
PAT-23070,2025-11-19,Endocrinology,72,27.3,162.0,240.0,114.0,66.6,14.0,Extended Hospital Care
PAT-23071,2026-01-03,Cardiology,62,36.8,158.0,195.0,126.0,55.9,12.0,Outpatient Monitoring
PAT-23072,2025-08-04,Endocrinology,30,23.0,125.0,211.0,105.0,35.8,8.0,Outpatient Monitoring
PAT-23073,2026-01-11,General Medicine,22,26.1,129.0,184.0,139.0,43.3,10.0,Outpatient Monitoring
PAT-23074,2025-10-06,General Medicine,25,19.8,135.0,166.0,125.0,35.3,10.0,Outpatient Monitoring
PAT-23075,2025-11-24,Neurology,22,26.0,155.0,155.0,130.0,44.0,7.0,Outpatient Monitoring
PAT-23076,2026-01-20,Endocrinology,25,30.8,138.0,215.0,127.0,52.3,6.0,Outpatient Monitoring
PAT-23077,2025-10-18,General Medicine,66,28.9,151.0,239.0,122.0,64.0,13.0,Extended Hospital Care
PAT-23078,2026-03-26,Cardiology,49,18.6,143.0,194.0,103.0,38.9,14.0,Outpatient Monitoring
PAT-23079,2025-09-24,General Medicine,22,24.7,128.0,192.0,107.0,32.4,7.0,Discharged Full Recovery
PAT-23080,2026-01-05,Endocrinology,67,31.5,146.0,238.0,111.0,56.8,9.0,Outpatient Monitoring
PAT-23081,2025-09-25,Cardiology,55,30.5,150.0,148.0,114.0,33.0,10.0,Discharged Full Recovery
PAT-23082,2026-03-08,Neurology,80,28.6,163.0,224.0,131.0,69.1,13.0,Extended Hospital Care
PAT-23083,2025-09-29,General Medicine,37,26.0,132.0,181.0,97.0,27.1,12.0,Discharged Full Recovery
PAT-23084,2025-09-15,Neurology,79,28.9,156.0,191.0,90.0,39.3,12.0,Outpatient Monitoring
PAT-23085,2025-11-12,Cardiology,43,31.8,150.0,184.0,136.0,52.6,10.0,Outpatient Monitoring
PAT-23086,2025-09-03,Cardiology,79,24.1,161.0,208.0,117.0,57.7,14.0,Outpatient Monitoring
PAT-23087,2026-03-20,Neurology,42,35.0,160.0,181.0,137.0,57.1,11.0,Outpatient Monitoring
PAT-23088,2025-11-29,Endocrinology,46,27.9,137.0,177.0,111.0,34.0,7.0,Discharged Full Recovery
PAT-23089,2025-09-11,Endocrinology,39,22.1,137.0,199.0,128.0,47.4,8.0,Outpatient Monitoring
PAT-23090,2025-09-30,Cardiology,76,35.4,173.0,188.0,122.0,59.7,15.0,Outpatient Monitoring
PAT-23091,2025-09-01,Neurology,26,29.0,134.0,144.0,115.0,24.2,8.0,Discharged Full Recovery
PAT-23092,2025-11-29,Neurology,52,34.8,154.0,185.0,147.0,59.3,13.0,Outpatient Monitoring
PAT-23093,2025-12-08,General Medicine,43,34.4,152.0,192.0,113.0,46.8,12.0,Outpatient Monitoring
PAT-23094,2025-10-05,Cardiology,21,29.6,143.0,150.0,118.0,31.7,12.0,Discharged Full Recovery
PAT-23095,2025-08-28,Neurology,53,30.1,146.0,191.0,115.0,44.3,10.0,Outpatient Monitoring
PAT-23096,2025-09-05,Endocrinology,52,26.7,141.0,201.0,109.0,42.4,9.0,Outpatient Monitoring
PAT-23097,2025-09-11,Endocrinology,45,27.8,139.0,196.0,137.0,51.1,7.0,Outpatient Monitoring
PAT-23098,2025-08-07,Cardiology,41,28.8,127.0,184.0,92.0,23.5,10.0,Discharged Full Recovery
PAT-23099,2025-08-29,General Medicine,24,37.0,141.0,175.0,132.0,43.8,11.0,Outpatient Monitoring
PAT-23100,2025-06-29,Endocrinology,25,17.4,120.0,147.0,108.0,15.3,5.0,Discharged Full Recovery
PAT-23101,2026-02-27,Neurology,38,30.1,146.0,178.0,117.0,41.2,9.0,Outpatient Monitoring
PAT-23102,2025-11-17,Cardiology,42,28.6,149.0,230.0,120.0,59.5,13.0,Outpatient Monitoring
PAT-23103,2026-02-20,Cardiology,68,29.6,154.0,197.0,150.0,64.1,13.0,Extended Hospital Care
PAT-23104,2025-07-14,Cardiology,69,26.0,159.0,189.0,139.0,59.8,12.0,Outpatient Monitoring
PAT-23105,2026-01-04,Cardiology,37,32.7,139.0,188.0,128.0,45.1,7.0,Outpatient Monitoring
PAT-23106,2026-03-25,Cardiology,52,24.4,136.0,185.0,103.0,32.7,11.0,Discharged Full Recovery
PAT-23107,2025-07-14,Endocrinology,68,20.6,129.0,193.0,94.0,28.0,10.0,Discharged Full Recovery
PAT-23108,2025-07-24,General Medicine,66,32.1,136.0,199.0,105.0,37.7,9.0,Outpatient Monitoring
PAT-23109,2025-08-06,General Medicine,80,29.4,153.0,221.0,117.0,57.6,8.0,Outpatient Monitoring
PAT-23110,2026-03-14,Cardiology,33,23.2,129.0,171.0,120.0,31.8,7.0,Discharged Full Recovery
PAT-23111,2025-06-30,Neurology,36,21.8,123.0,190.0,88.0,21.7,9.0,Discharged Full Recovery
PAT-23112,2025-06-17,Endocrinology,44,26.1,134.0,179.0,140.0,44.7,10.0,Outpatient Monitoring
PAT-23113,2026-01-27,Cardiology,48,24.0,139.0,224.0,128.0,55.9,10.0,Outpatient Monitoring
PAT-23114,2025-08-24,Neurology,73,25.8,156.0,208.0,134.0,62.0,11.0,Extended Hospital Care
PAT-23115,2025-07-12,Endocrinology,36,29.3,147.0,204.0,127.0,53.5,11.0,Outpatient Monitoring
PAT-23116,2025-09-16,Neurology,81,20.0,157.0,221.0,129.0,64.4,12.0,Extended Hospital Care
PAT-23117,2025-06-25,Endocrinology,84,26.5,143.0,205.0,107.0,43.8,16.0,Outpatient Monitoring
PAT-23118,2026-01-30,Cardiology,62,27.6,138.0,184.0,130.0,44.2,9.0,Outpatient Monitoring
PAT-23119,2025-11-01,Neurology,55,27.4,150.0,197.0,126.0,52.5,14.0,Outpatient Monitoring
PAT-23120,2025-11-30,Cardiology,40,19.0,128.0,203.0,89.0,28.5,11.0,Discharged Full Recovery
PAT-23121,2025-06-25,Cardiology,25,24.4,128.0,140.0,112.0,18.8,6.0,Discharged Full Recovery
PAT-23122,2026-01-29,Cardiology,38,23.4,144.0,204.0,123.0,50.4,10.0,Outpatient Monitoring
PAT-23123,2025-07-18,Endocrinology,46,38.5,165.0,229.0,132.0,72.0,12.0,Extended Hospital Care
PAT-23124,2026-02-03,Cardiology,44,36.3,133.0,191.0,146.0,50.2,12.0,Outpatient Monitoring
PAT-23125,2025-07-25,Cardiology,45,23.4,144.0,149.0,112.0,29.5,11.0,Discharged Full Recovery
PAT-23126,2026-01-31,Cardiology,82,34.4,159.0,201.0,139.0,63.4,12.0,Extended Hospital Care
PAT-23127,2025-11-16,General Medicine,35,23.8,128.0,179.0,79.0,17.3,6.0,Discharged Full Recovery
PAT-23128,2026-02-23,Endocrinology,68,20.0,130.0,215.0,114.0,43.1,11.0,Outpatient Monitoring
PAT-23129,2025-07-20,Cardiology,51,28.0,136.0,210.0,129.0,50.6,11.0,Outpatient Monitoring
PAT-23130,2025-06-15,Neurology,29,31.4,121.0,213.0,127.0,43.2,9.0,Outpatient Monitoring
PAT-23131,2026-02-22,Cardiology,77,18.6,153.0,199.0,113.0,49.4,14.0,Outpatient Monitoring
PAT-23132,2025-10-01,Endocrinology,24,15.4,112.0,145.0,83.0,5.0,8.0,Discharged Full Recovery
PAT-23133,2025-07-27,Neurology,29,33.3,142.0,166.0,159.0,52.4,12.0,Outpatient Monitoring
PAT-23134,2026-01-22,General Medicine,55,33.2,144.0,174.0,138.0,47.4,12.0,Outpatient Monitoring
PAT-23135,2026-01-30,Cardiology,76,38.9,150.0,219.0,83.0,41.9,13.0,Outpatient Monitoring
PAT-23136,2026-02-17,Endocrinology,48,29.5,143.0,160.0,116.0,33.9,11.0,Discharged Full Recovery
PAT-23137,2025-10-21,Neurology,65,22.1,141.0,234.0,109.0,52.3,14.0,Outpatient Monitoring
PAT-23138,2025-06-04,General Medicine,21,27.7,140.0,191.0,107.0,38.1,10.0,Outpatient Monitoring
PAT-23139,2025-06-08,Endocrinology,25,30.9,139.0,169.0,120.0,36.2,6.0,Outpatient Monitoring
PAT-23140,2026-01-27,Neurology,68,22.2,137.0,205.0,123.0,47.2,11.0,Outpatient Monitoring
PAT-23141,2025-11-29,General Medicine,22,26.3,129.0,183.0,128.0,38.6,7.0,Outpatient Monitoring
PAT-23142,2025-08-08,Cardiology,66,25.4,142.0,224.0,123.0,55.4,14.0,Outpatient Monitoring
PAT-23143,2025-10-02,Cardiology,31,31.0,136.0,186.0,131.0,44.2,9.0,Outpatient Monitoring
PAT-23144,2026-01-24,Endocrinology,23,34.4,122.0,180.0,141.0,39.4,6.0,Outpatient Monitoring
PAT-23145,2025-12-07,Cardiology,73,33.6,175.0,185.0,115.0,57.0,10.0,Outpatient Monitoring
PAT-23146,2025-10-09,Neurology,40,26.0,144.0,190.0,98.0,36.2,12.0,Outpatient Monitoring
PAT-23147,2026-03-19,Cardiology,44,18.7,138.0,186.0,106.0,35.2,8.0,Outpatient Monitoring
PAT-23148,2026-01-24,General Medicine,73,26.1,150.0,161.0,103.0,32.5,14.0,Discharged Full Recovery
PAT-23149,2026-02-09,Endocrinology,40,25.5,134.0,183.0,127.0,40.7,11.0,Outpatient Monitoring
PAT-23150,2026-03-20,Cardiology,38,20.8,139.0,183.0,101.0,32.8,8.0,Discharged Full Recovery
PAT-23151,2025-07-07,Cardiology,68,30.7,146.0,183.0,142.0,52.7,16.0,Outpatient Monitoring
PAT-23152,2025-09-08,Cardiology,70,23.9,133.0,238.0,82.0,38.7,11.0,Outpatient Monitoring
PAT-23153,2025-07-17,Endocrinology,57,23.9,136.0,180.0,126.0,40.4,9.0,Outpatient Monitoring
PAT-23154,2026-02-16,Endocrinology,80,29.1,143.0,192.0,95.0,35.1,13.0,Outpatient Monitoring
PAT-23155,2025-07-10,General Medicine,77,33.0,160.0,170.0,94.0,36.6,12.0,Outpatient Monitoring
PAT-23156,2025-12-16,General Medicine,47,29.1,150.0,176.0,145.0,53.8,11.0,Outpatient Monitoring
PAT-23157,2025-08-31,Neurology,25,22.1,129.0,186.0,110.0,32.3,9.0,Discharged Full Recovery
PAT-23158,2025-08-22,Neurology,79,21.8,145.0,178.0,106.0,36.3,12.0,Outpatient Monitoring
PAT-23159,2025-07-28,Cardiology,30,22.3,143.0,194.0,120.0,45.7,12.0,Outpatient Monitoring
PAT-23160,2025-11-25,Endocrinology,73,28.1,140.0,233.0,115.0,53.9,11.0,Outpatient Monitoring
PAT-23161,2026-02-15,Cardiology,65,25.4,154.0,225.0,111.0,56.9,11.0,Outpatient Monitoring
PAT-23162,2026-03-19,Cardiology,43,27.7,141.0,171.0,137.0,44.6,13.0,Outpatient Monitoring
PAT-23163,2026-03-01,Neurology,25,22.9,130.0,168.0,130.0,35.4,11.0,Outpatient Monitoring
PAT-23164,2026-01-22,Neurology,27,25.6,128.0,189.0,116.0,35.1,10.0,Outpatient Monitoring
PAT-23165,2025-10-17,General Medicine,64,22.6,149.0,167.0,121.0,41.0,11.0,Outpatient Monitoring
PAT-23166,2025-10-08,Endocrinology,79,24.7,150.0,231.0,94.0,49.9,8.0,Outpatient Monitoring
PAT-23167,2025-09-10,Neurology,79,23.1,155.0,225.0,126.0,63.4,13.0,Extended Hospital Care
PAT-23168,2025-06-10,Cardiology,64,28.5,145.0,209.0,159.0,66.8,12.0,Extended Hospital Care
PAT-23169,2025-06-13,Cardiology,74,27.3,146.0,209.0,142.0,60.5,13.0,Extended Hospital Care
PAT-23170,2026-02-03,Cardiology,59,25.7,145.0,198.0,115.0,45.9,9.0,Outpatient Monitoring
PAT-23171,2025-09-08,Neurology,38,19.9,131.0,218.0,87.0,33.7,9.0,Discharged Full Recovery
PAT-23172,2026-03-18,General Medicine,67,25.5,157.0,224.0,127.0,64.5,10.0,Extended Hospital Care
PAT-23173,2025-07-19,Cardiology,70,23.3,150.0,180.0,87.0,31.8,11.0,Discharged Full Recovery
PAT-23174,2025-10-01,Endocrinology,72,32.5,158.0,175.0,149.0,59.1,13.0,Outpatient Monitoring
PAT-23175,2026-01-18,General Medicine,26,29.4,140.0,203.0,95.0,36.9,11.0,Outpatient Monitoring
PAT-23176,2026-01-29,Cardiology,78,29.4,155.0,228.0,128.0,65.1,14.0,Extended Hospital Care
PAT-23177,2025-06-28,Cardiology,62,24.3,133.0,197.0,104.0,35.2,10.0,Outpatient Monitoring
PAT-23178,2025-09-04,Neurology,36,24.2,140.0,218.0,107.0,46.2,7.0,Outpatient Monitoring
PAT-23179,2025-09-12,General Medicine,84,25.0,147.0,243.0,94.0,52.0,15.0,Outpatient Monitoring
PAT-23180,2026-03-26,Neurology,81,27.5,176.0,222.0,100.0,62.6,11.0,Extended Hospital Care
PAT-23181,2025-12-11,Cardiology,75,26.9,157.0,208.0,131.0,61.3,15.0,Extended Hospital Care
PAT-23182,2025-08-03,Cardiology,53,28.6,147.0,174.0,129.0,45.3,7.0,Outpatient Monitoring
PAT-23183,2026-03-24,General Medicine,27,27.8,131.0,166.0,111.0,27.7,9.0,Discharged Full Recovery
PAT-23184,2026-02-25,General Medicine,39,27.6,131.0,168.0,143.0,41.1,15.0,Outpatient Monitoring
PAT-23185,2025-12-20,Neurology,67,28.6,150.0,228.0,129.0,63.0,13.0,Extended Hospital Care
PAT-23186,2025-06-07,Endocrinology,63,31.3,146.0,189.0,142.0,54.5,12.0,Outpatient Monitoring
PAT-23187,2026-01-26,Endocrinology,41,23.8,143.0,165.0,109.0,32.6,8.0,Discharged Full Recovery
PAT-23188,2025-07-02,Endocrinology,49,23.7,151.0,175.0,103.0,37.2,9.0,Outpatient Monitoring
PAT-23189,2025-06-08,Endocrinology,35,24.1,133.0,216.0,127.0,50.1,9.0,Outpatient Monitoring
PAT-23190,2025-11-02,Neurology,27,29.2,126.0,179.0,109.0,28.3,10.0,Discharged Full Recovery
PAT-23191,2025-07-15,Endocrinology,65,31.5,145.0,224.0,125.0,57.7,11.0,Outpatient Monitoring
PAT-23192,2025-10-02,Cardiology,20,28.1,139.0,153.0,97.0,22.2,7.0,Discharged Full Recovery
PAT-23193,2025-06-19,Neurology,78,22.4,149.0,208.0,107.0,47.7,13.0,Outpatient Monitoring
PAT-23194,2026-03-06,Cardiology,58,23.8,153.0,191.0,118.0,49.0,12.0,Outpatient Monitoring
PAT-23195,2025-07-13,Endocrinology,47,30.7,140.0,209.0,95.0,38.7,12.0,Outpatient Monitoring
PAT-23196,2025-10-24,Cardiology,70,23.7,138.0,176.0,150.0,49.8,12.0,Outpatient Monitoring
PAT-23197,2025-09-25,Neurology,32,36.9,145.0,144.0,142.0,40.5,13.0,Outpatient Monitoring
PAT-23198,2026-02-20,Neurology,79,40.5,175.0,185.0,142.0,67.8,15.0,Extended Hospital Care
PAT-23199,2025-09-25,Neurology,34,28.1,131.0,182.0,121.0,36.5,8.0,Outpatient Monitoring
PAT-23200,2025-12-26,Cardiology,81,33.3,159.0,207.0,119.0,57.2,13.0,Outpatient Monitoring
PAT-23201,2025-07-10,Neurology,82,26.8,159.0,210.0,116.0,56.9,11.0,Outpatient Monitoring
PAT-23202,2026-03-17,Neurology,73,30.0,152.0,193.0,120.0,49.9,16.0,Outpatient Monitoring
PAT-23203,2025-11-14,Endocrinology,71,23.2,148.0,232.0,86.0,46.0,10.0,Outpatient Monitoring
PAT-23204,2025-10-03,Cardiology,43,19.2,130.0,219.0,134.0,52.3,11.0,Outpatient Monitoring
PAT-23205,2025-09-23,Cardiology,68,22.1,151.0,214.0,113.0,52.9,14.0,Outpatient Monitoring
PAT-23206,2025-08-21,General Medicine,33,33.0,123.0,188.0,117.0,32.7,6.0,Discharged Full Recovery
PAT-23207,2025-07-11,Neurology,33,27.8,126.0,186.0,115.0,32.8,8.0,Discharged Full Recovery
PAT-23208,2025-09-15,Cardiology,23,26.9,134.0,147.0,99.0,18.7,7.0,Discharged Full Recovery
PAT-23209,2025-09-07,General Medicine,72,26.5,142.0,207.0,118.0,48.3,12.0,Outpatient Monitoring
PAT-23210,2025-10-05,General Medicine,33,24.4,124.0,174.0,110.0,26.2,6.0,Discharged Full Recovery
PAT-23211,2026-03-01,Neurology,30,40.6,148.0,191.0,127.0,50.1,6.0,Outpatient Monitoring
PAT-23212,2025-09-25,Cardiology,63,24.3,147.0,177.0,116.0,41.0,9.0,Outpatient Monitoring
PAT-23213,2026-02-19,Neurology,63,33.5,149.0,216.0,137.0,62.1,13.0,Extended Hospital Care
PAT-23214,2026-03-25,General Medicine,74,22.8,144.0,216.0,102.0,45.6,12.0,Outpatient Monitoring
PAT-23215,2025-12-12,Neurology,38,30.5,159.0,179.0,118.0,48.4,11.0,Outpatient Monitoring
PAT-23216,2025-08-19,Neurology,44,19.8,136.0,153.0,118.0,29.1,11.0,Discharged Full Recovery
PAT-23217,2026-01-29,Cardiology,28,26.0,141.0,175.0,112.0,35.8,9.0,Outpatient Monitoring
PAT-23218,2025-11-25,Neurology,50,23.9,144.0,173.0,126.0,42.3,10.0,Outpatient Monitoring
PAT-23219,2025-09-07,General Medicine,77,23.2,144.0,200.0,125.0,50.0,15.0,Outpatient Monitoring
PAT-23220,2025-10-20,Endocrinology,76,20.1,146.0,216.0,110.0,49.8,14.0,Outpatient Monitoring
PAT-23221,2026-02-03,Cardiology,40,25.9,135.0,215.0,124.0,49.6,10.0,Outpatient Monitoring
PAT-23222,2025-11-12,Cardiology,60,21.5,138.0,245.0,83.0,43.7,11.0,Outpatient Monitoring
PAT-23223,2025-12-29,Cardiology,60,32.3,155.0,169.0,135.0,50.2,13.0,Outpatient Monitoring
PAT-23224,2025-09-12,Cardiology,25,17.0,119.0,181.0,80.0,13.8,8.0,Discharged Full Recovery
PAT-23225,2025-12-24,General Medicine,71,19.7,147.0,178.0,89.0,30.5,13.0,Discharged Full Recovery
PAT-23226,2025-12-26,Endocrinology,22,26.3,135.0,176.0,109.0,31.9,10.0,Discharged Full Recovery
PAT-23227,2025-12-31,Endocrinology,46,22.1,135.0,166.0,93.0,22.5,12.0,Discharged Full Recovery
PAT-23228,2025-10-25,General Medicine,58,25.5,151.0,175.0,121.0,44.4,13.0,Outpatient Monitoring
PAT-23229,2025-06-01,Endocrinology,76,36.0,166.0,215.0,137.0,70.3,12.0,Extended Hospital Care
PAT-23230,2025-12-29,Neurology,67,22.3,146.0,204.0,81.0,34.6,12.0,Discharged Full Recovery
PAT-23231,2025-11-15,Endocrinology,60,16.5,145.0,232.0,93.0,47.3,9.0,Outpatient Monitoring
PAT-23232,2025-06-08,Neurology,62,24.9,151.0,209.0,121.0,54.6,10.0,Outpatient Monitoring
PAT-23233,2025-08-02,Cardiology,80,30.5,139.0,203.0,114.0,44.0,13.0,Outpatient Monitoring
PAT-23234,2026-03-22,Cardiology,43,23.2,135.0,213.0,91.0,35.8,7.0,Outpatient Monitoring
PAT-23235,2025-08-20,General Medicine,46,27.4,137.0,215.0,130.0,53.0,10.0,Outpatient Monitoring
PAT-23236,2026-03-10,Cardiology,30,27.8,143.0,188.0,118.0,43.1,9.0,Outpatient Monitoring
PAT-23237,2025-12-25,Neurology,68,31.5,150.0,190.0,142.0,56.8,11.0,Outpatient Monitoring
PAT-23238,2025-12-03,Neurology,28,22.9,112.0,185.0,109.0,23.1,6.0,Discharged Full Recovery
PAT-23239,2025-07-05,General Medicine,80,28.3,146.0,193.0,123.0,48.1,8.0,Outpatient Monitoring
PAT-23240,2025-07-25,Cardiology,39,28.3,148.0,170.0,103.0,34.2,10.0,Discharged Full Recovery
PAT-23241,2025-07-19,Neurology,28,20.3,120.0,196.0,114.0,32.4,8.0,Discharged Full Recovery
PAT-23242,2025-07-23,General Medicine,25,30.4,136.0,175.0,135.0,42.5,9.0,Outpatient Monitoring
PAT-23243,2025-12-04,Endocrinology,62,34.0,147.0,215.0,157.0,68.8,9.0,Extended Hospital Care
PAT-23244,2025-10-12,Neurology,69,26.7,158.0,193.0,117.0,51.7,12.0,Outpatient Monitoring
PAT-23245,2025-06-05,Neurology,69,29.6,138.0,196.0,169.0,63.4,11.0,Extended Hospital Care
PAT-23246,2025-06-25,Cardiology,46,28.1,127.0,218.0,149.0,56.5,9.0,Outpatient Monitoring
PAT-23247,2025-07-08,Endocrinology,64,33.8,158.0,200.0,132.0,59.8,14.0,Outpatient Monitoring
PAT-23248,2025-10-09,General Medicine,24,23.0,128.0,168.0,108.0,25.6,8.0,Discharged Full Recovery
PAT-23249,2025-07-01,Endocrinology,78,20.3,151.0,212.0,125.0,57.1,11.0,Outpatient Monitoring
PAT-23250,2025-11-23,Neurology,43,30.2,152.0,230.0,111.0,57.4,8.0,Outpatient Monitoring
PAT-23251,2025-06-10,Endocrinology,32,20.3,131.0,193.0,116.0,37.8,11.0,Outpatient Monitoring
PAT-23252,2025-11-15,Cardiology,45,19.7,120.0,189.0,98.0,23.9,7.0,Discharged Full Recovery
PAT-23253,2025-10-03,General Medicine,22,20.1,126.0,216.0,120.0,43.8,9.0,Outpatient Monitoring
PAT-23254,2025-11-25,Endocrinology,54,22.2,139.0,175.0,125.0,40.0,10.0,Outpatient Monitoring
PAT-23255,2025-11-05,Endocrinology,79,31.3,148.0,225.0,125.0,59.5,11.0,Outpatient Monitoring
PAT-23256,2026-03-27,Neurology,75,20.7,153.0,219.0,104.0,51.8,14.0,Outpatient Monitoring
PAT-23257,2026-01-27,Endocrinology,29,26.6,134.0,179.0,114.0,34.3,10.0,Discharged Full Recovery
PAT-23258,2026-01-03,Endocrinology,55,29.5,136.0,223.0,123.0,52.1,7.0,Outpatient Monitoring
PAT-23259,2025-08-02,Neurology,75,20.9,167.0,238.0,124.0,72.5,15.0,Extended Hospital Care
PAT-23260,2025-12-12,General Medicine,59,27.2,129.0,215.0,78.0,28.2,10.0,Discharged Full Recovery
PAT-23261,2026-01-10,Neurology,82,38.2,168.0,193.0,123.0,59.1,13.0,Outpatient Monitoring
PAT-23262,2025-12-24,Neurology,77,30.9,153.0,215.0,122.0,57.8,12.0,Outpatient Monitoring
PAT-23263,2025-08-14,General Medicine,60,23.2,135.0,190.0,110.0,36.5,10.0,Outpatient Monitoring
PAT-23264,2025-11-22,Cardiology,46,28.0,131.0,191.0,143.0,48.0,9.0,Outpatient Monitoring
PAT-23265,2025-08-02,Neurology,28,23.4,114.0,149.0,123.0,18.9,7.0,Discharged Full Recovery
PAT-23266,2025-06-13,Cardiology,34,29.3,137.0,171.0,131.0,40.2,5.0,Outpatient Monitoring
PAT-23267,2026-02-12,Neurology,73,17.8,160.0,211.0,106.0,53.7,13.0,Outpatient Monitoring
PAT-23268,2025-12-14,Cardiology,33,26.1,137.0,181.0,137.0,45.6,10.0,Outpatient Monitoring
PAT-23269,2025-08-19,Endocrinology,64,29.1,146.0,212.0,131.0,57.0,11.0,Outpatient Monitoring
PAT-23270,2025-08-09,Cardiology,73,27.5,145.0,206.0,120.0,50.3,13.0,Outpatient Monitoring
PAT-23271,2025-09-16,Endocrinology,33,19.5,125.0,192.0,120.0,36.1,7.0,Outpatient Monitoring
PAT-23272,2026-02-22,Endocrinology,55,35.0,131.0,212.0,121.0,45.5,10.0,Outpatient Monitoring
PAT-23273,2026-01-09,Cardiology,71,31.2,152.0,179.0,115.0,43.7,15.0,Outpatient Monitoring
PAT-23274,2025-10-09,Neurology,31,36.9,142.0,195.0,125.0,47.5,9.0,Outpatient Monitoring
PAT-23275,2025-12-29,Neurology,71,29.2,159.0,225.0,152.0,75.8,12.0,Extended Hospital Care
PAT-23276,2025-11-03,Cardiology,28,32.0,131.0,199.0,120.0,41.2,4.0,Outpatient Monitoring
PAT-23277,2026-03-11,General Medicine,27,25.8,140.0,217.0,93.0,40.3,12.0,Outpatient Monitoring
PAT-23278,2026-01-01,Endocrinology,44,34.1,136.0,167.0,92.0,22.9,10.0,Discharged Full Recovery
PAT-23279,2025-11-14,Cardiology,26,26.3,141.0,144.0,134.0,35.3,9.0,Outpatient Monitoring
PAT-23280,2025-11-25,Endocrinology,33,32.2,150.0,165.0,128.0,43.7,9.0,Outpatient Monitoring
PAT-23281,2025-12-09,General Medicine,81,18.8,145.0,178.0,80.0,25.9,14.0,Discharged Full Recovery
PAT-23282,2026-01-29,General Medicine,44,30.1,152.0,184.0,126.0,49.6,10.0,Outpatient Monitoring
PAT-23283,2025-08-01,Cardiology,39,22.8,140.0,196.0,89.0,32.4,11.0,Discharged Full Recovery
PAT-23284,2026-03-16,Endocrinology,44,30.0,126.0,176.0,109.0,27.4,8.0,Discharged Full Recovery
PAT-23285,2025-08-15,General Medicine,47,28.4,136.0,167.0,119.0,33.7,12.0,Discharged Full Recovery
PAT-23286,2026-03-23,Cardiology,72,17.5,141.0,175.0,128.0,42.2,11.0,Outpatient Monitoring
PAT-23287,2025-10-15,Neurology,55,27.8,141.0,177.0,103.0,32.8,11.0,Discharged Full Recovery
PAT-23288,2025-10-04,Cardiology,62,26.8,141.0,190.0,115.0,41.5,10.0,Outpatient Monitoring
PAT-23289,2025-08-03,General Medicine,61,29.3,147.0,217.0,118.0,53.8,9.0,Outpatient Monitoring
PAT-23290,2025-10-18,General Medicine,83,38.7,161.0,237.0,132.0,72.4,10.0,Extended Hospital Care
PAT-23291,2025-08-23,Neurology,70,28.8,148.0,216.0,145.0,64.8,13.0,Extended Hospital Care
PAT-23292,2026-01-26,Endocrinology,77,29.0,147.0,227.0,116.0,56.0,9.0,Outpatient Monitoring
PAT-23293,2025-06-27,Cardiology,28,29.6,120.0,191.0,103.0,26.5,8.0,Discharged Full Recovery
PAT-23294,2025-06-08,General Medicine,27,31.9,147.0,177.0,138.0,49.8,10.0,Outpatient Monitoring
PAT-23295,2025-12-30,Endocrinology,59,22.8,143.0,199.0,118.0,46.4,12.0,Outpatient Monitoring
PAT-23296,2025-12-30,Neurology,33,30.8,153.0,163.0,120.0,41.4,8.0,Outpatient Monitoring
PAT-23297,2026-01-26,Endocrinology,58,28.2,152.0,156.0,110.0,34.8,11.0,Discharged Full Recovery
PAT-23298,2025-07-30,Endocrinology,43,33.0,136.0,171.0,144.0,44.9,13.0,Outpatient Monitoring
PAT-23299,2025-11-22,Cardiology,20,25.5,117.0,188.0,118.0,30.1,6.0,Discharged Full Recovery
PAT-23300,2025-07-20,Cardiology,59,26.5,142.0,207.0,119.0,48.7,11.0,Outpatient Monitoring
PAT-23301,2026-02-11,Cardiology,28,34.0,144.0,174.0,119.0,39.8,11.0,Outpatient Monitoring
PAT-23302,2026-02-10,Endocrinology,79,28.1,156.0,217.0,125.0,61.1,12.0,Extended Hospital Care
PAT-23303,2025-12-17,Neurology,25,24.5,148.0,182.0,78.0,27.8,12.0,Discharged Full Recovery
PAT-23304,2025-11-21,Endocrinology,57,26.7,150.0,178.0,107.0,39.2,13.0,Outpatient Monitoring
PAT-23305,2026-02-23,Neurology,30,23.7,134.0,183.0,122.0,38.7,3.0,Outpatient Monitoring
PAT-23306,2025-10-09,Endocrinology,24,32.0,129.0,161.0,108.0,24.0,9.0,Discharged Full Recovery
PAT-23307,2025-08-06,Endocrinology,81,24.9,139.0,272.0,110.0,63.1,14.0,Extended Hospital Care
PAT-23308,2025-12-16,General Medicine,52,33.5,140.0,190.0,126.0,45.4,10.0,Outpatient Monitoring
PAT-23309,2025-06-23,Cardiology,52,35.2,150.0,235.0,131.0,65.9,14.0,Extended Hospital Care
PAT-23310,2025-06-30,Cardiology,47,26.0,143.0,184.0,128.0,45.9,9.0,Outpatient Monitoring
PAT-23311,2025-10-06,Endocrinology,25,23.4,138.0,179.0,126.0,41.1,9.0,Outpatient Monitoring
PAT-23312,2025-10-15,Cardiology,45,21.1,138.0,176.0,105.0,31.8,9.0,Discharged Full Recovery
PAT-23313,2025-08-15,Endocrinology,37,33.0,141.0,167.0,137.0,43.4,11.0,Outpatient Monitoring
PAT-23314,2025-06-23,Cardiology,58,26.0,140.0,198.0,118.0,44.6,12.0,Outpatient Monitoring
PAT-23315,2025-06-14,Endocrinology,28,26.6,145.0,212.0,118.0,51.3,9.0,Outpatient Monitoring
PAT-23316,2025-08-28,Cardiology,48,24.5,126.0,183.0,88.0,21.1,9.0,Discharged Full Recovery
PAT-23317,2025-08-05,Endocrinology,81,20.2,141.0,262.0,95.0,55.1,15.0,Outpatient Monitoring
PAT-23318,2025-07-01,Neurology,70,26.2,159.0,203.0,125.0,58.4,14.0,Outpatient Monitoring
PAT-23319,2026-01-06,Neurology,78,23.1,149.0,214.0,124.0,56.3,14.0,Outpatient Monitoring
PAT-23320,2026-02-23,Endocrinology,32,30.5,143.0,175.0,136.0,46.4,9.0,Outpatient Monitoring
PAT-23321,2026-01-02,Cardiology,27,29.4,131.0,199.0,136.0,47.6,7.0,Outpatient Monitoring
PAT-23322,2025-09-13,Neurology,47,15.9,129.0,194.0,70.0,18.7,8.0,Discharged Full Recovery
PAT-23323,2025-06-16,Endocrinology,35,23.8,139.0,197.0,123.0,45.8,9.0,Outpatient Monitoring
PAT-23324,2025-12-27,Endocrinology,52,34.6,149.0,180.0,124.0,46.1,9.0,Outpatient Monitoring
PAT-23325,2026-03-04,Endocrinology,41,24.8,125.0,204.0,116.0,38.1,6.0,Outpatient Monitoring
PAT-23326,2025-07-05,Endocrinology,33,26.0,124.0,169.0,104.0,22.3,7.0,Discharged Full Recovery
PAT-23327,2025-09-27,General Medicine,74,32.9,152.0,215.0,88.0,43.7,12.0,Outpatient Monitoring
PAT-23328,2025-11-07,General Medicine,24,29.5,136.0,163.0,140.0,40.9,6.0,Outpatient Monitoring
PAT-23329,2025-12-15,Endocrinology,27,27.2,149.0,223.0,132.0,62.2,12.0,Extended Hospital Care
PAT-23330,2025-11-12,Cardiology,36,27.0,143.0,181.0,115.0,39.8,14.0,Outpatient Monitoring
PAT-23331,2026-01-30,Cardiology,41,28.8,149.0,202.0,131.0,55.5,9.0,Outpatient Monitoring
PAT-23332,2025-10-04,General Medicine,82,26.8,154.0,216.0,127.0,60.6,10.0,Extended Hospital Care
PAT-23333,2025-12-13,Endocrinology,64,22.1,135.0,222.0,119.0,49.7,13.0,Outpatient Monitoring
PAT-23334,2025-07-26,Endocrinology,21,26.7,128.0,148.0,121.0,24.8,10.0,Discharged Full Recovery
PAT-23335,2025-06-04,General Medicine,21,29.1,132.0,150.0,119.0,26.6,7.0,Discharged Full Recovery
PAT-23336,2026-02-11,General Medicine,69,29.5,139.0,199.0,96.0,35.6,11.0,Outpatient Monitoring
PAT-23337,2025-12-25,Neurology,60,22.8,139.0,187.0,114.0,39.2,8.0,Outpatient Monitoring
PAT-23338,2025-12-04,Neurology,54,29.9,157.0,191.0,113.0,49.0,16.0,Outpatient Monitoring
PAT-23339,2025-09-10,Cardiology,77,20.6,144.0,224.0,128.0,58.4,10.0,Outpatient Monitoring
PAT-23340,2025-06-22,Endocrinology,49,29.6,143.0,206.0,134.0,54.9,7.0,Outpatient Monitoring
PAT-23341,2026-01-09,Cardiology,72,31.0,140.0,207.0,125.0,50.1,16.0,Outpatient Monitoring
PAT-23342,2025-08-20,Cardiology,56,23.5,143.0,215.0,93.0,41.2,13.0,Outpatient Monitoring
PAT-23343,2025-06-02,Endocrinology,54,29.2,139.0,168.0,123.0,37.1,9.0,Outpatient Monitoring
PAT-23344,2025-11-24,Neurology,31,25.0,107.0,177.0,112.0,19.4,7.0,Discharged Full Recovery
PAT-23345,2026-02-15,Neurology,46,27.9,131.0,186.0,102.0,30.1,10.0,Discharged Full Recovery
PAT-23346,2025-06-01,General Medicine,70,29.2,160.0,183.0,119.0,50.5,19.0,Outpatient Monitoring
PAT-23347,2025-06-13,Neurology,26,29.7,123.0,196.0,129.0,39.9,10.0,Outpatient Monitoring
PAT-23348,2026-01-12,Cardiology,76,22.6,149.0,183.0,109.0,41.0,11.0,Outpatient Monitoring
PAT-23349,2025-07-06,Endocrinology,71,29.2,157.0,194.0,109.0,48.3,12.0,Outpatient Monitoring
PAT-23350,2025-11-04,Cardiology,24,27.8,128.0,162.0,123.0,29.8,7.0,Discharged Full Recovery
PAT-23351,2025-09-23,Endocrinology,46,20.6,126.0,181.0,115.0,31.3,10.0,Discharged Full Recovery
PAT-23352,2025-08-20,General Medicine,67,29.6,131.0,236.0,116.0,50.7,13.0,Outpatient Monitoring
PAT-23353,2026-01-19,Endocrinology,73,24.3,150.0,220.0,115.0,55.0,12.0,Outpatient Monitoring
PAT-23354,2026-01-29,Endocrinology,32,31.9,143.0,161.0,106.0,30.2,11.0,Discharged Full Recovery
PAT-23355,2025-06-03,Neurology,76,31.7,148.0,209.0,110.0,48.7,10.0,Outpatient Monitoring
PAT-23356,2025-10-09,Cardiology,38,21.5,126.0,171.0,93.0,19.5,10.0,Discharged Full Recovery
PAT-23357,2025-09-23,Neurology,81,20.0,164.0,231.0,104.0,60.9,14.0,Extended Hospital Care
PAT-23358,2025-06-04,Neurology,79,20.3,153.0,209.0,126.0,57.6,15.0,Outpatient Monitoring
PAT-23359,2025-10-11,General Medicine,20,33.3,138.0,193.0,123.0,44.1,9.0,Outpatient Monitoring
PAT-23360,2025-08-18,Neurology,80,28.4,163.0,206.0,138.0,66.5,17.0,Extended Hospital Care
PAT-23361,2025-08-18,General Medicine,41,22.7,129.0,184.0,121.0,36.1,8.0,Outpatient Monitoring
PAT-23362,2025-10-23,Endocrinology,47,29.5,134.0,205.0,126.0,46.9,8.0,Outpatient Monitoring
PAT-23363,2025-09-26,Cardiology,76,29.7,168.0,215.0,92.0,53.3,16.0,Outpatient Monitoring
PAT-23364,2026-01-15,Neurology,55,30.9,141.0,186.0,98.0,33.5,11.0,Discharged Full Recovery
PAT-23365,2025-10-25,Neurology,76,28.9,146.0,180.0,152.0,55.8,15.0,Outpatient Monitoring
PAT-23366,2026-02-26,General Medicine,70,34.7,152.0,192.0,145.0,59.6,14.0,Outpatient Monitoring
PAT-23367,2025-10-08,Cardiology,81,20.7,154.0,214.0,104.0,50.8,17.0,Outpatient Monitoring
PAT-23368,2026-03-20,Endocrinology,20,31.6,127.0,203.0,149.0,52.0,6.0,Outpatient Monitoring
PAT-23369,2026-01-12,Endocrinology,41,29.2,143.0,207.0,111.0,46.0,8.0,Outpatient Monitoring
PAT-23370,2025-11-12,Endocrinology,43,30.7,148.0,172.0,154.0,55.2,12.0,Outpatient Monitoring
PAT-23371,2025-09-26,Endocrinology,67,33.2,146.0,193.0,125.0,48.9,15.0,Outpatient Monitoring
PAT-23372,2025-11-16,Cardiology,78,27.2,144.0,197.0,113.0,44.3,11.0,Outpatient Monitoring
PAT-23373,2025-11-26,Cardiology,84,15.4,133.0,156.0,93.0,18.5,10.0,Discharged Full Recovery
PAT-23374,2025-12-01,Cardiology,30,23.5,118.0,173.0,123.0,28.1,8.0,Discharged Full Recovery
PAT-23375,2025-11-16,Endocrinology,64,39.2,160.0,190.0,111.0,49.4,10.0,Outpatient Monitoring
PAT-23376,2025-12-10,Cardiology,66,29.2,153.0,210.0,121.0,55.9,11.0,Outpatient Monitoring
PAT-23377,2025-12-17,Neurology,25,21.7,125.0,171.0,91.0,18.2,8.0,Discharged Full Recovery
PAT-23378,2026-02-12,Cardiology,83,38.3,147.0,212.0,135.0,59.1,16.0,Outpatient Monitoring
PAT-23379,2025-11-30,Cardiology,40,26.2,138.0,193.0,129.0,46.5,10.0,Outpatient Monitoring
PAT-23380,2026-02-09,Neurology,82,26.4,146.0,222.0,138.0,62.8,10.0,Extended Hospital Care
PAT-23381,2025-12-06,Neurology,31,26.1,135.0,150.0,92.0,17.3,9.0,Discharged Full Recovery
PAT-23382,2025-06-23,Endocrinology,84,13.7,145.0,188.0,108.0,40.1,15.0,Outpatient Monitoring
PAT-23383,2026-03-01,Cardiology,69,31.1,164.0,183.0,140.0,60.9,11.0,Extended Hospital Care
PAT-23384,2026-02-15,Cardiology,54,26.5,152.0,187.0,122.0,48.9,12.0,Outpatient Monitoring
PAT-23385,2025-09-07,Cardiology,77,35.7,160.0,233.0,132.0,70.7,11.0,Extended Hospital Care
PAT-23386,2025-10-20,Neurology,66,29.2,152.0,194.0,126.0,52.6,16.0,Outpatient Monitoring
PAT-23387,2025-07-12,General Medicine,49,20.1,133.0,194.0,132.0,45.5,10.0,Outpatient Monitoring
PAT-23388,2025-07-21,Neurology,52,21.7,140.0,193.0,90.0,31.9,13.0,Discharged Full Recovery
PAT-23389,2025-06-07,Cardiology,69,20.5,145.0,178.0,108.0,37.1,11.0,Outpatient Monitoring
PAT-23390,2026-02-08,Cardiology,44,34.6,138.0,205.0,149.0,58.1,11.0,Outpatient Monitoring
PAT-23391,2025-06-16,General Medicine,57,14.9,138.0,205.0,99.0,38.1,10.0,Outpatient Monitoring
PAT-23392,2025-10-09,Neurology,80,23.9,145.0,190.0,113.0,42.7,11.0,Outpatient Monitoring
PAT-23393,2026-02-13,Neurology,46,28.4,146.0,180.0,134.0,48.6,10.0,Outpatient Monitoring
PAT-23394,2025-08-01,Endocrinology,81,24.2,161.0,212.0,124.0,61.7,12.0,Extended Hospital Care
PAT-23395,2025-08-13,Neurology,80,29.0,149.0,214.0,131.0,59.1,15.0,Outpatient Monitoring
PAT-23396,2025-12-18,Neurology,29,30.6,144.0,203.0,153.0,62.1,9.0,Extended Hospital Care
PAT-23397,2026-01-26,Cardiology,64,23.8,140.0,213.0,137.0,56.7,12.0,Outpatient Monitoring
PAT-23398,2026-01-28,Cardiology,43,31.0,150.0,197.0,130.0,54.1,12.0,Outpatient Monitoring
PAT-23399,2025-09-18,Neurology,49,19.5,129.0,179.0,79.0,17.8,9.0,Discharged Full Recovery
PAT-23400,2026-03-21,General Medicine,50,28.9,140.0,196.0,127.0,47.6,10.0,Outpatient Monitoring
PAT-23401,2025-07-15,General Medicine,40,28.5,125.0,171.0,105.0,23.8,7.0,Discharged Full Recovery
PAT-23402,2026-01-13,General Medicine,62,23.7,143.0,202.0,127.0,50.9,9.0,Outpatient Monitoring
PAT-23403,2025-07-26,Cardiology,31,21.2,130.0,192.0,108.0,33.8,10.0,Discharged Full Recovery
PAT-23404,2025-06-25,Cardiology,51,19.7,144.0,189.0,105.0,38.7,13.0,Outpatient Monitoring
PAT-23405,2025-10-23,Cardiology,44,27.7,138.0,184.0,115.0,38.2,11.0,Outpatient Monitoring
PAT-23406,2025-09-27,Cardiology,26,28.1,137.0,177.0,113.0,34.8,6.0,Discharged Full Recovery
PAT-23407,2025-09-13,Endocrinology,28,29.1,138.0,197.0,109.0,39.7,6.0,Outpatient Monitoring
PAT-23408,2026-03-26,Cardiology,72,20.5,159.0,230.0,102.0,57.3,11.0,Outpatient Monitoring
PAT-23409,2026-01-26,Cardiology,29,34.6,137.0,135.0,139.0,32.6,6.0,Discharged Full Recovery
PAT-23410,2025-09-09,Cardiology,84,31.6,175.0,214.0,118.0,66.9,9.0,Extended Hospital Care
PAT-23411,2025-08-30,Neurology,29,33.3,127.0,167.0,113.0,26.8,11.0,Discharged Full Recovery
PAT-23412,2026-01-14,Neurology,51,33.4,145.0,192.0,109.0,41.7,12.0,Outpatient Monitoring
PAT-23413,2025-06-03,Cardiology,57,32.8,141.0,179.0,100.0,32.2,7.0,Discharged Full Recovery
PAT-23414,2026-02-10,Neurology,54,23.5,145.0,200.0,100.0,40.5,11.0,Outpatient Monitoring
PAT-23415,2026-03-10,Endocrinology,38,33.7,143.0,158.0,97.0,25.7,13.0,Discharged Full Recovery
PAT-23416,2025-09-11,Endocrinology,78,29.6,154.0,224.0,142.0,69.0,17.0,Extended Hospital Care
PAT-23417,2025-10-09,Endocrinology,79,29.6,154.0,228.0,102.0,54.2,17.0,Outpatient Monitoring
PAT-23418,2025-10-14,Neurology,26,25.5,127.0,156.0,138.0,33.5,7.0,Discharged Full Recovery
PAT-23419,2025-09-05,Cardiology,29,23.3,133.0,159.0,92.0,19.0,2.0,Discharged Full Recovery
PAT-23420,2025-11-17,General Medicine,75,29.9,152.0,207.0,120.0,54.1,16.0,Outpatient Monitoring
PAT-23421,2026-03-21,Endocrinology,20,34.2,139.0,168.0,133.0,41.1,7.0,Outpatient Monitoring
PAT-23422,2026-02-11,Neurology,62,22.4,152.0,199.0,114.0,49.3,11.0,Outpatient Monitoring
PAT-23423,2026-01-04,Endocrinology,77,28.3,166.0,220.0,151.0,77.4,14.0,Extended Hospital Care
PAT-23424,2025-10-16,Endocrinology,29,28.2,130.0,190.0,115.0,36.0,9.0,Outpatient Monitoring
PAT-23425,2026-03-15,Cardiology,72,22.1,159.0,220.0,98.0,52.7,12.0,Outpatient Monitoring
PAT-23426,2026-03-09,Cardiology,64,20.3,136.0,228.0,106.0,46.8,13.0,Outpatient Monitoring
PAT-23427,2025-06-29,Neurology,82,21.3,146.0,190.0,108.0,41.2,14.0,Outpatient Monitoring
PAT-23428,2025-10-30,Cardiology,72,27.0,149.0,204.0,117.0,50.5,12.0,Outpatient Monitoring
PAT-23429,2025-06-03,Neurology,81,24.5,165.0,208.0,127.0,63.7,15.0,Extended Hospital Care
PAT-23430,2025-09-03,Neurology,44,32.6,142.0,173.0,125.0,40.9,6.0,Outpatient Monitoring
PAT-23431,2025-12-05,Neurology,31,33.0,132.0,155.0,124.0,30.1,10.0,Discharged Full Recovery
PAT-23432,2026-01-05,Cardiology,60,30.5,139.0,210.0,110.0,44.5,9.0,Outpatient Monitoring
PAT-23433,2026-02-10,Cardiology,35,35.3,145.0,204.0,133.0,54.9,11.0,Outpatient Monitoring
PAT-23434,2025-12-27,Cardiology,40,30.5,153.0,170.0,100.0,35.5,9.0,Outpatient Monitoring
PAT-23435,2025-10-12,Cardiology,49,30.4,147.0,195.0,131.0,52.4,8.0,Outpatient Monitoring
PAT-23436,2025-08-23,General Medicine,26,39.9,143.0,174.0,139.0,47.3,9.0,Outpatient Monitoring
PAT-23437,2025-10-08,Neurology,37,35.4,142.0,167.0,144.0,46.7,5.0,Outpatient Monitoring
PAT-23438,2025-09-25,Cardiology,40,27.8,125.0,152.0,113.0,21.3,11.0,Discharged Full Recovery
PAT-23439,2025-11-25,Neurology,30,22.0,134.0,187.0,89.0,26.7,11.0,Discharged Full Recovery
PAT-23440,2025-12-20,Cardiology,28,22.8,133.0,161.0,111.0,27.2,8.0,Discharged Full Recovery
PAT-23441,2026-02-24,Neurology,50,35.4,150.0,179.0,136.0,51.1,11.0,Outpatient Monitoring
PAT-23442,2025-06-05,General Medicine,35,31.0,122.0,209.0,124.0,41.3,9.0,Outpatient Monitoring
PAT-23443,2025-09-18,Neurology,63,19.7,129.0,206.0,94.0,31.9,12.0,Discharged Full Recovery
PAT-23444,2025-12-14,Endocrinology,56,33.6,149.0,191.0,129.0,51.4,12.0,Outpatient Monitoring
PAT-23445,2026-03-19,Endocrinology,26,30.7,140.0,186.0,95.0,31.8,8.0,Discharged Full Recovery
PAT-23446,2025-08-20,Endocrinology,48,24.5,125.0,166.0,95.0,18.3,10.0,Discharged Full Recovery
PAT-23447,2026-03-22,Cardiology,61,22.9,138.0,211.0,132.0,53.1,14.0,Outpatient Monitoring
PAT-23448,2025-10-22,Neurology,24,31.9,122.0,140.0,130.0,23.0,9.0,Discharged Full Recovery
PAT-23449,2026-01-14,Neurology,65,28.6,156.0,188.0,116.0,48.8,12.0,Outpatient Monitoring
PAT-23450,2025-11-23,Neurology,29,29.0,132.0,187.0,122.0,38.9,9.0,Outpatient Monitoring
PAT-23451,2026-01-27,General Medicine,62,25.8,129.0,186.0,123.0,37.5,9.0,Outpatient Monitoring
PAT-23452,2026-02-05,Neurology,65,30.0,156.0,195.0,117.0,51.3,10.0,Outpatient Monitoring
PAT-23453,2025-07-12,General Medicine,69,31.0,160.0,173.0,116.0,46.3,16.0,Outpatient Monitoring
PAT-23454,2025-10-29,Endocrinology,47,29.1,138.0,209.0,108.0,42.9,9.0,Outpatient Monitoring
PAT-23455,2025-08-03,Endocrinology,35,26.6,159.0,133.0,80.0,19.4,9.0,Discharged Full Recovery
PAT-23456,2025-08-08,Endocrinology,57,30.0,139.0,161.0,142.0,42.6,9.0,Outpatient Monitoring
PAT-23457,2026-02-15,Endocrinology,34,22.6,137.0,212.0,126.0,50.5,8.0,Outpatient Monitoring
PAT-23458,2025-08-22,General Medicine,64,24.3,144.0,206.0,114.0,47.4,13.0,Outpatient Monitoring
PAT-23459,2026-02-04,Endocrinology,83,22.9,163.0,213.0,77.0,44.2,17.0,Outpatient Monitoring
PAT-23460,2025-10-25,Endocrinology,34,27.7,134.0,219.0,109.0,44.3,8.0,Outpatient Monitoring
PAT-23461,2026-01-19,Endocrinology,59,20.8,139.0,217.0,102.0,43.4,9.0,Outpatient Monitoring
PAT-23462,2026-02-03,Cardiology,24,19.6,128.0,192.0,120.0,37.6,6.0,Outpatient Monitoring
PAT-23463,2026-03-24,Neurology,57,25.3,143.0,175.0,146.0,50.4,13.0,Outpatient Monitoring
PAT-23464,2025-11-06,Cardiology,58,31.7,154.0,193.0,124.0,52.5,12.0,Outpatient Monitoring
PAT-23465,2026-02-27,General Medicine,29,25.4,129.0,167.0,103.0,23.8,8.0,Discharged Full Recovery
PAT-23466,2025-06-07,Endocrinology,79,21.2,149.0,190.0,82.0,32.3,11.0,Discharged Full Recovery
PAT-23467,2025-08-16,Endocrinology,41,29.0,138.0,226.0,135.0,58.8,11.0,Outpatient Monitoring
PAT-23468,2025-09-30,Cardiology,46,23.0,143.0,164.0,125.0,38.7,9.0,Outpatient Monitoring
PAT-23469,2025-10-08,Cardiology,62,19.8,125.0,194.0,130.0,40.7,11.0,Outpatient Monitoring
PAT-23470,2025-10-05,Cardiology,63,26.5,148.0,186.0,112.0,42.6,9.0,Outpatient Monitoring
PAT-23471,2025-06-05,Neurology,28,26.6,139.0,202.0,96.0,36.5,11.0,Outpatient Monitoring
PAT-23472,2026-03-06,Cardiology,74,28.8,152.0,157.0,146.0,49.5,15.0,Outpatient Monitoring
PAT-23473,2025-09-15,Cardiology,26,19.6,122.0,129.0,84.0,5.0,7.0,Discharged Full Recovery
PAT-23474,2025-11-03,Neurology,72,24.3,160.0,189.0,127.0,55.5,9.0,Outpatient Monitoring
PAT-23475,2026-02-26,Endocrinology,55,25.3,134.0,188.0,122.0,40.2,12.0,Outpatient Monitoring
PAT-23476,2025-10-08,Endocrinology,35,35.7,147.0,186.0,121.0,45.7,9.0,Outpatient Monitoring
PAT-23477,2025-12-24,Cardiology,69,31.0,163.0,175.0,130.0,54.0,17.0,Outpatient Monitoring
PAT-23478,2025-06-12,Cardiology,41,39.3,146.0,226.0,119.0,56.4,11.0,Outpatient Monitoring
PAT-23479,2025-11-10,Cardiology,66,28.2,142.0,213.0,130.0,54.9,13.0,Outpatient Monitoring
PAT-23480,2025-08-10,Cardiology,42,30.6,136.0,170.0,130.0,39.0,14.0,Outpatient Monitoring
PAT-23481,2025-11-20,Neurology,32,31.2,128.0,203.0,121.0,41.3,9.0,Outpatient Monitoring
PAT-23482,2025-08-01,Cardiology,65,34.7,130.0,205.0,124.0,44.1,11.0,Outpatient Monitoring
PAT-23483,2026-03-03,Endocrinology,73,17.9,130.0,192.0,105.0,32.6,12.0,Discharged Full Recovery
PAT-23484,2025-12-10,Endocrinology,51,16.0,145.0,226.0,99.0,47.9,11.0,Outpatient Monitoring
PAT-23485,2025-11-10,Cardiology,66,17.9,167.0,221.0,101.0,58.2,13.0,Outpatient Monitoring
PAT-23486,2025-07-02,Neurology,30,27.0,138.0,151.0,140.0,38.3,9.0,Outpatient Monitoring
PAT-23487,2026-03-23,Neurology,43,28.3,138.0,208.0,121.0,47.8,8.0,Outpatient Monitoring
PAT-23488,2025-06-24,General Medicine,29,32.6,133.0,182.0,132.0,41.9,8.0,Outpatient Monitoring
PAT-23489,2026-01-28,General Medicine,37,36.0,134.0,182.0,116.0,36.0,9.0,Outpatient Monitoring
PAT-23490,2025-06-09,Endocrinology,83,26.5,148.0,195.0,133.0,53.7,14.0,Outpatient Monitoring
PAT-23491,2025-12-04,Endocrinology,32,33.6,147.0,149.0,150.0,46.2,8.0,Outpatient Monitoring
PAT-23492,2025-10-08,Cardiology,55,32.3,143.0,216.0,127.0,55.1,9.0,Outpatient Monitoring
PAT-23493,2025-11-28,Cardiology,73,26.9,154.0,218.0,121.0,58.8,16.0,Outpatient Monitoring
PAT-23494,2025-11-30,Endocrinology,72,29.6,148.0,195.0,115.0,46.5,13.0,Outpatient Monitoring
PAT-23495,2025-10-15,General Medicine,39,32.2,154.0,195.0,134.0,57.1,9.0,Outpatient Monitoring
PAT-23496,2026-01-01,Endocrinology,23,32.5,133.0,197.0,137.0,48.4,6.0,Outpatient Monitoring
PAT-23497,2025-09-07,Endocrinology,76,30.2,145.0,204.0,126.0,52.1,14.0,Outpatient Monitoring
PAT-23498,2025-10-24,General Medicine,56,28.3,150.0,174.0,107.0,38.0,8.0,Outpatient Monitoring
PAT-23499,2025-08-05,Endocrinology,33,32.5,147.0,174.0,104.0,35.3,10.0,Outpatient Monitoring
