customer_id,plan_tier,monthly_revenue,tenure_months,total_revenue,support_tickets,active_users,contract_type,churned
CUST-10000,Professional,140.26,1,143.66,2,18,Annual,No
CUST-10001,Professional,148.99,22,3230.43,4,35,Monthly,Yes
CUST-10002,Starter,37.42,31,1128.72,1,20,Monthly,No
CUST-10003,Starter,35.85,39,1453.16,2,27,Monthly,No
CUST-10004,Professional,123.62,30,3451.84,2,16,Monthly,No
CUST-10005,Enterprise,980.88,14,14204.78,1,22,Monthly,No
CUST-10006,Starter,43.13,9,380.41,3,23,Monthly,No
CUST-10007,Enterprise,646.47,11,7224.38,2,35,Monthly,No
CUST-10008,Professional,122.31,44,5455.85,3,16,Monthly,No
CUST-10009,Starter,37.51,40,1440.93,1,35,Monthly,No
CUST-10010,Professional,139.77,33,4185.56,3,20,Two-Year,Yes
CUST-10011,Starter,42.14,12,512.72,4,12,Monthly,Yes
CUST-10012,Starter,29.11,18,489.01,3,28,Monthly,No
CUST-10013,Professional,106.71,7,778.03,1,14,Monthly,No
CUST-10014,Enterprise,1104.06,43,45644.5,2,17,Monthly,No
CUST-10015,Starter,34.0,32,1040.69,1,10,Monthly,No
CUST-10016,Starter,37.23,21,781.93,5,17,Annual,Yes
CUST-10017,Professional,118.65,31,3462.44,1,33,Monthly,No
CUST-10018,Professional,121.19,23,2755.5,4,13,Monthly,No
CUST-10019,Starter,40.25,28,1166.65,3,1,Annual,No
CUST-10020,Professional,124.02,20,2507.23,4,35,Monthly,No
CUST-10021,Professional,135.78,9,1107.72,0,17,Two-Year,No
CUST-10022,Starter,32.63,36,1141.93,1,9,Monthly,No
CUST-10023,Starter,40.91,35,1464.95,4,17,Annual,No
CUST-10024,Starter,35.61,47,1718.05,5,16,Monthly,No
CUST-10025,Enterprise,737.69,21,15815.62,1,5,Annual,No
CUST-10026,Professional,104.61,8,804.55,3,23,Monthly,Yes
CUST-10027,Professional,136.0,35,4677.71,1,35,Monthly,No
CUST-10028,Professional,121.2,29,3603.07,2,33,Monthly,No
CUST-10029,Professional,110.32,30,3180.2,9,10,Monthly,Yes
CUST-10030,Enterprise,615.12,10,5602.62,3,39,Monthly,No
CUST-10031,Professional,129.22,2,255.38,3,11,Monthly,No
CUST-10032,Starter,32.84,37,1222.44,0,20,Monthly,No
CUST-10033,Starter,47.49,7,340.35,0,3,Annual,No
CUST-10034,Enterprise,1166.28,44,48004.75,7,15,Monthly,Yes
CUST-10035,Starter,38.33,39,1426.8,1,3,Annual,No
CUST-10036,Enterprise,1061.34,21,21551.91,2,22,Monthly,No
CUST-10037,Enterprise,1142.77,30,33760.56,0,2,Annual,No
CUST-10038,Professional,124.0,25,2880.42,2,21,Two-Year,No
CUST-10039,Enterprise,749.42,3,2201.87,1,32,Monthly,No
CUST-10040,Starter,38.93,18,633.79,2,10,Monthly,Yes
CUST-10041,Starter,44.69,19,772.88,2,20,Monthly,No
CUST-10042,Professional,104.98,35,3741.31,4,27,Monthly,Yes
CUST-10043,Enterprise,635.73,28,18020.01,1,34,Annual,No
CUST-10044,Starter,29.69,6,167.97,1,37,Two-Year,No
CUST-10045,Starter,46.21,1,42.51,0,15,Monthly,No
CUST-10046,Professional,121.93,35,4084.86,2,13,Annual,No
CUST-10047,Starter,31.9,15,456.3,3,18,Two-Year,No
CUST-10048,Professional,124.8,13,1697.48,2,3,Monthly,No
CUST-10049,Professional,137.68,7,1008.65,3,18,Two-Year,No
CUST-10050,Professional,110.7,47,4948.4,2,18,Annual,No
CUST-10051,Professional,141.33,11,1560.43,3,4,Two-Year,No
CUST-10052,Starter,43.08,25,983.0,1,10,Monthly,No
CUST-10053,Starter,31.97,39,1247.58,4,19,Monthly,Yes
CUST-10054,Professional,113.38,25,2572.5,3,16,Two-Year,No
CUST-10055,Starter,35.68,26,952.21,2,9,Annual,No
CUST-10056,Professional,117.02,40,4524.02,5,26,Annual,Yes
CUST-10057,Starter,38.3,24,842.23,4,14,Monthly,Yes
CUST-10058,Starter,34.4,16,532.48,1,8,Monthly,No
CUST-10059,Starter,31.73,9,266.9,3,24,Annual,No
CUST-10060,Starter,42.0,33,1264.56,1,19,Monthly,No
CUST-10061,Enterprise,892.43,38,35008.75,2,37,Monthly,No
CUST-10062,Enterprise,589.42,45,24243.69,1,12,Monthly,No
CUST-10063,Professional,121.61,4,507.34,1,30,Monthly,No
CUST-10064,Professional,145.89,42,6427.54,3,37,Monthly,No
CUST-10065,Professional,112.5,32,3650.08,1,36,Annual,No
CUST-10066,Starter,34.47,2,64.36,4,29,Monthly,Yes
CUST-10067,Starter,29.63,42,1178.02,3,28,Two-Year,Yes
CUST-10068,Starter,44.09,45,1849.18,2,9,Monthly,No
CUST-10069,Professional,125.13,41,4618.38,6,26,Two-Year,No
CUST-10070,Professional,135.77,40,5227.94,3,37,Monthly,No
CUST-10071,Professional,137.16,32,3975.18,5,38,Two-Year,No
CUST-10072,Professional,145.52,39,5316.53,2,11,Monthly,No
CUST-10073,Starter,39.7,22,886.53,1,26,Monthly,No
CUST-10074,Professional,126.0,12,1516.26,6,22,Monthly,Yes
CUST-10075,Starter,30.69,9,257.47,1,7,Two-Year,No
CUST-10076,Professional,129.77,37,4884.42,2,4,Monthly,No
CUST-10077,Professional,127.96,42,5531.91,3,3,Monthly,No
CUST-10078,Professional,111.74,27,3028.85,1,1,Monthly,No
CUST-10079,Starter,29.25,9,252.4,3,22,Monthly,No
CUST-10080,Professional,145.04,17,2456.75,1,21,Monthly,No
CUST-10081,Professional,121.48,40,4509.15,3,31,Monthly,Yes
CUST-10082,Professional,120.89,42,5165.87,1,21,Annual,No
CUST-10083,Professional,111.6,37,4076.93,1,14,Monthly,No
CUST-10084,Enterprise,876.07,3,2514.53,4,9,Monthly,Yes
CUST-10085,Starter,39.26,11,389.89,2,37,Monthly,No
CUST-10086,Starter,44.98,42,1834.32,1,16,Annual,No
CUST-10087,Starter,38.18,15,574.4,0,37,Two-Year,No
CUST-10088,Starter,46.42,47,2172.75,2,30,Annual,No
CUST-10089,Enterprise,529.42,39,21297.5,1,15,Annual,No
CUST-10090,Starter,33.33,7,231.91,0,12,Annual,No
CUST-10091,Professional,104.75,42,4171.63,5,24,Annual,No
CUST-10092,Professional,141.59,42,5514.6,1,15,Annual,No
CUST-10093,Starter,43.53,19,844.46,1,32,Monthly,No
CUST-10094,Starter,43.89,7,306.94,1,1,Annual,No
CUST-10095,Enterprise,602.87,4,2450.47,1,25,Monthly,No
CUST-10096,Starter,38.92,24,896.41,2,16,Monthly,No
CUST-10097,Professional,145.91,5,757.01,7,12,Two-Year,No
CUST-10098,Professional,122.93,18,2156.91,3,13,Monthly,No
CUST-10099,Professional,117.41,17,1956.86,2,6,Annual,No
CUST-10100,Professional,105.52,35,3381.9,3,31,Monthly,No
CUST-10101,Starter,43.49,40,1817.94,0,13,Annual,No
CUST-10102,Starter,47.43,29,1258.79,2,20,Two-Year,No
CUST-10103,Starter,47.56,30,1490.39,3,2,Annual,No
CUST-10104,Enterprise,850.98,11,8936.94,3,22,Annual,No
CUST-10105,Starter,41.55,33,1393.74,2,4,Monthly,No
CUST-10106,Starter,46.7,35,1553.6,0,22,Monthly,No
CUST-10107,Starter,29.48,34,992.91,4,8,Annual,No
CUST-10108,Enterprise,517.01,45,22743.27,6,22,Monthly,No
CUST-10109,Starter,44.99,6,264.03,2,18,Annual,No
CUST-10110,Professional,136.25,8,1142.91,2,24,Monthly,No
CUST-10111,Enterprise,916.53,1,930.99,5,34,Monthly,Yes
CUST-10112,Professional,127.31,24,2751.89,4,34,Monthly,No
CUST-10113,Starter,35.97,42,1491.98,7,8,Monthly,Yes
CUST-10114,Enterprise,865.91,3,2505.15,5,18,Annual,Yes
CUST-10115,Professional,120.8,40,4538.95,2,35,Monthly,No
CUST-10116,Starter,30.57,43,1371.52,5,38,Two-Year,Yes
CUST-10117,Professional,129.02,11,1400.79,2,1,Annual,No
CUST-10118,Professional,146.72,16,2213.18,2,19,Annual,No
CUST-10119,Starter,32.15,37,1234.36,1,3,Annual,No
CUST-10120,Starter,42.33,20,787.78,2,20,Monthly,No
CUST-10121,Professional,125.89,26,3083.48,0,12,Annual,No
CUST-10122,Enterprise,509.76,6,3145.09,5,21,Monthly,Yes
CUST-10123,Starter,48.12,19,851.76,0,25,Monthly,No
CUST-10124,Starter,41.1,36,1525.48,1,12,Monthly,No
CUST-10125,Starter,39.66,22,884.44,1,19,Monthly,No
CUST-10126,Starter,34.99,5,168.26,3,28,Annual,Yes
CUST-10127,Professional,138.09,28,3998.81,6,2,Monthly,Yes
CUST-10128,Starter,42.76,34,1471.2,1,12,Monthly,No
CUST-10129,Professional,127.81,32,3879.58,4,5,Annual,No
CUST-10130,Starter,41.97,8,304.14,2,10,Annual,No
CUST-10131,Starter,37.73,31,1100.48,6,25,Monthly,No
CUST-10132,Starter,29.68,7,206.25,3,12,Monthly,No
CUST-10133,Enterprise,990.24,38,35668.65,5,13,Monthly,Yes
CUST-10134,Starter,46.46,28,1174.24,2,13,Monthly,No
CUST-10135,Professional,116.91,38,4543.09,3,30,Annual,No
CUST-10136,Professional,106.17,3,333.02,1,12,Monthly,No
CUST-10137,Starter,43.65,9,374.52,2,27,Monthly,No
CUST-10138,Enterprise,873.34,3,2487.75,3,13,Two-Year,No
CUST-10139,Starter,32.8,3,102.84,4,29,Monthly,Yes
CUST-10140,Professional,106.1,23,2401.98,1,35,Annual,No
CUST-10141,Starter,29.09,46,1268.7,7,23,Annual,Yes
CUST-10142,Professional,108.14,34,3703.18,1,2,Annual,No
CUST-10143,Enterprise,671.65,27,17715.33,3,24,Monthly,Yes
CUST-10144,Professional,141.98,31,4319.36,3,6,Monthly,No
CUST-10145,Starter,42.51,27,1064.44,3,32,Annual,No
CUST-10146,Enterprise,748.27,1,712.87,1,16,Monthly,No
CUST-10147,Professional,107.55,28,3117.62,2,1,Monthly,No
CUST-10148,Starter,44.58,43,1871.1,4,31,Monthly,No
CUST-10149,Enterprise,886.58,45,38443.62,1,6,Two-Year,No
CUST-10150,Starter,33.76,32,1114.39,0,22,Annual,No
CUST-10151,Professional,113.16,29,3265.88,0,11,Annual,No
CUST-10152,Starter,42.15,30,1187.07,2,33,Monthly,No
CUST-10153,Enterprise,1127.65,16,17300.52,5,31,Annual,No
CUST-10154,Starter,31.35,31,893.61,2,19,Annual,No
CUST-10155,Professional,115.27,24,2893.93,5,34,Monthly,No
CUST-10156,Enterprise,854.98,36,28657.79,3,8,Monthly,No
CUST-10157,Enterprise,988.49,41,39065.96,2,30,Two-Year,No
CUST-10158,Starter,39.22,35,1299.73,3,12,Annual,No
CUST-10159,Enterprise,1009.69,46,47187.31,5,30,Annual,No
CUST-10160,Professional,129.1,24,2869.11,3,4,Monthly,No
CUST-10161,Enterprise,854.97,11,9203.98,4,32,Monthly,Yes
CUST-10162,Professional,101.03,32,3218.17,4,5,Monthly,No
CUST-10163,Starter,33.98,22,767.77,2,23,Two-Year,No
CUST-10164,Professional,121.1,33,3797.87,3,26,Annual,No
CUST-10165,Professional,138.86,40,5152.76,1,22,Monthly,No
CUST-10166,Professional,126.24,47,6211.62,2,9,Monthly,No
CUST-10167,Professional,109.55,31,3174.26,3,20,Annual,No
CUST-10168,Starter,37.72,40,1437.5,4,38,Monthly,No
CUST-10169,Professional,103.11,16,1608.56,0,29,Annual,No
CUST-10170,Professional,136.73,36,5142.39,2,23,Monthly,No
CUST-10171,Enterprise,670.04,35,23750.56,4,23,Two-Year,No
CUST-10172,Starter,42.13,24,1015.32,4,26,Monthly,No
CUST-10173,Professional,139.01,38,4985.67,5,14,Monthly,Yes
CUST-10174,Starter,39.43,14,545.35,0,23,Monthly,No
CUST-10175,Starter,40.57,10,425.04,0,20,Two-Year,No
CUST-10176,Professional,102.1,45,4597.42,2,37,Monthly,No
CUST-10177,Enterprise,731.03,45,31487.09,0,26,Monthly,No
CUST-10178,Enterprise,816.38,37,28553.15,3,26,Annual,No
CUST-10179,Professional,144.43,31,4548.7,5,28,Two-Year,Yes
CUST-10180,Enterprise,704.94,28,17900.14,3,34,Annual,No
CUST-10181,Starter,33.26,14,433.67,3,12,Annual,No
CUST-10182,Starter,45.06,47,2165.36,3,8,Annual,No
CUST-10183,Starter,47.61,32,1437.14,1,21,Monthly,No
CUST-10184,Starter,29.66,40,1129.23,3,19,Monthly,No
CUST-10185,Starter,42.31,45,1897.7,2,8,Monthly,No
CUST-10186,Starter,30.32,25,724.63,2,6,Monthly,No
CUST-10187,Enterprise,623.91,1,565.25,1,10,Monthly,No
CUST-10188,Professional,145.83,23,3311.42,4,21,Two-Year,Yes
CUST-10189,Enterprise,864.38,10,8218.81,2,33,Annual,No
CUST-10190,Professional,135.75,43,5742.92,1,34,Monthly,No
CUST-10191,Professional,106.68,31,3336.78,1,15,Annual,No
CUST-10192,Starter,43.64,2,84.49,1,17,Annual,No
CUST-10193,Starter,42.5,47,2078.56,2,10,Monthly,Yes
CUST-10194,Professional,120.2,34,3860.88,1,30,Monthly,No
CUST-10195,Professional,117.39,47,5719.35,3,30,Annual,No
CUST-10196,Starter,46.3,20,847.93,1,32,Monthly,No
CUST-10197,Professional,100.75,17,1604.02,4,27,Annual,No
CUST-10198,Starter,42.99,25,1046.13,2,5,Monthly,No
CUST-10199,Professional,126.06,11,1438.57,6,5,Monthly,Yes
CUST-10200,Professional,136.21,18,2261.07,6,5,Annual,No
CUST-10201,Starter,35.67,29,1010.26,2,32,Monthly,No
CUST-10202,Professional,117.51,38,4091.93,3,22,Annual,No
CUST-10203,Starter,38.43,3,109.42,2,8,Two-Year,Yes
CUST-10204,Enterprise,536.78,27,14487.81,4,31,Monthly,No
CUST-10205,Professional,100.28,38,3613.47,5,1,Annual,Yes
CUST-10206,Starter,48.66,4,188.04,3,25,Annual,Yes
CUST-10207,Starter,37.76,14,541.05,5,10,Annual,Yes
CUST-10208,Starter,41.62,3,125.98,3,28,Monthly,Yes
CUST-10209,Starter,48.15,47,2206.95,1,25,Annual,No
CUST-10210,Enterprise,615.29,19,12163.69,1,37,Annual,No
CUST-10211,Professional,106.86,22,2300.98,6,20,Monthly,No
CUST-10212,Professional,114.82,28,3014.43,2,20,Two-Year,No
CUST-10213,Professional,132.01,38,4533.68,4,17,Monthly,No
CUST-10214,Starter,38.61,27,1076.58,1,21,Monthly,No
CUST-10215,Professional,118.11,47,5624.21,1,34,Annual,No
CUST-10216,Professional,144.17,1,144.14,4,27,Monthly,No
CUST-10217,Professional,111.18,3,318.98,3,34,Annual,No
CUST-10218,Professional,143.43,5,655.34,3,22,Monthly,Yes
CUST-10219,Professional,142.61,1,128.39,0,17,Annual,No
CUST-10220,Starter,47.35,40,1766.31,2,29,Annual,No
CUST-10221,Professional,108.09,2,225.01,3,20,Monthly,No
CUST-10222,Enterprise,1077.87,10,10678.83,1,31,Two-Year,Yes
CUST-10223,Starter,34.42,9,292.66,2,37,Monthly,No
CUST-10224,Professional,129.35,28,3713.16,0,5,Annual,No
CUST-10225,Enterprise,678.28,6,3683.94,2,30,Annual,No
CUST-10226,Starter,48.66,6,294.28,1,17,Annual,No
CUST-10227,Starter,30.6,3,92.1,6,21,Monthly,Yes
CUST-10228,Starter,45.75,46,1940.71,3,31,Annual,No
CUST-10229,Professional,115.66,13,1540.27,4,31,Monthly,No
CUST-10230,Starter,32.94,15,457.06,3,33,Annual,No
CUST-10231,Starter,34.75,32,1081.68,3,16,Annual,No
CUST-10232,Starter,30.52,29,870.91,4,1,Annual,No
CUST-10233,Professional,127.1,4,515.48,3,18,Monthly,Yes
CUST-10234,Starter,29.22,43,1192.51,1,36,Annual,No
CUST-10235,Enterprise,1101.5,26,27492.01,4,12,Monthly,No
CUST-10236,Enterprise,1045.35,34,32827.83,2,3,Annual,No
CUST-10237,Starter,42.7,36,1532.73,3,9,Annual,No
CUST-10238,Professional,134.59,27,3282.67,5,12,Monthly,No
CUST-10239,Enterprise,808.21,9,6881.39,1,3,Annual,Yes
CUST-10240,Professional,147.12,7,1024.8,2,12,Annual,No
CUST-10241,Professional,147.59,21,2963.2,2,29,Annual,No
CUST-10242,Professional,119.31,24,2587.68,3,6,Monthly,No
CUST-10243,Starter,35.39,25,887.49,7,28,Annual,No
CUST-10244,Starter,37.15,3,109.28,2,6,Annual,No
CUST-10245,Starter,39.25,9,341.76,4,25,Monthly,No
CUST-10246,Starter,36.97,15,508.34,4,27,Annual,Yes
CUST-10247,Professional,109.4,2,202.84,2,10,Two-Year,No
CUST-10248,Enterprise,1103.38,14,16129.96,1,38,Annual,No
CUST-10249,Professional,130.02,42,5255.11,3,34,Annual,No
CUST-10250,Starter,32.63,7,224.35,0,17,Monthly,No
CUST-10251,Professional,106.34,28,2950.11,1,3,Monthly,No
CUST-10252,Starter,33.68,26,885.78,3,21,Monthly,No
CUST-10253,Professional,129.74,15,1982.67,2,12,Monthly,No
CUST-10254,Starter,47.89,14,665.62,0,26,Monthly,No
CUST-10255,Starter,29.72,16,442.38,2,36,Monthly,No
CUST-10256,Enterprise,1086.85,33,33835.81,4,35,Monthly,No
CUST-10257,Starter,33.68,41,1349.78,1,11,Annual,No
CUST-10258,Professional,139.64,42,5824.55,5,31,Annual,Yes
CUST-10259,Professional,144.02,11,1617.99,2,15,Monthly,No
CUST-10260,Enterprise,941.39,37,32976.62,6,3,Two-Year,No
CUST-10261,Enterprise,846.59,4,3161.44,3,13,Annual,No
CUST-10262,Professional,114.26,13,1510.88,2,28,Annual,No
CUST-10263,Starter,36.23,41,1362.28,3,38,Monthly,No
CUST-10264,Starter,48.14,4,178.67,1,31,Monthly,No
CUST-10265,Professional,141.35,40,5228.44,1,20,Monthly,No
CUST-10266,Professional,146.43,26,3802.17,2,36,Two-Year,No
CUST-10267,Starter,33.82,9,284.34,1,32,Monthly,No
CUST-10268,Starter,33.1,5,154.31,2,4,Annual,Yes
CUST-10269,Starter,40.76,3,122.81,2,26,Monthly,Yes
CUST-10270,Starter,46.8,28,1373.72,1,13,Two-Year,No
CUST-10271,Professional,107.48,18,1841.82,2,36,Monthly,No
CUST-10272,Enterprise,1164.04,9,9984.51,1,30,Monthly,No
CUST-10273,Professional,107.15,12,1237.62,2,2,Monthly,No
CUST-10274,Professional,106.71,45,4718.55,3,30,Annual,No
CUST-10275,Professional,128.83,43,5659.67,2,27,Monthly,No
CUST-10276,Starter,47.78,45,2220.78,2,8,Monthly,No
CUST-10277,Professional,127.68,23,2885.29,2,1,Annual,Yes
CUST-10278,Starter,30.38,40,1210.35,3,32,Monthly,No
CUST-10279,Starter,47.3,3,143.26,4,12,Monthly,No
CUST-10280,Professional,146.12,7,940.27,1,3,Monthly,No
CUST-10281,Starter,35.04,46,1662.42,2,13,Two-Year,Yes
CUST-10282,Professional,130.82,39,4843.85,1,12,Annual,No
CUST-10283,Starter,35.41,36,1192.51,4,32,Annual,Yes
CUST-10284,Starter,48.25,25,1177.64,1,16,Annual,No
CUST-10285,Starter,43.7,16,684.72,2,29,Monthly,No
CUST-10286,Starter,39.91,35,1307.99,5,14,Monthly,No
CUST-10287,Professional,129.45,30,3678.12,2,11,Annual,No
CUST-10288,Starter,38.83,6,219.12,2,16,Annual,No
CUST-10289,Enterprise,997.82,14,13798.44,1,7,Two-Year,No
CUST-10290,Starter,46.13,2,83.78,0,36,Annual,No
CUST-10291,Professional,104.04,18,1887.39,3,7,Monthly,No
CUST-10292,Professional,138.41,20,2874.93,1,35,Annual,No
CUST-10293,Enterprise,923.02,36,34511.26,1,19,Monthly,No
CUST-10294,Professional,146.31,6,823.15,3,17,Annual,No
CUST-10295,Starter,29.9,12,368.43,2,28,Annual,No
CUST-10296,Starter,36.66,19,655.81,2,7,Annual,No
CUST-10297,Professional,106.74,42,4602.11,1,39,Monthly,No
CUST-10298,Starter,44.93,19,878.03,3,14,Monthly,No
CUST-10299,Starter,32.77,1,29.77,1,39,Two-Year,No
CUST-10300,Professional,104.81,14,1344.28,6,33,Monthly,No
CUST-10301,Starter,40.82,33,1248.84,2,17,Monthly,No
CUST-10302,Starter,32.08,30,986.52,4,1,Annual,No
CUST-10303,Professional,107.6,10,972.63,5,15,Annual,No
CUST-10304,Starter,44.44,46,1954.79,3,24,Monthly,No
CUST-10305,Professional,136.67,28,3651.49,0,20,Two-Year,No
CUST-10306,Enterprise,541.26,12,6598.69,3,24,Monthly,No
CUST-10307,Starter,45.89,28,1239.31,4,10,Monthly,No
CUST-10308,Professional,103.08,4,395.27,2,7,Annual,No
CUST-10309,Starter,31.56,41,1173.81,0,39,Monthly,No
CUST-10310,Professional,117.91,3,338.45,3,7,Monthly,Yes
CUST-10311,Professional,109.25,38,3920.91,4,17,Monthly,No
CUST-10312,Professional,133.29,38,5182.53,1,12,Monthly,No
CUST-10313,Starter,34.24,9,317.92,4,17,Monthly,Yes
CUST-10314,Starter,37.79,16,564.1,1,30,Monthly,No
CUST-10315,Starter,41.55,39,1549.77,3,6,Monthly,No
CUST-10316,Starter,33.17,40,1281.12,1,13,Monthly,No
CUST-10317,Professional,100.69,26,2443.73,3,34,Annual,No
CUST-10318,Enterprise,1195.9,24,25892.52,1,36,Monthly,No
CUST-10319,Enterprise,786.45,35,26777.26,4,29,Annual,No
CUST-10320,Starter,41.19,17,684.8,3,3,Annual,No
CUST-10321,Starter,29.48,12,346.45,6,35,Monthly,No
CUST-10322,Professional,103.43,22,2288.73,1,24,Annual,No
CUST-10323,Professional,143.61,9,1194.16,4,3,Annual,Yes
CUST-10324,Professional,131.14,12,1592.41,3,23,Monthly,No
CUST-10325,Professional,117.37,2,217.69,1,12,Two-Year,No
CUST-10326,Professional,140.21,26,3654.18,6,27,Monthly,No
CUST-10327,Enterprise,691.09,13,9204.87,2,8,Annual,No
CUST-10328,Professional,110.45,45,4858.64,5,32,Monthly,No
CUST-10329,Starter,44.23,47,2058.37,1,23,Annual,No
CUST-10330,Starter,40.51,38,1485.8,2,38,Monthly,No
CUST-10331,Enterprise,1002.29,13,12083.63,4,30,Monthly,No
CUST-10332,Starter,33.57,38,1280.59,2,6,Monthly,No
CUST-10333,Starter,48.0,8,385.24,3,16,Annual,Yes
CUST-10334,Professional,114.29,8,888.92,3,29,Monthly,No
CUST-10335,Professional,131.12,5,596.32,3,31,Annual,No
CUST-10336,Professional,107.31,32,3286.11,1,31,Monthly,No
CUST-10337,Professional,125.18,37,4611.54,2,2,Two-Year,No
CUST-10338,Professional,124.27,26,3263.55,2,2,Annual,No
CUST-10339,Starter,40.93,26,1002.68,3,32,Annual,No
CUST-10340,Enterprise,716.78,10,6959.21,6,2,Annual,No
CUST-10341,Starter,37.49,1,36.92,3,34,Annual,Yes
CUST-10342,Starter,40.17,12,434.41,1,32,Monthly,No
CUST-10343,Enterprise,917.85,8,7359.58,2,20,Annual,No
CUST-10344,Enterprise,883.32,45,40104.88,2,14,Annual,No
CUST-10345,Professional,107.83,21,2371.01,4,30,Annual,Yes
CUST-10346,Enterprise,1040.66,26,24695.91,2,13,Monthly,No
CUST-10347,Professional,117.61,5,563.1,1,12,Monthly,No
CUST-10348,Professional,113.52,15,1579.3,1,21,Annual,No
CUST-10349,Starter,39.51,44,1608.15,2,20,Annual,No
CUST-10350,Starter,47.7,2,97.21,1,36,Monthly,No
CUST-10351,Starter,31.84,42,1342.55,2,38,Monthly,Yes
CUST-10352,Starter,44.53,7,317.73,2,10,Monthly,No
CUST-10353,Professional,130.38,34,4096.76,0,33,Monthly,No
CUST-10354,Starter,45.07,41,1746.8,4,13,Monthly,Yes
CUST-10355,Enterprise,902.73,41,36912.87,3,37,Monthly,No
CUST-10356,Starter,47.16,38,1775.02,4,24,Two-Year,Yes
CUST-10357,Starter,45.07,20,911.53,1,22,Annual,No
CUST-10358,Professional,143.46,3,409.65,3,28,Monthly,No
CUST-10359,Starter,48.9,5,247.13,2,23,Monthly,No
CUST-10360,Enterprise,916.65,27,23827.21,1,36,Annual,No
CUST-10361,Starter,35.64,30,1043.45,1,38,Monthly,No
CUST-10362,Enterprise,1196.91,6,7168.58,7,39,Annual,Yes
CUST-10363,Starter,30.15,37,1015.76,4,7,Annual,Yes
CUST-10364,Enterprise,901.65,16,14331.5,1,16,Annual,Yes
CUST-10365,Enterprise,725.27,7,4922.8,4,17,Monthly,No
CUST-10366,Enterprise,946.51,42,36014.81,5,4,Monthly,Yes
CUST-10367,Starter,29.34,16,433.86,1,5,Annual,No
CUST-10368,Enterprise,726.5,9,6727.16,3,31,Monthly,Yes
CUST-10369,Professional,109.41,41,4447.46,2,3,Monthly,No
CUST-10370,Professional,132.38,32,4027.26,2,22,Annual,No
CUST-10371,Starter,38.72,6,220.9,5,26,Two-Year,No
CUST-10372,Enterprise,1023.06,40,40959.02,4,20,Annual,Yes
CUST-10373,Starter,41.89,31,1356.12,1,30,Monthly,No
CUST-10374,Enterprise,1185.09,32,34978.45,4,29,Two-Year,No
CUST-10375,Starter,32.55,47,1385.14,1,1,Monthly,No
CUST-10376,Professional,107.89,4,448.86,1,20,Monthly,No
CUST-10377,Professional,122.03,6,700.59,2,10,Monthly,No
CUST-10378,Enterprise,1171.29,19,21389.11,0,26,Annual,No
CUST-10379,Starter,48.11,7,353.61,4,11,Two-Year,No
CUST-10380,Enterprise,748.06,38,29160.98,3,29,Monthly,No
CUST-10381,Starter,37.24,40,1360.78,4,24,Annual,No
CUST-10382,Enterprise,800.05,31,24904.05,1,14,Annual,No
CUST-10383,Enterprise,1045.87,29,30120.04,1,16,Annual,No
CUST-10384,Professional,115.16,14,1568.61,2,30,Monthly,Yes
CUST-10385,Starter,42.49,20,788.93,3,28,Annual,No
CUST-10386,Starter,32.91,10,340.29,4,3,Annual,No
CUST-10387,Professional,126.7,43,5246.56,5,23,Annual,Yes
CUST-10388,Starter,44.66,4,170.64,1,2,Annual,No
CUST-10389,Professional,143.3,42,6000.11,1,6,Monthly,No
CUST-10390,Starter,42.83,4,163.66,3,10,Monthly,No
CUST-10391,Professional,148.0,25,3469.26,0,24,Annual,No
CUST-10392,Professional,130.72,22,2968.38,2,19,Monthly,No
CUST-10393,Starter,37.88,41,1605.12,3,39,Monthly,No
CUST-10394,Professional,139.8,14,1843.24,4,24,Annual,No
CUST-10395,Enterprise,1033.05,25,23425.87,0,35,Monthly,No
CUST-10396,Professional,145.85,44,6705.7,1,26,Monthly,No
CUST-10397,Professional,112.19,26,2768.83,6,28,Monthly,No
CUST-10398,Professional,132.26,31,3720.62,4,9,Monthly,No
CUST-10399,Professional,133.72,41,5121.33,3,26,Annual,No
CUST-10400,Starter,48.02,16,722.63,3,25,Monthly,No
CUST-10401,Starter,36.67,6,216.65,5,34,Monthly,Yes
CUST-10402,Starter,33.48,43,1456.99,5,12,Annual,No
CUST-10403,Starter,45.38,11,505.23,4,36,Annual,No
CUST-10404,Professional,145.32,34,4534.43,3,13,Monthly,Yes
CUST-10405,Starter,39.45,42,1706.93,2,8,Two-Year,No
CUST-10406,Professional,110.87,1,104.42,4,1,Annual,No
CUST-10407,Professional,123.09,45,5661.88,3,13,Monthly,No
CUST-10408,Starter,46.58,9,416.51,6,32,Monthly,No
CUST-10409,Professional,115.95,39,4487.48,3,15,Annual,No
CUST-10410,Enterprise,589.39,45,24167.74,6,15,Monthly,No
CUST-10411,Professional,126.41,7,855.92,2,27,Monthly,No
CUST-10412,Starter,36.71,36,1292.26,3,3,Monthly,No
CUST-10413,Starter,39.45,35,1382.22,2,5,Monthly,No
CUST-10414,Professional,105.49,35,3600.08,4,12,Monthly,No
CUST-10415,Starter,31.24,2,62.37,2,20,Annual,No
CUST-10416,Starter,34.15,8,286.3,2,37,Monthly,No
CUST-10417,Enterprise,980.27,41,36900.8,3,15,Annual,No
CUST-10418,Enterprise,937.66,23,20343.91,1,19,Two-Year,No
CUST-10419,Starter,47.84,44,1981.68,0,26,Monthly,No
CUST-10420,Starter,38.39,3,111.58,0,22,Monthly,No
CUST-10421,Starter,45.05,34,1490.13,3,11,Monthly,No
CUST-10422,Professional,106.57,7,779.28,5,16,Annual,No
CUST-10423,Professional,102.32,7,729.53,3,37,Annual,No
CUST-10424,Starter,48.6,46,2282.52,3,32,Annual,No
CUST-10425,Starter,45.01,10,418.83,4,27,Monthly,No
CUST-10426,Starter,47.71,41,1840.6,3,15,Annual,No
CUST-10427,Starter,38.22,9,317.73,1,33,Monthly,No
CUST-10428,Enterprise,605.4,12,7541.16,4,15,Monthly,No
CUST-10429,Starter,41.76,6,251.02,3,35,Two-Year,No
CUST-10430,Starter,39.25,22,839.75,3,23,Monthly,Yes
CUST-10431,Starter,30.88,44,1291.12,2,10,Annual,No
CUST-10432,Professional,135.39,11,1364.08,2,29,Annual,Yes
CUST-10433,Professional,123.31,33,4271.45,2,37,Monthly,No
CUST-10434,Enterprise,927.48,23,22230.53,1,39,Annual,No
CUST-10435,Enterprise,1129.79,30,32270.08,1,31,Monthly,No
CUST-10436,Starter,32.62,28,835.02,1,35,Annual,No
CUST-10437,Professional,114.92,1,106.17,5,11,Annual,Yes
CUST-10438,Professional,139.75,47,6264.02,2,10,Monthly,No
CUST-10439,Professional,143.91,19,2577.35,3,34,Annual,No
CUST-10440,Starter,45.64,47,1985.5,2,1,Monthly,No
CUST-10441,Professional,100.07,17,1720.91,2,7,Monthly,No
CUST-10442,Enterprise,538.47,14,6872.07,5,8,Two-Year,No
CUST-10443,Starter,40.39,46,1739.84,3,13,Two-Year,No
CUST-10444,Professional,100.72,15,1500.49,1,38,Monthly,Yes
CUST-10445,Starter,35.57,16,513.21,6,27,Monthly,Yes
CUST-10446,Starter,34.02,4,132.71,1,13,Two-Year,No
CUST-10447,Enterprise,1151.86,2,2387.69,2,31,Annual,No
CUST-10448,Starter,41.91,21,808.97,3,2,Monthly,Yes
CUST-10449,Enterprise,1175.47,25,26836.11,3,3,Monthly,No
CUST-10450,Professional,111.27,28,3269.51,4,16,Annual,Yes
CUST-10451,Professional,124.59,21,2478.82,2,36,Annual,No
CUST-10452,Enterprise,1149.43,38,42328.36,1,11,Monthly,No
CUST-10453,Starter,35.24,23,850.41,1,21,Annual,No
CUST-10454,Starter,34.44,38,1235.83,2,8,Two-Year,No
CUST-10455,Starter,33.63,6,199.37,3,30,Monthly,No
CUST-10456,Enterprise,817.63,23,17714.09,4,19,Annual,Yes
CUST-10457,Professional,124.17,26,3247.23,4,20,Two-Year,No
CUST-10458,Professional,119.44,38,4605.5,2,37,Monthly,No
CUST-10459,Professional,141.88,20,2571.9,2,33,Annual,No
CUST-10460,Professional,126.22,45,5151.56,7,27,Annual,No
CUST-10461,Starter,34.5,3,96.64,1,34,Monthly,No
CUST-10462,Starter,30.68,24,726.22,4,13,Annual,No
CUST-10463,Starter,32.05,44,1353.85,4,28,Monthly,No
CUST-10464,Professional,104.67,46,4776.7,1,7,Monthly,No
CUST-10465,Professional,121.97,34,4350.94,3,11,Annual,No
CUST-10466,Starter,48.99,8,361.27,1,4,Monthly,No
CUST-10467,Enterprise,846.11,39,32994.17,4,12,Annual,No
CUST-10468,Professional,138.8,10,1273.79,3,38,Monthly,No
CUST-10469,Starter,44.74,18,821.65,0,32,Monthly,No
CUST-10470,Enterprise,622.22,23,13030.02,0,26,Two-Year,No
CUST-10471,Starter,37.34,36,1212.18,4,28,Monthly,Yes
CUST-10472,Starter,47.79,3,144.7,2,12,Monthly,Yes
CUST-10473,Enterprise,897.07,10,9212.17,0,12,Monthly,No
CUST-10474,Starter,45.66,1,44.86,3,6,Annual,No
CUST-10475,Professional,133.46,11,1540.87,3,11,Two-Year,Yes
CUST-10476,Starter,43.56,21,891.68,3,14,Monthly,No
CUST-10477,Professional,137.32,2,277.9,2,37,Monthly,Yes
CUST-10478,Starter,48.89,2,89.83,1,36,Monthly,No
CUST-10479,Starter,35.57,36,1324.71,2,7,Annual,No
CUST-10480,Starter,36.15,14,516.83,2,37,Monthly,No
CUST-10481,Starter,34.67,5,175.84,1,10,Monthly,No
CUST-10482,Starter,29.03,43,1215.59,0,35,Annual,No
CUST-10483,Enterprise,1005.48,40,39258.23,3,27,Monthly,Yes
CUST-10484,Professional,108.49,45,4659.55,5,16,Monthly,Yes
CUST-10485,Enterprise,864.12,46,37010.19,3,29,Annual,No
CUST-10486,Starter,38.02,1,36.02,1,17,Annual,No
CUST-10487,Starter,43.32,13,587.93,1,6,Monthly,No
CUST-10488,Starter,34.05,10,348.79,2,5,Monthly,Yes
CUST-10489,Starter,32.57,46,1559.92,2,19,Monthly,Yes
CUST-10490,Enterprise,694.24,36,22712.63,4,30,Annual,No
CUST-10491,Starter,32.23,14,448.54,4,24,Monthly,No
CUST-10492,Starter,35.78,30,1061.56,3,28,Two-Year,Yes
CUST-10493,Professional,120.97,38,4665.1,6,30,Monthly,Yes
CUST-10494,Enterprise,905.07,17,14232.71,1,10,Annual,No
CUST-10495,Starter,38.41,46,1743.95,3,6,Annual,No
CUST-10496,Professional,102.57,26,2593.55,2,7,Two-Year,No
CUST-10497,Starter,48.63,13,659.66,4,23,Monthly,No
CUST-10498,Professional,129.99,37,4765.36,3,30,Monthly,No
CUST-10499,Starter,39.05,30,1096.25,2,33,Monthly,No
CUST-10500,Professional,112.92,18,1864.11,1,11,Monthly,No
CUST-10501,Starter,37.0,28,993.44,1,6,Annual,No
CUST-10502,Professional,132.91,12,1510.63,2,7,Monthly,No
CUST-10503,Professional,120.85,7,764.32,1,35,Monthly,No
CUST-10504,Enterprise,719.68,39,25760.75,5,7,Annual,No
CUST-10505,Professional,130.34,4,485.0,3,20,Monthly,Yes
CUST-10506,Starter,44.03,17,694.57,3,9,Monthly,No
CUST-10507,Starter,45.56,34,1559.94,2,21,Monthly,No
CUST-10508,Starter,29.83,34,940.15,1,7,Monthly,No
CUST-10509,Professional,134.42,23,2957.17,3,14,Annual,No
CUST-10510,Professional,102.15,15,1447.33,2,18,Annual,No
CUST-10511,Professional,101.81,30,3006.93,1,15,Annual,No
CUST-10512,Professional,133.64,14,1895.95,4,11,Monthly,No
CUST-10513,Starter,45.2,7,285.44,4,24,Monthly,Yes
CUST-10514,Starter,29.29,6,181.97,4,27,Monthly,No
CUST-10515,Professional,115.62,31,3634.9,6,14,Annual,Yes
CUST-10516,Professional,109.24,34,3603.92,3,33,Two-Year,No
CUST-10517,Starter,45.34,47,2148.63,4,21,Annual,No
CUST-10518,Professional,111.34,13,1337.9,6,5,Two-Year,Yes
CUST-10519,Starter,38.32,13,495.41,1,39,Annual,No
CUST-10520,Professional,116.78,28,3254.24,1,14,Monthly,No
CUST-10521,Professional,102.34,23,2219.77,3,1,Annual,Yes
CUST-10522,Professional,127.31,40,5180.02,3,2,Monthly,No
CUST-10523,Professional,141.63,14,1992.8,2,4,Monthly,No
CUST-10524,Professional,101.84,5,505.98,4,3,Monthly,No
CUST-10525,Professional,146.98,5,673.39,2,5,Annual,No
CUST-10526,Starter,44.93,5,223.38,1,8,Monthly,No
CUST-10527,Starter,44.24,36,1438.12,2,32,Annual,No
CUST-10528,Starter,34.19,19,590.84,2,37,Annual,No
CUST-10529,Professional,110.77,5,524.08,1,38,Monthly,No
CUST-10530,Enterprise,875.98,40,35069.42,3,37,Monthly,No
CUST-10531,Starter,35.37,21,684.93,3,12,Monthly,No
CUST-10532,Enterprise,527.27,43,21048.29,0,5,Monthly,No
CUST-10533,Starter,42.2,35,1388.66,3,30,Monthly,Yes
CUST-10534,Professional,104.11,40,4264.26,0,33,Annual,No
CUST-10535,Professional,115.75,8,887.58,3,13,Annual,No
CUST-10536,Starter,46.82,5,227.39,2,9,Two-Year,No
CUST-10537,Starter,45.14,10,407.44,1,11,Monthly,Yes
CUST-10538,Professional,111.89,2,229.05,5,37,Monthly,Yes
CUST-10539,Professional,103.25,39,4151.42,2,33,Two-Year,No
CUST-10540,Starter,33.89,9,299.69,2,30,Annual,Yes
CUST-10541,Starter,38.32,2,74.62,0,20,Annual,No
CUST-10542,Starter,48.4,17,763.42,2,25,Monthly,No
CUST-10543,Starter,33.31,39,1292.65,3,24,Annual,No
CUST-10544,Starter,47.75,29,1425.49,2,32,Annual,No
CUST-10545,Starter,48.73,34,1723.53,4,28,Monthly,No
CUST-10546,Enterprise,926.85,45,42804.8,0,29,Monthly,No
CUST-10547,Starter,43.41,12,503.9,3,9,Annual,No
CUST-10548,Professional,133.5,13,1578.56,3,16,Monthly,No
CUST-10549,Professional,148.88,25,3460.48,2,13,Monthly,No
CUST-10550,Starter,36.68,46,1724.76,0,23,Monthly,No
CUST-10551,Starter,41.5,2,81.8,6,20,Monthly,No
CUST-10552,Starter,45.13,34,1494.37,5,30,Annual,No
CUST-10553,Starter,46.54,25,1183.65,1,19,Monthly,No
CUST-10554,Starter,45.4,33,1476.75,1,32,Monthly,No
CUST-10555,Enterprise,541.23,25,12689.8,3,35,Annual,No
CUST-10556,Starter,43.69,39,1620.45,1,8,Monthly,No
CUST-10557,Starter,33.72,16,559.08,1,35,Monthly,No
CUST-10558,Starter,31.95,14,416.78,2,35,Annual,No
CUST-10559,Professional,117.36,4,462.66,2,13,Monthly,Yes
CUST-10560,Enterprise,631.9,10,6611.32,1,7,Annual,No
CUST-10561,Enterprise,773.1,8,6036.89,7,16,Monthly,Yes
CUST-10562,Starter,30.91,29,932.92,4,25,Monthly,Yes
CUST-10563,Professional,115.5,18,2044.11,3,21,Annual,No
CUST-10564,Professional,141.72,45,5888.71,1,29,Monthly,No
CUST-10565,Professional,103.74,43,4620.7,2,34,Monthly,No
CUST-10566,Professional,125.05,9,1146.68,3,5,Monthly,No
CUST-10567,Starter,30.58,19,524.44,2,5,Two-Year,No
CUST-10568,Professional,132.47,14,1761.05,3,18,Annual,Yes
CUST-10569,Starter,42.54,41,1751.06,2,15,Monthly,No
CUST-10570,Professional,138.17,13,1688.11,3,5,Monthly,No
CUST-10571,Professional,127.63,35,4553.81,0,11,Monthly,No
CUST-10572,Professional,109.83,29,3165.26,2,31,Annual,No
CUST-10573,Enterprise,504.52,3,1489.76,1,25,Monthly,No
CUST-10574,Professional,122.5,21,2496.2,3,39,Annual,Yes
CUST-10575,Professional,107.12,4,419.14,2,12,Two-Year,No
CUST-10576,Starter,42.2,36,1403.54,3,32,Annual,No
CUST-10577,Professional,146.89,15,2060.98,7,17,Annual,Yes
CUST-10578,Starter,38.19,19,704.82,1,39,Monthly,No
CUST-10579,Enterprise,874.75,35,29753.44,2,27,Annual,No
CUST-10580,Starter,41.97,25,951.2,6,37,Monthly,No
CUST-10581,Professional,120.55,23,2518.51,1,30,Annual,No
CUST-10582,Starter,29.33,44,1228.11,2,27,Annual,No
CUST-10583,Starter,39.49,12,449.83,2,37,Two-Year,No
CUST-10584,Starter,45.68,27,1193.34,5,23,Monthly,Yes
CUST-10585,Starter,36.24,36,1232.4,5,11,Annual,No
CUST-10586,Starter,41.56,25,989.11,3,39,Two-Year,No
CUST-10587,Starter,44.36,46,1912.19,1,26,Monthly,No
CUST-10588,Professional,144.49,30,4491.74,4,17,Annual,No
CUST-10589,Starter,45.94,33,1534.85,2,13,Monthly,No
CUST-10590,Enterprise,712.3,28,20570.59,1,24,Monthly,No
CUST-10591,Enterprise,538.44,29,14139.36,2,5,Monthly,No
CUST-10592,Professional,108.11,22,2401.01,2,29,Annual,No
CUST-10593,Professional,111.44,36,3887.62,2,34,Monthly,No
CUST-10594,Enterprise,1162.41,36,38825.11,2,37,Monthly,Yes
CUST-10595,Starter,40.74,33,1314.46,3,11,Monthly,No
CUST-10596,Starter,42.67,35,1428.74,1,2,Monthly,No
CUST-10597,Starter,43.44,29,1321.02,1,37,Monthly,No
CUST-10598,Enterprise,501.82,32,16076.01,3,19,Two-Year,Yes
CUST-10599,Starter,34.58,21,665.9,4,33,Monthly,Yes
CUST-10600,Professional,145.87,19,2683.95,1,12,Monthly,No
CUST-10601,Professional,104.87,21,2098.08,1,8,Two-Year,No
CUST-10602,Professional,105.71,46,4979.5,3,27,Monthly,No
CUST-10603,Professional,129.36,13,1738.6,2,7,Monthly,No
CUST-10604,Starter,31.29,47,1531.71,0,2,Annual,No
CUST-10605,Professional,118.07,40,4483.85,1,10,Monthly,No
CUST-10606,Professional,110.03,47,5253.81,3,29,Two-Year,No
CUST-10607,Enterprise,879.5,45,38284.2,1,3,Monthly,No
CUST-10608,Starter,32.53,34,1079.38,2,31,Annual,No
CUST-10609,Starter,44.42,37,1617.64,3,34,Monthly,No
CUST-10610,Enterprise,926.44,11,10247.68,1,27,Monthly,No
CUST-10611,Professional,118.75,8,935.41,0,36,Monthly,No
CUST-10612,Enterprise,896.12,29,23753.38,1,23,Monthly,No
CUST-10613,Enterprise,1130.03,38,44001.05,4,34,Annual,Yes
CUST-10614,Starter,45.33,5,223.76,3,2,Annual,No
CUST-10615,Starter,45.15,1,40.79,2,5,Annual,Yes
CUST-10616,Starter,43.8,38,1615.63,2,35,Annual,No
CUST-10617,Professional,111.9,28,3233.85,1,22,Monthly,No
CUST-10618,Professional,118.61,27,2933.86,5,22,Annual,Yes
CUST-10619,Starter,36.33,36,1279.57,2,35,Annual,No
CUST-10620,Enterprise,969.51,16,14527.24,1,34,Monthly,No
CUST-10621,Starter,41.31,17,696.08,2,35,Annual,No
CUST-10622,Starter,34.74,26,871.96,4,39,Annual,Yes
CUST-10623,Professional,110.26,33,3371.04,1,11,Two-Year,No
CUST-10624,Enterprise,940.2,38,34602.43,2,8,Monthly,No
CUST-10625,Enterprise,1135.24,8,8706.24,1,4,Monthly,Yes
CUST-10626,Professional,129.07,13,1685.12,5,27,Monthly,Yes
CUST-10627,Enterprise,806.77,33,26866.87,3,7,Monthly,Yes
CUST-10628,Professional,130.13,20,2697.74,1,18,Monthly,Yes
CUST-10629,Starter,38.96,39,1517.37,3,29,Monthly,No
CUST-10630,Enterprise,997.71,43,43139.34,4,22,Annual,Yes
CUST-10631,Starter,39.77,22,797.17,2,28,Two-Year,No
CUST-10632,Starter,32.99,20,597.65,5,30,Monthly,Yes
CUST-10633,Professional,108.98,44,4688.0,2,28,Annual,No
CUST-10634,Professional,131.63,29,3849.51,4,1,Annual,Yes
CUST-10635,Enterprise,713.31,46,34197.78,1,9,Monthly,No
CUST-10636,Starter,37.53,25,853.4,2,9,Annual,Yes
CUST-10637,Professional,100.2,35,3628.3,3,14,Annual,Yes
CUST-10638,Starter,29.71,16,453.4,1,35,Monthly,Yes
CUST-10639,Starter,38.52,31,1177.66,2,2,Annual,No
CUST-10640,Starter,44.48,47,2117.83,3,9,Monthly,No
CUST-10641,Enterprise,708.7,8,5605.5,0,19,Annual,No
CUST-10642,Professional,141.66,1,147.71,2,32,Annual,Yes
CUST-10643,Professional,142.23,8,1126.19,4,30,Monthly,Yes
CUST-10644,Starter,38.55,34,1281.33,0,16,Annual,No
CUST-10645,Professional,110.81,18,1954.69,6,39,Monthly,Yes
CUST-10646,Professional,118.37,1,124.22,2,16,Monthly,Yes
CUST-10647,Starter,42.21,37,1509.13,2,29,Monthly,No
CUST-10648,Enterprise,802.12,35,29299.22,5,12,Annual,No
CUST-10649,Professional,109.41,31,3355.57,2,21,Annual,No
CUST-10650,Starter,38.43,40,1582.38,1,15,Monthly,No
CUST-10651,Professional,120.99,27,3260.49,2,30,Monthly,Yes
CUST-10652,Starter,35.86,21,717.5,2,32,Monthly,No
CUST-10653,Professional,122.05,6,707.64,4,30,Monthly,Yes
CUST-10654,Professional,104.78,41,4232.27,3,4,Annual,Yes
CUST-10655,Enterprise,596.33,22,11860.03,1,30,Monthly,No
CUST-10656,Enterprise,1177.93,46,52809.21,3,30,Two-Year,No
CUST-10657,Starter,32.96,31,996.26,4,34,Annual,No
CUST-10658,Starter,42.51,45,1991.15,1,14,Monthly,Yes
CUST-10659,Professional,145.08,25,3521.97,0,1,Monthly,No
CUST-10660,Professional,108.9,1,105.2,4,5,Annual,Yes
CUST-10661,Starter,29.16,42,1239.07,2,21,Annual,No
CUST-10662,Professional,100.86,33,3384.03,1,7,Annual,No
CUST-10663,Enterprise,881.28,43,35513.71,2,17,Monthly,No
CUST-10664,Enterprise,673.35,37,23714.51,2,25,Monthly,No
CUST-10665,Professional,138.86,23,3050.73,3,23,Monthly,No
CUST-10666,Starter,38.76,34,1229.51,4,17,Annual,No
CUST-10667,Enterprise,749.8,21,16141.1,3,37,Annual,No
CUST-10668,Starter,35.39,27,889.56,2,30,Monthly,No
CUST-10669,Starter,39.36,10,407.59,2,21,Two-Year,No
CUST-10670,Starter,35.26,27,877.5,4,24,Two-Year,No
CUST-10671,Professional,101.12,37,3409.79,3,27,Two-Year,Yes
CUST-10672,Enterprise,665.79,15,9577.42,1,13,Two-Year,No
CUST-10673,Starter,47.48,44,2104.91,4,19,Monthly,No
CUST-10674,Professional,105.53,23,2197.46,2,28,Monthly,No
CUST-10675,Professional,143.87,5,730.27,2,8,Annual,No
CUST-10676,Professional,135.92,1,140.47,2,27,Monthly,No
CUST-10677,Professional,123.93,32,3582.78,1,22,Monthly,No
CUST-10678,Professional,111.84,23,2473.26,3,1,Annual,Yes
CUST-10679,Professional,105.73,9,902.73,2,12,Monthly,No
CUST-10680,Starter,44.87,19,829.17,2,10,Monthly,Yes
CUST-10681,Professional,134.15,17,2173.95,3,15,Monthly,No
CUST-10682,Starter,45.79,7,308.18,3,38,Annual,No
CUST-10683,Professional,124.61,46,5445.07,1,3,Monthly,Yes
CUST-10684,Starter,30.52,42,1282.0,3,1,Monthly,No
CUST-10685,Starter,46.76,32,1443.31,2,32,Annual,No
CUST-10686,Starter,32.13,20,596.37,1,1,Annual,No
CUST-10687,Enterprise,1013.52,40,39290.36,5,36,Monthly,No
CUST-10688,Starter,43.27,34,1330.04,3,22,Annual,No
CUST-10689,Professional,138.95,5,706.05,2,37,Two-Year,No
CUST-10690,Starter,36.39,41,1463.13,2,8,Monthly,No
CUST-10691,Starter,42.98,33,1423.83,7,33,Annual,No
CUST-10692,Professional,145.81,12,1706.42,0,16,Monthly,No
CUST-10693,Professional,146.46,40,5683.88,0,13,Annual,No
CUST-10694,Starter,34.24,18,600.96,3,18,Monthly,No
CUST-10695,Starter,43.61,37,1565.67,2,28,Annual,No
CUST-10696,Starter,44.54,1,41.88,4,26,Monthly,No
CUST-10697,Starter,33.09,30,969.33,6,10,Annual,Yes
CUST-10698,Professional,139.52,3,403.29,3,30,Annual,Yes
CUST-10699,Starter,42.32,20,836.98,5,27,Annual,No
CUST-10700,Professional,105.04,15,1561.92,2,8,Monthly,Yes
CUST-10701,Professional,106.51,37,4095.93,3,23,Monthly,No
CUST-10702,Professional,102.79,18,1867.84,1,31,Monthly,No
CUST-10703,Starter,29.18,28,844.76,5,20,Annual,No
CUST-10704,Starter,48.63,44,2243.83,2,13,Annual,No
CUST-10705,Professional,126.84,7,892.85,2,13,Monthly,No
CUST-10706,Professional,117.15,6,651.39,2,10,Monthly,No
CUST-10707,Starter,35.62,32,1175.39,5,37,Annual,Yes
CUST-10708,Professional,144.78,6,837.34,2,2,Annual,No
CUST-10709,Starter,41.62,33,1426.55,3,17,Monthly,No
CUST-10710,Starter,44.15,23,1064.15,1,36,Monthly,No
CUST-10711,Starter,48.73,4,176.14,1,9,Monthly,Yes
CUST-10712,Starter,45.12,24,1102.47,2,11,Monthly,No
CUST-10713,Starter,47.9,31,1529.26,2,14,Monthly,No
CUST-10714,Starter,29.7,32,952.14,0,25,Monthly,No
CUST-10715,Professional,106.3,41,4382.23,1,16,Annual,No
CUST-10716,Starter,34.84,17,580.15,1,29,Two-Year,No
CUST-10717,Starter,30.22,22,663.79,6,12,Annual,No
CUST-10718,Starter,33.49,8,255.33,0,28,Monthly,No
CUST-10719,Starter,34.3,43,1508.36,2,2,Monthly,No
CUST-10720,Enterprise,994.6,25,22797.68,3,35,Monthly,No
CUST-10721,Professional,144.37,46,6761.0,2,31,Annual,No
CUST-10722,Professional,148.36,10,1417.06,1,20,Annual,No
CUST-10723,Professional,115.35,24,2700.93,3,11,Annual,No
CUST-10724,Starter,47.97,14,673.31,2,11,Annual,No
CUST-10725,Professional,140.51,38,5604.6,2,4,Annual,No
CUST-10726,Professional,105.75,15,1607.49,4,39,Monthly,Yes
CUST-10727,Starter,42.73,7,286.63,1,32,Monthly,No
CUST-10728,Professional,117.3,11,1246.61,3,30,Monthly,No
CUST-10729,Professional,136.86,30,3809.25,1,2,Annual,No
CUST-10730,Professional,139.94,26,3736.96,2,19,Annual,No
CUST-10731,Enterprise,1124.97,15,15973.6,3,21,Monthly,No
CUST-10732,Starter,35.47,9,304.02,5,23,Monthly,No
CUST-10733,Professional,123.04,47,5855.29,3,12,Annual,No
CUST-10734,Starter,39.93,10,373.4,1,24,Annual,No
CUST-10735,Starter,29.38,4,105.9,3,1,Monthly,No
CUST-10736,Starter,44.98,37,1652.36,6,2,Monthly,Yes
CUST-10737,Starter,37.68,8,294.56,2,11,Monthly,No
CUST-10738,Starter,37.85,27,1060.55,1,20,Monthly,No
CUST-10739,Professional,123.85,12,1357.54,2,13,Annual,No
CUST-10740,Starter,44.22,26,1034.9,3,23,Monthly,No
CUST-10741,Professional,113.01,20,2303.45,2,8,Monthly,No
CUST-10742,Starter,46.77,25,1134.36,2,11,Monthly,No
CUST-10743,Professional,127.06,12,1411.99,2,9,Monthly,No
CUST-10744,Starter,37.32,35,1321.23,3,10,Monthly,No
CUST-10745,Professional,146.1,42,5658.59,4,23,Annual,No
CUST-10746,Starter,43.92,42,1754.66,4,36,Monthly,No
CUST-10747,Enterprise,1100.88,22,23808.31,2,15,Monthly,No
CUST-10748,Professional,105.44,35,3501.98,2,11,Annual,No
CUST-10749,Starter,36.56,9,302.87,3,6,Annual,No
CUST-10750,Professional,145.89,6,837.08,3,3,Monthly,No
CUST-10751,Enterprise,760.86,24,17505.19,4,33,Annual,Yes
CUST-10752,Enterprise,998.07,44,40366.8,3,4,Annual,No
CUST-10753,Professional,127.25,12,1602.09,3,20,Annual,No
CUST-10754,Starter,44.48,4,164.27,2,7,Monthly,No
CUST-10755,Enterprise,855.95,33,29140.41,3,28,Annual,Yes
CUST-10756,Enterprise,895.17,40,34714.57,2,33,Monthly,No
CUST-10757,Starter,41.78,12,516.37,5,18,Monthly,No
CUST-10758,Starter,30.47,5,145.67,3,21,Monthly,No
CUST-10759,Professional,113.17,21,2449.49,3,26,Monthly,No
CUST-10760,Starter,46.85,34,1641.65,3,13,Monthly,No
CUST-10761,Enterprise,810.01,40,29862.51,3,3,Two-Year,No
CUST-10762,Professional,138.22,12,1589.24,3,29,Monthly,No
CUST-10763,Starter,39.98,30,1158.29,4,5,Monthly,Yes
CUST-10764,Professional,147.71,20,2831.62,2,39,Monthly,No
CUST-10765,Starter,41.33,17,712.99,4,36,Monthly,No
CUST-10766,Enterprise,1175.82,1,1113.49,2,15,Monthly,No
CUST-10767,Enterprise,845.07,33,26328.66,1,22,Two-Year,No
CUST-10768,Professional,118.0,32,3958.56,3,4,Monthly,No
CUST-10769,Starter,40.36,32,1273.35,1,32,Two-Year,No
CUST-10770,Starter,30.83,25,797.61,3,31,Monthly,No
CUST-10771,Starter,40.62,8,323.56,1,6,Monthly,No
CUST-10772,Enterprise,949.28,37,31905.65,4,21,Monthly,No
CUST-10773,Starter,37.85,29,1069.27,1,37,Monthly,No
CUST-10774,Professional,110.24,42,4399.57,2,2,Annual,No
CUST-10775,Professional,127.76,27,3244.24,2,30,Annual,Yes
CUST-10776,Starter,42.78,46,2023.01,3,10,Monthly,Yes
CUST-10777,Starter,32.19,8,258.13,1,1,Annual,No
CUST-10778,Professional,147.8,4,618.41,2,13,Annual,No
CUST-10779,Professional,122.15,43,5251.87,1,37,Monthly,No
CUST-10780,Starter,36.2,37,1396.43,3,18,Annual,No
CUST-10781,Starter,29.4,45,1363.89,2,4,Monthly,No
CUST-10782,Professional,105.97,31,3369.56,2,12,Annual,No
CUST-10783,Professional,114.13,10,1077.8,1,19,Annual,No
CUST-10784,Starter,46.73,19,814.17,2,19,Monthly,No
CUST-10785,Enterprise,867.86,26,21762.1,7,2,Monthly,No
CUST-10786,Professional,102.75,20,1870.3,1,15,Monthly,No
CUST-10787,Starter,41.99,2,85.22,2,12,Monthly,Yes
CUST-10788,Starter,36.86,40,1370.38,5,17,Annual,No
CUST-10789,Professional,128.13,45,5916.11,7,7,Monthly,Yes
CUST-10790,Starter,44.06,12,521.17,1,38,Monthly,No
CUST-10791,Professional,99.8,4,402.58,1,10,Monthly,No
CUST-10792,Starter,43.96,44,1925.66,2,24,Annual,No
CUST-10793,Starter,33.63,1,34.66,3,13,Annual,No
CUST-10794,Enterprise,876.68,42,34768.29,4,16,Annual,No
CUST-10795,Enterprise,1020.6,19,19108.3,3,32,Monthly,Yes
CUST-10796,Starter,38.33,18,661.32,2,11,Annual,No
CUST-10797,Starter,32.18,10,334.43,2,31,Annual,No
CUST-10798,Starter,39.71,18,673.19,3,14,Monthly,Yes
CUST-10799,Professional,113.72,29,3323.36,2,9,Monthly,No
CUST-10800,Professional,105.19,29,3095.08,3,10,Monthly,No
CUST-10801,Starter,36.75,1,33.53,3,2,Annual,No
CUST-10802,Professional,123.55,17,2075.35,3,14,Annual,No
CUST-10803,Starter,47.67,41,1811.63,0,1,Monthly,No
CUST-10804,Starter,35.56,18,631.59,3,32,Annual,No
CUST-10805,Professional,127.65,25,3128.86,2,9,Monthly,No
CUST-10806,Starter,44.99,10,415.0,2,13,Two-Year,No
CUST-10807,Starter,43.57,16,698.16,2,14,Monthly,No
CUST-10808,Starter,40.73,40,1483.31,0,32,Monthly,No
CUST-10809,Enterprise,643.88,17,10793.36,3,35,Annual,No
CUST-10810,Enterprise,639.61,7,4218.63,1,37,Two-Year,No
CUST-10811,Starter,47.0,18,818.31,3,21,Two-Year,No
CUST-10812,Professional,132.49,21,2880.61,4,39,Annual,Yes
CUST-10813,Professional,139.56,46,6386.89,3,10,Monthly,No
CUST-10814,Starter,46.09,38,1769.96,1,37,Monthly,No
CUST-10815,Starter,35.16,30,1047.52,2,28,Annual,No
CUST-10816,Professional,121.92,1,122.45,4,33,Monthly,No
CUST-10817,Starter,36.61,3,112.23,3,29,Monthly,No
CUST-10818,Starter,47.57,33,1587.54,2,25,Monthly,No
CUST-10819,Starter,37.21,17,604.92,2,3,Annual,No
CUST-10820,Professional,132.78,12,1656.3,4,23,Monthly,No
CUST-10821,Starter,31.47,46,1358.87,2,30,Annual,No
CUST-10822,Professional,142.47,29,3829.87,5,16,Monthly,No
CUST-10823,Starter,30.99,15,454.9,6,38,Two-Year,No
CUST-10824,Enterprise,734.58,41,28662.07,1,38,Monthly,No
CUST-10825,Starter,41.34,45,1722.54,4,36,Two-Year,No
CUST-10826,Professional,121.1,18,2198.97,4,17,Monthly,No
CUST-10827,Enterprise,569.38,16,8411.48,4,31,Annual,No
CUST-10828,Enterprise,986.39,2,1783.85,4,34,Monthly,Yes
CUST-10829,Professional,129.2,15,1901.38,2,17,Monthly,No
CUST-10830,Starter,41.51,27,1158.84,2,24,Monthly,No
CUST-10831,Enterprise,561.49,32,18199.94,5,32,Monthly,No
CUST-10832,Professional,134.42,28,3734.24,3,1,Annual,No
CUST-10833,Starter,37.08,1,37.67,1,30,Monthly,No
CUST-10834,Starter,32.63,17,524.75,2,28,Monthly,No
CUST-10835,Starter,38.59,44,1748.51,3,20,Annual,No
CUST-10836,Starter,46.45,35,1572.8,4,34,Monthly,Yes
CUST-10837,Enterprise,757.57,24,17436.17,2,16,Two-Year,No
CUST-10838,Starter,33.48,12,368.98,1,35,Annual,No
CUST-10839,Starter,45.62,23,1011.62,2,32,Annual,No
CUST-10840,Enterprise,1189.23,27,30880.86,2,13,Monthly,Yes
CUST-10841,Starter,48.05,15,719.48,0,24,Monthly,No
CUST-10842,Starter,37.72,12,463.54,3,24,Monthly,No
CUST-10843,Starter,33.2,45,1373.49,3,11,Annual,No
CUST-10844,Professional,131.76,14,1695.21,3,5,Monthly,Yes
CUST-10845,Enterprise,731.16,8,5563.35,1,33,Monthly,No
CUST-10846,Enterprise,910.09,8,7528.36,3,21,Annual,No
CUST-10847,Starter,44.2,27,1108.39,6,13,Monthly,No
CUST-10848,Enterprise,593.52,24,13416.91,1,19,Monthly,No
CUST-10849,Starter,35.74,43,1424.3,5,7,Two-Year,No
CUST-10850,Professional,131.87,16,1936.89,3,5,Monthly,No
CUST-10851,Professional,143.69,32,4235.86,2,37,Monthly,No
CUST-10852,Professional,118.22,17,1814.91,0,25,Monthly,No
CUST-10853,Enterprise,884.84,16,13693.72,3,38,Monthly,Yes
CUST-10854,Enterprise,1016.82,30,28816.96,3,17,Two-Year,No
CUST-10855,Professional,127.05,21,2537.75,3,34,Annual,Yes
CUST-10856,Professional,107.66,34,3831.31,4,17,Annual,No
CUST-10857,Professional,137.89,9,1209.23,0,2,Annual,No
CUST-10858,Starter,35.93,37,1354.3,2,27,Monthly,Yes
CUST-10859,Starter,45.72,39,1739.42,4,24,Annual,No
CUST-10860,Starter,44.67,28,1211.59,0,38,Monthly,No
CUST-10861,Enterprise,549.11,18,9857.04,1,7,Annual,No
CUST-10862,Starter,42.67,46,1791.64,2,32,Annual,No
CUST-10863,Starter,38.61,32,1223.08,2,30,Annual,No
CUST-10864,Professional,100.39,15,1492.61,8,26,Annual,No
CUST-10865,Starter,38.18,47,1631.87,1,29,Monthly,No
CUST-10866,Starter,36.15,39,1458.33,3,12,Two-Year,No
CUST-10867,Starter,33.51,14,481.17,1,31,Monthly,No
CUST-10868,Starter,46.48,13,629.11,2,16,Monthly,Yes
CUST-10869,Professional,124.3,45,5486.86,3,36,Monthly,No
CUST-10870,Professional,130.41,18,2218.77,3,6,Monthly,No
CUST-10871,Enterprise,608.21,14,8104.61,0,30,Annual,No
CUST-10872,Starter,48.53,32,1408.8,2,36,Annual,No
CUST-10873,Starter,48.48,24,1061.8,0,37,Annual,No
CUST-10874,Professional,101.85,25,2523.78,0,21,Two-Year,No
CUST-10875,Professional,132.94,5,601.88,1,35,Monthly,No
CUST-10876,Starter,46.24,46,2067.77,4,3,Monthly,No
CUST-10877,Professional,116.0,22,2639.8,1,34,Annual,No
CUST-10878,Professional,104.87,22,2250.63,5,27,Annual,No
CUST-10879,Enterprise,746.65,3,2232.73,1,23,Monthly,No
CUST-10880,Professional,136.99,7,984.93,1,16,Annual,No
CUST-10881,Enterprise,867.71,46,35943.12,4,27,Annual,No
CUST-10882,Starter,36.47,16,572.14,4,19,Monthly,No
CUST-10883,Starter,37.08,43,1439.57,1,6,Two-Year,No
CUST-10884,Starter,34.72,29,936.08,3,8,Annual,No
CUST-10885,Professional,141.06,16,2100.57,2,16,Annual,No
CUST-10886,Starter,33.75,20,619.99,2,17,Annual,No
CUST-10887,Starter,31.02,1,32.29,3,8,Annual,No
CUST-10888,Professional,146.36,16,2331.83,1,4,Monthly,No
CUST-10889,Starter,37.17,16,570.06,2,35,Two-Year,No
CUST-10890,Professional,140.77,8,1129.77,3,2,Two-Year,Yes
CUST-10891,Starter,39.82,33,1372.17,4,20,Monthly,No
CUST-10892,Starter,44.98,13,599.36,2,13,Monthly,Yes
CUST-10893,Starter,36.84,22,847.42,3,10,Annual,No
CUST-10894,Enterprise,732.71,18,13810.11,1,15,Monthly,No
CUST-10895,Starter,36.98,6,216.09,3,32,Monthly,Yes
CUST-10896,Professional,111.69,24,2800.1,3,35,Monthly,No
CUST-10897,Professional,111.8,46,4656.55,4,8,Monthly,No
CUST-10898,Starter,39.08,3,122.43,6,26,Monthly,No
CUST-10899,Professional,109.55,34,3768.45,0,36,Monthly,No
CUST-10900,Starter,46.34,24,1036.45,4,35,Monthly,No
CUST-10901,Starter,38.55,43,1689.74,2,31,Annual,No
CUST-10902,Starter,33.69,37,1298.02,4,35,Monthly,Yes
CUST-10903,Starter,31.58,14,425.59,3,1,Monthly,No
CUST-10904,Starter,36.91,4,140.69,1,1,Monthly,No
CUST-10905,Starter,40.82,36,1502.21,2,18,Monthly,No
CUST-10906,Professional,118.53,24,2586.43,1,7,Annual,No
CUST-10907,Enterprise,1067.66,34,35754.11,1,4,Annual,No
CUST-10908,Enterprise,988.2,26,26753.24,2,24,Monthly,Yes
CUST-10909,Starter,34.72,32,1137.17,3,32,Annual,No
CUST-10910,Professional,112.39,27,2855.43,2,5,Monthly,No
CUST-10911,Starter,30.65,23,722.71,2,3,Annual,No
CUST-10912,Enterprise,1151.78,33,39221.58,1,34,Monthly,No
CUST-10913,Professional,109.98,24,2568.01,3,10,Annual,Yes
CUST-10914,Professional,130.39,14,1909.02,3,12,Annual,No
CUST-10915,Enterprise,938.49,8,7731.7,1,31,Two-Year,No
CUST-10916,Professional,136.36,22,2709.77,5,31,Monthly,Yes
CUST-10917,Professional,141.67,17,2456.21,1,2,Two-Year,No
CUST-10918,Starter,45.44,7,314.0,2,36,Monthly,No
CUST-10919,Professional,131.67,11,1365.23,1,24,Monthly,No
CUST-10920,Starter,44.48,40,1662.66,1,23,Annual,No
CUST-10921,Enterprise,549.94,24,12554.64,3,23,Monthly,No
CUST-10922,Professional,112.08,26,2837.43,1,35,Monthly,No
CUST-10923,Starter,39.43,46,1710.39,1,26,Annual,No
CUST-10924,Starter,43.63,27,1154.14,3,27,Monthly,No
CUST-10925,Starter,40.68,1,38.15,3,15,Annual,Yes
CUST-10926,Enterprise,518.64,39,19256.93,3,38,Two-Year,No
CUST-10927,Starter,32.68,46,1415.29,6,33,Monthly,No
CUST-10928,Starter,44.94,29,1244.23,2,9,Monthly,No
CUST-10929,Starter,37.26,15,544.4,2,38,Monthly,No
CUST-10930,Professional,118.98,45,5148.29,5,35,Monthly,No
CUST-10931,Enterprise,1108.8,44,47897.24,3,33,Monthly,Yes
CUST-10932,Professional,117.67,16,1930.34,3,17,Monthly,No
CUST-10933,Professional,103.35,20,2154.42,0,12,Monthly,No
CUST-10934,Starter,40.74,37,1487.44,2,10,Monthly,No
CUST-10935,Professional,108.08,9,974.81,4,7,Annual,No
CUST-10936,Starter,33.12,46,1382.28,1,35,Monthly,No
CUST-10937,Starter,38.99,25,916.78,1,39,Annual,No
CUST-10938,Starter,46.73,13,629.77,1,17,Annual,No
CUST-10939,Starter,41.2,4,168.37,2,25,Annual,No
CUST-10940,Starter,32.53,30,936.22,0,25,Annual,No
CUST-10941,Enterprise,826.38,34,25842.34,2,1,Annual,No
CUST-10942,Starter,41.33,18,672.22,4,39,Monthly,No
CUST-10943,Enterprise,1085.8,37,41312.95,1,11,Monthly,No
CUST-10944,Starter,46.39,33,1427.74,2,5,Monthly,No
CUST-10945,Enterprise,840.64,11,8589.05,4,25,Annual,Yes
CUST-10946,Professional,135.99,18,2355.69,2,1,Monthly,Yes
CUST-10947,Professional,139.45,10,1442.71,3,12,Monthly,No
CUST-10948,Starter,39.56,18,707.63,5,15,Monthly,No
CUST-10949,Starter,43.44,17,766.33,2,30,Monthly,No
CUST-10950,Professional,125.69,14,1823.57,4,9,Monthly,No
CUST-10951,Starter,36.34,28,1040.48,5,37,Monthly,No
CUST-10952,Professional,144.84,34,5051.07,4,1,Monthly,No
CUST-10953,Professional,103.62,41,4238.28,0,24,Monthly,No
CUST-10954,Starter,48.69,41,2013.38,2,26,Monthly,No
CUST-10955,Professional,119.5,44,5037.03,3,27,Monthly,No
CUST-10956,Starter,41.88,28,1103.9,2,33,Monthly,No
CUST-10957,Professional,136.71,30,4138.39,2,1,Two-Year,Yes
CUST-10958,Starter,48.92,16,711.58,2,21,Annual,No
CUST-10959,Professional,121.39,22,2688.61,1,22,Two-Year,No
CUST-10960,Starter,46.56,8,359.13,3,14,Annual,No
CUST-10961,Starter,40.16,8,295.9,2,8,Annual,No
CUST-10962,Starter,36.38,44,1631.31,1,27,Monthly,No
CUST-10963,Professional,130.13,3,386.0,2,5,Monthly,No
CUST-10964,Starter,37.51,14,490.71,5,27,Two-Year,Yes
CUST-10965,Professional,105.26,20,2112.66,1,10,Monthly,No
CUST-10966,Professional,130.32,30,3826.7,4,37,Monthly,Yes
CUST-10967,Professional,119.4,12,1342.27,3,35,Monthly,No
CUST-10968,Starter,42.9,16,661.17,2,30,Annual,Yes
CUST-10969,Professional,132.83,37,4927.96,1,34,Monthly,No
CUST-10970,Starter,47.17,18,768.59,3,23,Monthly,No
CUST-10971,Starter,40.63,28,1193.92,5,15,Two-Year,No
CUST-10972,Professional,126.89,19,2460.77,1,17,Annual,No
CUST-10973,Enterprise,803.17,16,12308.58,4,6,Monthly,No
CUST-10974,Starter,39.34,39,1394.22,1,28,Annual,No
CUST-10975,Professional,119.42,18,2198.51,0,5,Annual,No
CUST-10976,Starter,35.3,5,180.17,5,1,Annual,No
CUST-10977,Professional,100.86,27,2496.26,5,32,Monthly,No
CUST-10978,Starter,39.55,27,1086.6,2,21,Two-Year,No
CUST-10979,Professional,145.8,7,1029.32,1,13,Monthly,No
CUST-10980,Enterprise,756.44,22,16165.2,3,14,Annual,Yes
CUST-10981,Starter,44.76,17,780.07,0,39,Monthly,No
CUST-10982,Enterprise,680.56,20,12811.25,4,31,Two-Year,No
CUST-10983,Starter,33.04,21,698.47,1,13,Monthly,No
CUST-10984,Starter,29.56,8,237.43,3,1,Two-Year,Yes
CUST-10985,Starter,34.1,37,1270.06,2,23,Monthly,No
CUST-10986,Starter,35.02,45,1472.46,1,13,Monthly,No
CUST-10987,Starter,31.56,38,1250.7,2,21,Monthly,No
CUST-10988,Professional,148.42,6,933.32,1,21,Monthly,No
CUST-10989,Professional,144.1,20,2951.42,1,29,Monthly,No
CUST-10990,Enterprise,969.35,23,20943.77,2,32,Monthly,No
CUST-10991,Professional,116.29,12,1321.73,3,27,Monthly,No
CUST-10992,Professional,133.45,25,3087.36,2,26,Annual,Yes
CUST-10993,Starter,47.23,31,1500.32,5,24,Monthly,No
CUST-10994,Starter,43.92,15,618.01,7,27,Annual,Yes
CUST-10995,Starter,37.29,20,683.65,2,16,Monthly,No
CUST-10996,Starter,32.18,37,1249.44,3,39,Monthly,No
CUST-10997,Professional,122.98,19,2392.48,1,29,Two-Year,No
CUST-10998,Professional,148.55,12,1812.09,2,33,Monthly,No
CUST-10999,Starter,44.52,18,838.63,6,1,Annual,No
CUST-11000,Professional,132.61,43,5620.0,0,18,Two-Year,No
CUST-11001,Enterprise,695.21,47,32545.33,3,31,Monthly,No
CUST-11002,Starter,36.6,24,795.39,3,20,Annual,No
CUST-11003,Starter,43.29,39,1629.85,3,10,Monthly,No
CUST-11004,Enterprise,1003.46,14,14443.75,2,14,Annual,No
CUST-11005,Starter,40.94,20,784.03,5,34,Annual,No
CUST-11006,Professional,140.15,38,5459.15,2,14,Monthly,No
CUST-11007,Professional,148.53,12,1617.16,1,7,Annual,No
CUST-11008,Starter,47.3,28,1300.6,3,34,Two-Year,Yes
CUST-11009,Professional,146.52,12,1675.62,5,22,Annual,No
CUST-11010,Starter,43.2,26,1073.41,3,32,Annual,No
CUST-11011,Starter,48.49,26,1296.36,3,29,Annual,No
CUST-11012,Enterprise,523.16,7,3663.15,2,30,Monthly,No
CUST-11013,Professional,100.04,19,1977.79,5,23,Annual,No
CUST-11014,Professional,100.25,46,4350.21,1,20,Monthly,No
CUST-11015,Starter,34.0,11,364.44,1,32,Monthly,No
CUST-11016,Starter,45.15,42,1927.2,1,37,Monthly,No
CUST-11017,Enterprise,944.02,17,14559.78,3,15,Monthly,No
CUST-11018,Starter,42.01,12,529.06,0,24,Monthly,No
CUST-11019,Enterprise,639.04,19,10941.0,4,25,Annual,No
CUST-11020,Starter,47.38,5,229.24,2,1,Monthly,No
CUST-11021,Professional,107.49,13,1313.81,3,6,Monthly,No
CUST-11022,Enterprise,887.64,36,32658.63,3,8,Annual,No
CUST-11023,Professional,146.47,6,831.63,2,17,Monthly,No
CUST-11024,Starter,41.45,11,470.48,1,9,Annual,No
CUST-11025,Enterprise,729.05,4,2637.21,2,7,Annual,No
CUST-11026,Enterprise,602.85,12,6678.89,1,39,Monthly,No
CUST-11027,Starter,42.83,43,1731.7,3,33,Monthly,No
CUST-11028,Starter,40.38,12,437.48,1,23,Monthly,No
CUST-11029,Professional,144.93,32,4290.65,0,23,Annual,No
CUST-11030,Starter,36.51,24,896.52,1,6,Two-Year,No
CUST-11031,Starter,37.11,45,1578.51,3,35,Annual,No
CUST-11032,Starter,41.81,11,444.46,4,8,Annual,Yes
CUST-11033,Enterprise,910.57,7,6538.32,2,29,Annual,No
CUST-11034,Professional,133.61,31,3994.72,4,27,Monthly,No
CUST-11035,Enterprise,516.25,46,22363.45,2,14,Annual,Yes
CUST-11036,Starter,34.75,47,1587.49,1,27,Two-Year,No
CUST-11037,Enterprise,652.58,32,21670.87,3,2,Monthly,No
CUST-11038,Enterprise,1141.73,1,1085.0,4,10,Monthly,Yes
CUST-11039,Professional,116.3,5,593.75,5,11,Annual,No
CUST-11040,Starter,45.98,39,1703.35,3,33,Annual,No
CUST-11041,Enterprise,1121.77,22,23908.8,2,8,Monthly,No
CUST-11042,Enterprise,894.68,30,27923.14,0,8,Annual,No
CUST-11043,Enterprise,862.29,9,6997.64,5,33,Two-Year,No
CUST-11044,Enterprise,1084.4,2,1990.91,1,8,Monthly,No
CUST-11045,Starter,42.93,33,1427.03,2,29,Annual,No
CUST-11046,Enterprise,818.95,7,5715.63,0,26,Monthly,No
CUST-11047,Starter,38.47,34,1276.81,1,25,Annual,No
CUST-11048,Professional,133.28,3,400.58,5,20,Monthly,Yes
CUST-11049,Enterprise,1191.46,47,52401.9,1,16,Annual,No
CUST-11050,Enterprise,786.95,9,6458.71,0,32,Monthly,No
CUST-11051,Enterprise,828.06,31,26653.87,1,21,Monthly,No
CUST-11052,Starter,43.53,35,1407.77,2,22,Annual,No
CUST-11053,Enterprise,931.86,2,1796.91,3,7,Monthly,No
CUST-11054,Professional,105.38,25,2539.06,2,3,Two-Year,No
CUST-11055,Professional,128.85,19,2280.75,0,39,Monthly,No
CUST-11056,Starter,43.7,23,967.09,2,29,Monthly,No
CUST-11057,Starter,34.88,45,1430.44,1,33,Annual,No
CUST-11058,Starter,42.07,38,1477.59,1,36,Monthly,No
CUST-11059,Starter,42.47,12,515.12,1,22,Annual,No
CUST-11060,Professional,118.98,24,2869.64,2,24,Annual,No
CUST-11061,Starter,33.98,36,1169.56,2,14,Monthly,No
CUST-11062,Professional,135.86,22,2801.15,4,22,Two-Year,No
CUST-11063,Enterprise,768.96,3,2277.5,1,30,Annual,No
CUST-11064,Enterprise,678.53,8,5120.61,3,22,Annual,No
CUST-11065,Professional,130.65,45,6022.75,1,12,Monthly,No
CUST-11066,Professional,119.54,6,727.55,3,20,Monthly,No
CUST-11067,Professional,134.53,31,3924.34,4,29,Monthly,No
CUST-11068,Professional,130.59,34,4522.86,2,16,Two-Year,No
CUST-11069,Professional,102.25,20,1960.19,2,21,Annual,No
CUST-11070,Professional,109.77,18,1857.11,1,20,Monthly,No
CUST-11071,Starter,36.56,4,145.95,5,15,Annual,No
CUST-11072,Starter,29.61,1,29.06,1,12,Annual,No
CUST-11073,Enterprise,980.74,8,8147.86,2,32,Monthly,No
CUST-11074,Starter,41.06,5,196.69,2,6,Monthly,No
CUST-11075,Enterprise,1006.61,33,32492.04,3,20,Monthly,Yes
CUST-11076,Professional,133.92,13,1633.64,0,8,Monthly,No
CUST-11077,Starter,37.67,11,414.63,2,29,Monthly,No
CUST-11078,Professional,104.07,11,1084.02,0,38,Monthly,No
CUST-11079,Enterprise,942.49,28,26133.95,4,18,Annual,No
CUST-11080,Enterprise,774.1,16,12524.4,2,38,Annual,Yes
CUST-11081,Enterprise,679.35,29,19741.95,2,4,Two-Year,No
CUST-11082,Enterprise,1015.4,45,42664.51,3,30,Annual,No
CUST-11083,Starter,32.57,25,812.39,2,2,Monthly,No
CUST-11084,Starter,48.76,13,644.26,1,19,Annual,No
CUST-11085,Professional,147.46,39,5257.41,2,4,Monthly,No
CUST-11086,Enterprise,673.25,21,13256.18,2,3,Annual,No
CUST-11087,Professional,115.26,2,221.96,1,33,Monthly,No
CUST-11088,Professional,109.41,11,1145.43,2,23,Monthly,Yes
CUST-11089,Professional,132.94,18,2505.2,2,8,Annual,No
CUST-11090,Starter,47.25,44,2080.19,4,37,Annual,No
CUST-11091,Professional,140.91,45,6555.76,3,27,Monthly,No
CUST-11092,Starter,43.55,8,339.61,1,34,Monthly,Yes
CUST-11093,Enterprise,665.16,15,9086.04,0,34,Monthly,No
CUST-11094,Professional,118.7,30,3512.71,2,29,Annual,No
CUST-11095,Starter,31.69,24,792.56,3,16,Two-Year,No
CUST-11096,Professional,131.67,18,2225.05,1,36,Annual,No
CUST-11097,Professional,128.32,39,4816.81,3,4,Annual,No
CUST-11098,Starter,44.6,38,1734.77,2,32,Annual,No
CUST-11099,Professional,109.95,8,809.91,5,28,Two-Year,No
CUST-11100,Professional,112.2,28,3056.81,1,7,Annual,No
CUST-11101,Professional,103.42,25,2599.72,3,7,Two-Year,No
CUST-11102,Professional,129.06,39,4675.38,1,17,Two-Year,No
CUST-11103,Professional,117.01,16,1771.16,3,27,Annual,No
CUST-11104,Professional,100.54,22,2018.57,1,36,Two-Year,No
CUST-11105,Starter,31.46,31,936.26,3,8,Annual,No
CUST-11106,Starter,31.7,45,1307.95,2,16,Monthly,No
CUST-11107,Professional,145.98,14,1981.26,1,7,Monthly,No
CUST-11108,Starter,31.36,17,504.13,3,34,Monthly,No
CUST-11109,Professional,125.7,26,3000.52,5,35,Annual,No
CUST-11110,Professional,128.66,17,2278.3,2,30,Monthly,No
CUST-11111,Starter,38.77,16,637.07,3,26,Monthly,No
CUST-11112,Starter,33.97,23,788.87,4,30,Monthly,Yes
CUST-11113,Starter,45.25,23,1024.74,3,34,Annual,No
CUST-11114,Professional,144.26,19,2492.05,4,4,Annual,No
CUST-11115,Enterprise,602.86,31,19059.94,0,35,Annual,No
CUST-11116,Starter,35.06,16,507.72,4,11,Annual,Yes
CUST-11117,Professional,136.76,25,3414.21,2,17,Monthly,No
CUST-11118,Starter,44.05,2,90.54,3,32,Monthly,No
CUST-11119,Enterprise,1010.23,6,5880.56,2,11,Monthly,Yes
CUST-11120,Starter,30.22,25,791.79,1,39,Monthly,No
CUST-11121,Starter,43.3,6,249.45,4,23,Monthly,No
CUST-11122,Starter,48.98,17,847.99,3,19,Annual,No
CUST-11123,Professional,132.51,1,126.62,3,27,Monthly,No
CUST-11124,Starter,37.74,44,1559.35,1,20,Annual,No
CUST-11125,Enterprise,913.1,22,20862.8,4,36,Monthly,Yes
CUST-11126,Enterprise,780.24,22,17539.51,2,39,Annual,Yes
CUST-11127,Starter,40.88,18,714.93,2,12,Annual,No
CUST-11128,Professional,139.63,35,5086.52,1,7,Annual,No
CUST-11129,Professional,101.0,4,408.94,1,12,Monthly,No
CUST-11130,Starter,29.29,34,1031.04,2,37,Annual,No
CUST-11131,Starter,41.01,1,37.34,2,17,Monthly,No
CUST-11132,Enterprise,739.07,43,32849.9,2,21,Annual,No
CUST-11133,Professional,131.52,4,480.26,4,19,Monthly,No
CUST-11134,Professional,99.59,32,2987.49,2,11,Monthly,No
CUST-11135,Starter,32.86,26,893.27,2,21,Monthly,No
CUST-11136,Starter,34.47,8,255.98,3,34,Monthly,No
CUST-11137,Starter,38.19,37,1410.14,4,4,Monthly,Yes
CUST-11138,Starter,38.71,24,952.09,3,18,Monthly,No
CUST-11139,Enterprise,530.03,37,20331.83,4,29,Monthly,No
CUST-11140,Professional,144.03,28,3879.09,4,14,Monthly,No
CUST-11141,Professional,139.53,35,4539.77,1,14,Annual,No
CUST-11142,Starter,46.91,16,762.33,3,3,Monthly,No
CUST-11143,Starter,30.99,11,342.38,2,16,Annual,No
CUST-11144,Starter,44.59,27,1142.7,0,27,Annual,No
CUST-11145,Starter,39.71,46,1646.58,2,16,Monthly,No
CUST-11146,Enterprise,816.69,26,20131.85,0,1,Monthly,No
CUST-11147,Starter,32.34,26,848.72,2,36,Annual,No
CUST-11148,Starter,29.27,7,197.93,2,17,Monthly,Yes
CUST-11149,Enterprise,580.81,26,13758.52,2,23,Monthly,No
CUST-11150,Starter,37.17,38,1291.03,2,18,Monthly,No
CUST-11151,Professional,129.26,38,4763.58,3,33,Two-Year,Yes
CUST-11152,Starter,35.91,44,1520.57,1,29,Monthly,No
CUST-11153,Starter,33.78,18,584.0,3,29,Monthly,No
CUST-11154,Enterprise,565.15,9,4787.41,2,10,Monthly,No
CUST-11155,Enterprise,1145.5,27,30307.72,2,30,Annual,No
CUST-11156,Starter,34.09,9,315.98,1,18,Annual,No
CUST-11157,Professional,142.81,42,5741.93,2,14,Annual,No
CUST-11158,Enterprise,1143.39,20,23550.49,5,9,Monthly,No
CUST-11159,Professional,142.71,46,6279.62,2,14,Monthly,No
CUST-11160,Professional,128.47,37,4478.15,1,22,Monthly,No
CUST-11161,Starter,46.09,7,319.13,5,14,Annual,No
CUST-11162,Starter,38.98,35,1265.23,0,10,Monthly,No
CUST-11163,Professional,107.21,46,4921.45,0,28,Monthly,No
CUST-11164,Professional,113.12,19,2085.66,2,15,Monthly,No
CUST-11165,Professional,114.49,38,4209.05,1,10,Monthly,No
CUST-11166,Professional,101.94,10,970.5,1,16,Monthly,No
CUST-11167,Professional,138.56,17,2178.27,3,1,Monthly,No
CUST-11168,Starter,43.52,20,825.82,1,28,Annual,No
CUST-11169,Enterprise,1032.28,20,20684.42,3,37,Annual,No
CUST-11170,Professional,139.16,42,5736.21,4,33,Two-Year,No
CUST-11171,Professional,143.37,42,6001.03,2,33,Monthly,Yes
CUST-11172,Professional,99.95,11,1013.51,5,5,Monthly,Yes
CUST-11173,Starter,29.78,25,744.49,5,2,Annual,Yes
CUST-11174,Professional,131.28,15,1781.4,5,3,Monthly,No
CUST-11175,Starter,45.94,22,987.68,6,8,Annual,Yes
CUST-11176,Professional,120.42,13,1582.51,4,25,Annual,No
CUST-11177,Starter,42.43,24,1008.18,1,27,Annual,No
CUST-11178,Professional,138.6,17,2251.2,0,17,Two-Year,No
CUST-11179,Professional,142.19,29,3719.36,1,6,Annual,No
CUST-11180,Enterprise,975.91,21,20627.64,3,32,Monthly,No
CUST-11181,Professional,107.39,22,2160.85,0,37,Two-Year,No
CUST-11182,Enterprise,796.38,18,14265.17,3,27,Two-Year,No
CUST-11183,Starter,29.35,24,658.84,4,15,Monthly,No
CUST-11184,Starter,35.08,27,949.35,1,4,Annual,No
CUST-11185,Professional,145.97,3,451.2,1,33,Two-Year,No
CUST-11186,Professional,110.37,1,111.97,3,33,Monthly,No
CUST-11187,Starter,39.1,15,599.9,1,4,Annual,No
CUST-11188,Starter,32.61,10,323.75,5,34,Annual,No
CUST-11189,Starter,42.4,29,1213.32,4,36,Annual,No
CUST-11190,Starter,31.22,35,1146.16,2,22,Annual,No
CUST-11191,Professional,121.86,33,3888.65,3,18,Annual,No
CUST-11192,Starter,41.19,6,224.52,6,17,Two-Year,No
CUST-11193,Starter,35.44,36,1173.66,7,35,Annual,Yes
CUST-11194,Professional,123.93,37,4436.53,3,30,Annual,No
CUST-11195,Professional,125.51,29,3728.49,3,8,Annual,No
CUST-11196,Professional,130.43,13,1616.11,2,20,Annual,No
CUST-11197,Enterprise,1080.55,32,34424.88,3,10,Annual,No
CUST-11198,Starter,44.39,21,877.83,4,13,Annual,Yes
CUST-11199,Starter,38.84,37,1451.5,2,32,Annual,No
CUST-11200,Starter,46.7,8,376.19,3,12,Monthly,No
CUST-11201,Enterprise,852.14,35,30820.35,3,31,Monthly,No
CUST-11202,Professional,121.02,42,4766.9,3,23,Monthly,No
CUST-11203,Professional,131.82,2,241.72,2,21,Annual,No
CUST-11204,Starter,36.55,5,177.23,0,20,Annual,No
CUST-11205,Starter,41.9,40,1526.75,6,32,Annual,Yes
CUST-11206,Starter,38.22,32,1267.7,1,35,Monthly,No
CUST-11207,Enterprise,623.72,40,25787.44,1,22,Monthly,No
CUST-11208,Enterprise,977.65,35,33013.99,2,31,Monthly,No
CUST-11209,Starter,47.31,5,242.03,4,11,Annual,No
CUST-11210,Professional,136.2,5,688.38,3,19,Annual,Yes
CUST-11211,Professional,109.6,30,3428.44,2,29,Monthly,No
CUST-11212,Professional,102.07,15,1498.42,5,22,Monthly,No
CUST-11213,Professional,138.88,12,1596.26,4,5,Monthly,Yes
CUST-11214,Professional,109.15,12,1214.92,1,27,Annual,No
CUST-11215,Starter,33.96,22,739.24,1,17,Monthly,No
CUST-11216,Starter,47.4,39,1693.01,3,5,Monthly,No
CUST-11217,Enterprise,1157.28,28,30021.91,2,29,Annual,No
CUST-11218,Starter,46.97,46,2152.9,5,13,Monthly,Yes
CUST-11219,Starter,39.5,30,1091.48,2,20,Monthly,No
CUST-11220,Professional,99.98,43,4416.16,4,35,Two-Year,Yes
CUST-11221,Professional,133.46,34,4232.94,1,22,Monthly,No
CUST-11222,Professional,146.55,1,150.57,1,12,Monthly,No
CUST-11223,Professional,103.1,13,1211.69,0,34,Monthly,No
CUST-11224,Professional,142.54,21,3006.39,2,14,Annual,No
CUST-11225,Professional,130.43,44,5298.32,1,26,Monthly,No
CUST-11226,Professional,115.61,45,5313.11,0,19,Monthly,No
CUST-11227,Professional,125.99,8,1036.28,2,28,Monthly,No
CUST-11228,Professional,105.8,40,3871.94,3,16,Annual,Yes
CUST-11229,Professional,117.8,44,4918.93,1,30,Monthly,No
CUST-11230,Starter,44.35,21,963.91,4,27,Annual,No
CUST-11231,Professional,107.43,24,2347.5,5,12,Monthly,No
CUST-11232,Professional,142.17,47,6534.42,2,14,Monthly,No
CUST-11233,Starter,34.17,20,622.56,1,35,Two-Year,No
CUST-11234,Professional,116.81,3,347.43,3,10,Monthly,No
CUST-11235,Starter,34.12,24,773.86,5,1,Monthly,No
CUST-11236,Professional,99.99,32,2910.68,2,22,Annual,No
CUST-11237,Enterprise,882.56,41,33400.94,2,7,Monthly,No
CUST-11238,Enterprise,1059.69,26,26588.9,3,21,Monthly,No
CUST-11239,Enterprise,883.42,23,18862.94,5,31,Annual,Yes
CUST-11240,Starter,34.94,6,190.29,3,26,Monthly,Yes
CUST-11241,Starter,37.72,41,1575.43,4,26,Monthly,No
CUST-11242,Starter,45.21,22,1022.95,5,25,Monthly,No
CUST-11243,Starter,35.12,28,899.85,1,10,Monthly,No
CUST-11244,Enterprise,829.85,21,17722.93,1,26,Monthly,Yes
CUST-11245,Professional,131.14,31,4140.35,2,5,Monthly,No
CUST-11246,Starter,40.8,42,1607.24,8,10,Annual,Yes
CUST-11247,Enterprise,1107.95,12,12030.03,5,37,Monthly,Yes
CUST-11248,Professional,112.45,19,2106.45,1,12,Monthly,No
CUST-11249,Starter,47.14,24,1075.82,1,1,Monthly,Yes
CUST-11250,Enterprise,1080.44,28,30630.72,2,34,Annual,No
CUST-11251,Professional,117.83,6,636.72,2,38,Annual,No
CUST-11252,Professional,108.88,22,2176.4,3,38,Monthly,No
CUST-11253,Professional,147.52,13,1846.84,0,7,Monthly,No
CUST-11254,Starter,36.74,19,674.45,2,13,Annual,No
CUST-11255,Professional,99.94,9,930.17,3,20,Monthly,No
CUST-11256,Starter,45.06,21,854.86,4,1,Two-Year,No
CUST-11257,Starter,37.98,2,76.3,3,32,Annual,No
CUST-11258,Starter,35.63,14,516.37,4,22,Monthly,Yes
CUST-11259,Professional,148.2,42,5777.3,5,14,Two-Year,Yes
CUST-11260,Starter,44.74,1,42.61,4,1,Two-Year,Yes
CUST-11261,Professional,108.36,5,542.04,4,31,Annual,Yes
CUST-11262,Starter,34.1,32,1057.18,6,30,Monthly,Yes
CUST-11263,Starter,47.69,3,135.62,3,30,Two-Year,Yes
CUST-11264,Starter,41.45,11,465.21,3,16,Monthly,No
CUST-11265,Starter,42.56,10,416.84,3,17,Monthly,No
CUST-11266,Professional,99.74,40,3600.38,5,23,Monthly,No
CUST-11267,Professional,99.17,29,2631.05,3,29,Annual,No
CUST-11268,Starter,34.2,42,1387.25,2,13,Monthly,No
CUST-11269,Starter,29.31,27,770.82,1,1,Monthly,No
CUST-11270,Enterprise,680.26,17,11743.55,2,36,Monthly,Yes
CUST-11271,Starter,29.68,8,244.29,3,13,Monthly,No
CUST-11272,Starter,41.59,39,1635.68,1,1,Monthly,No
CUST-11273,Professional,106.45,28,3015.13,1,2,Monthly,No
CUST-11274,Enterprise,921.67,1,926.01,5,31,Annual,No
CUST-11275,Starter,34.73,38,1348.16,4,10,Annual,Yes
CUST-11276,Starter,33.42,14,489.86,1,17,Annual,No
CUST-11277,Starter,34.32,42,1446.16,3,1,Annual,No
CUST-11278,Professional,102.58,39,4155.73,3,23,Monthly,No
CUST-11279,Starter,38.53,26,935.81,1,16,Monthly,Yes
CUST-11280,Starter,39.64,2,77.7,2,9,Annual,No
CUST-11281,Enterprise,611.31,20,11282.02,2,2,Monthly,No
CUST-11282,Starter,29.31,18,546.13,2,30,Monthly,No
CUST-11283,Enterprise,723.64,41,29104.33,3,25,Annual,No
CUST-11284,Enterprise,818.39,11,9136.0,1,24,Annual,No
CUST-11285,Starter,34.64,45,1553.02,5,35,Two-Year,No
CUST-11286,Professional,112.39,13,1352.5,2,26,Monthly,No
CUST-11287,Starter,31.13,43,1227.61,6,6,Two-Year,Yes
CUST-11288,Enterprise,724.11,21,15892.17,0,5,Annual,No
CUST-11289,Professional,133.06,24,3163.98,2,24,Two-Year,No
CUST-11290,Enterprise,915.96,7,5771.19,4,21,Annual,No
CUST-11291,Starter,46.4,3,132.09,3,15,Annual,No
CUST-11292,Starter,38.64,40,1601.08,1,37,Monthly,No
CUST-11293,Starter,29.39,45,1326.92,5,20,Annual,No
CUST-11294,Professional,104.99,45,4902.45,3,5,Annual,No
CUST-11295,Professional,100.16,7,708.29,2,28,Monthly,No
CUST-11296,Starter,40.48,25,1022.9,0,38,Two-Year,No
CUST-11297,Professional,134.17,42,5655.95,2,4,Monthly,No
CUST-11298,Starter,41.43,9,346.2,1,28,Monthly,No
CUST-11299,Starter,37.03,33,1209.3,3,25,Annual,Yes
CUST-11300,Professional,101.54,27,2733.72,3,28,Monthly,No
CUST-11301,Starter,31.86,1,31.29,4,20,Monthly,No
CUST-11302,Starter,41.05,15,634.05,3,21,Monthly,No
CUST-11303,Starter,36.75,19,659.8,5,15,Annual,Yes
CUST-11304,Starter,46.85,10,459.08,1,34,Monthly,No
CUST-11305,Starter,40.34,18,689.94,1,8,Monthly,No
CUST-11306,Starter,47.18,2,90.48,1,6,Monthly,No
CUST-11307,Starter,30.83,34,1034.38,2,31,Annual,No
CUST-11308,Starter,33.48,3,94.34,0,16,Monthly,No
CUST-11309,Starter,39.76,24,978.22,2,25,Monthly,Yes
CUST-11310,Starter,36.7,43,1491.08,3,19,Monthly,No
CUST-11311,Starter,47.28,6,295.39,3,8,Annual,No
CUST-11312,Professional,142.98,25,3497.21,1,15,Annual,No
CUST-11313,Professional,122.22,41,5251.82,2,7,Monthly,No
CUST-11314,Starter,37.9,26,1000.92,3,7,Monthly,No
CUST-11315,Enterprise,1005.82,35,36388.59,1,5,Two-Year,No
CUST-11316,Starter,30.26,24,697.58,4,32,Monthly,Yes
CUST-11317,Starter,32.2,27,839.08,2,17,Annual,No
CUST-11318,Starter,39.39,27,1091.56,2,18,Monthly,No
CUST-11319,Starter,33.03,35,1183.89,2,19,Monthly,No
CUST-11320,Starter,45.37,12,501.22,2,24,Monthly,No
CUST-11321,Professional,146.69,21,2789.38,2,10,Two-Year,No
CUST-11322,Professional,121.84,35,4232.2,0,16,Monthly,No
CUST-11323,Starter,35.97,37,1329.04,4,3,Annual,No
CUST-11324,Starter,41.63,11,440.6,2,32,Monthly,Yes
CUST-11325,Professional,139.61,15,1960.87,4,25,Two-Year,No
CUST-11326,Professional,136.41,33,4413.63,5,39,Monthly,No
CUST-11327,Professional,131.48,27,3214.54,0,32,Monthly,No
CUST-11328,Starter,40.02,2,74.36,2,26,Two-Year,Yes
CUST-11329,Starter,45.2,31,1435.72,4,14,Monthly,Yes
CUST-11330,Starter,39.34,39,1503.99,4,17,Annual,Yes
CUST-11331,Professional,144.71,47,6704.56,2,32,Monthly,No
CUST-11332,Starter,47.67,10,433.43,2,10,Annual,No
CUST-11333,Professional,105.85,45,4353.77,3,2,Monthly,No
CUST-11334,Professional,145.74,29,3874.01,7,2,Annual,Yes
CUST-11335,Professional,115.55,36,4009.68,3,17,Monthly,No
CUST-11336,Professional,109.76,22,2445.19,2,32,Monthly,No
CUST-11337,Professional,106.89,29,3137.32,1,25,Monthly,No
CUST-11338,Starter,43.13,32,1358.51,2,38,Two-Year,No
CUST-11339,Starter,41.22,41,1610.19,2,25,Two-Year,No
CUST-11340,Professional,140.41,43,6286.44,6,22,Annual,No
CUST-11341,Starter,37.12,6,214.29,1,3,Monthly,Yes
CUST-11342,Starter,42.09,31,1314.16,2,9,Annual,No
CUST-11343,Professional,133.55,16,2043.24,4,1,Monthly,No
CUST-11344,Professional,105.84,18,1810.85,6,26,Monthly,No
CUST-11345,Starter,41.84,13,563.19,1,13,Two-Year,No
CUST-11346,Professional,121.79,28,3405.25,7,25,Annual,Yes
CUST-11347,Starter,42.93,19,756.25,0,5,Monthly,No
CUST-11348,Starter,34.53,6,214.83,0,5,Monthly,No
CUST-11349,Professional,126.79,41,4869.17,1,10,Monthly,No
CUST-11350,Enterprise,608.25,35,21299.23,2,4,Monthly,No
CUST-11351,Professional,117.05,23,2678.81,4,16,Monthly,No
CUST-11352,Starter,46.82,35,1603.81,2,22,Monthly,No
CUST-11353,Professional,105.39,41,3979.2,3,31,Monthly,Yes
CUST-11354,Starter,43.44,42,1836.02,5,11,Monthly,No
CUST-11355,Enterprise,661.77,38,23089.75,3,37,Two-Year,No
CUST-11356,Professional,144.11,12,1797.73,1,32,Monthly,No
CUST-11357,Enterprise,913.9,31,27291.93,2,14,Two-Year,No
CUST-11358,Professional,112.41,47,4884.35,3,15,Annual,No
CUST-11359,Starter,38.9,38,1462.51,3,26,Monthly,No
CUST-11360,Professional,99.69,2,206.89,2,1,Monthly,Yes
CUST-11361,Starter,46.14,19,814.75,2,31,Two-Year,No
CUST-11362,Starter,36.71,17,645.11,4,20,Monthly,No
CUST-11363,Starter,33.26,34,1119.86,4,19,Monthly,No
CUST-11364,Starter,42.9,32,1327.04,2,25,Monthly,No
CUST-11365,Starter,32.28,18,585.27,4,13,Monthly,No
CUST-11366,Starter,29.54,13,392.49,2,4,Annual,No
CUST-11367,Enterprise,1099.5,17,17243.92,0,22,Monthly,No
CUST-11368,Starter,36.35,37,1272.86,2,35,Monthly,No
CUST-11369,Starter,48.65,22,1034.32,3,24,Annual,Yes
CUST-11370,Starter,37.84,4,141.22,2,18,Monthly,No
CUST-11371,Professional,118.62,44,4953.01,5,38,Monthly,No
CUST-11372,Starter,47.7,22,1046.81,3,22,Monthly,No
CUST-11373,Enterprise,1059.13,12,11777.0,3,22,Monthly,Yes
CUST-11374,Professional,103.69,46,4820.26,2,20,Monthly,No
CUST-11375,Enterprise,1188.79,8,8926.73,3,9,Monthly,No
CUST-11376,Starter,31.67,35,1048.85,5,8,Annual,Yes
CUST-11377,Starter,29.82,29,800.13,2,6,Monthly,No
CUST-11378,Starter,45.43,39,1642.23,4,10,Monthly,No
CUST-11379,Starter,41.53,19,714.07,2,26,Monthly,No
CUST-11380,Professional,116.54,42,4830.29,3,35,Two-Year,No
CUST-11381,Professional,134.97,35,4429.67,1,11,Monthly,No
CUST-11382,Starter,30.92,27,794.26,1,13,Monthly,No
CUST-11383,Starter,43.08,43,1940.08,2,6,Monthly,No
CUST-11384,Starter,46.67,42,1827.28,3,21,Monthly,No
CUST-11385,Starter,40.39,45,1667.26,5,6,Annual,No
CUST-11386,Starter,45.94,28,1300.55,3,31,Monthly,Yes
CUST-11387,Starter,32.51,2,66.77,2,29,Monthly,No
CUST-11388,Starter,39.76,43,1790.41,3,25,Monthly,No
CUST-11389,Enterprise,945.25,26,23559.59,1,11,Monthly,Yes
CUST-11390,Enterprise,1163.83,8,8923.37,4,3,Monthly,No
CUST-11391,Starter,39.35,22,782.46,1,36,Annual,No
CUST-11392,Professional,119.35,33,4081.21,1,33,Annual,No
CUST-11393,Starter,39.67,7,290.51,3,19,Monthly,Yes
CUST-11394,Professional,136.29,33,4712.31,2,1,Annual,No
CUST-11395,Starter,37.81,12,456.65,0,3,Monthly,No
CUST-11396,Professional,128.55,14,1836.92,1,11,Monthly,No
CUST-11397,Starter,30.49,41,1295.56,2,16,Monthly,No
CUST-11398,Starter,48.99,7,320.69,4,32,Monthly,No
CUST-11399,Professional,103.36,9,875.24,1,19,Annual,No
CUST-11400,Starter,36.74,13,456.01,6,17,Annual,No
CUST-11401,Professional,116.83,27,3166.73,4,22,Monthly,No
CUST-11402,Enterprise,930.45,1,885.32,5,13,Monthly,No
CUST-11403,Starter,31.58,45,1286.86,3,15,Annual,Yes
CUST-11404,Enterprise,1168.04,12,13455.54,0,17,Monthly,No
CUST-11405,Professional,142.95,39,5834.08,1,26,Monthly,No
CUST-11406,Professional,106.92,42,4648.11,1,5,Annual,No
CUST-11407,Starter,32.1,21,610.82,0,29,Monthly,No
CUST-11408,Starter,30.31,15,438.94,5,8,Two-Year,No
CUST-11409,Starter,36.08,18,671.43,1,27,Monthly,No
CUST-11410,Starter,32.23,9,282.72,4,24,Monthly,No
CUST-11411,Starter,31.07,6,180.98,2,32,Monthly,No
CUST-11412,Enterprise,1173.37,6,6720.83,3,39,Monthly,No
CUST-11413,Professional,121.39,19,2337.6,4,25,Annual,No
CUST-11414,Enterprise,686.67,18,11785.3,4,21,Monthly,Yes
CUST-11415,Enterprise,993.09,7,6571.31,6,31,Annual,Yes
CUST-11416,Starter,43.72,31,1378.31,2,32,Monthly,No
CUST-11417,Starter,47.92,47,2207.0,1,28,Monthly,No
CUST-11418,Enterprise,736.8,2,1514.91,4,27,Monthly,No
CUST-11419,Professional,135.29,13,1730.57,2,29,Annual,No
CUST-11420,Professional,109.31,36,4064.8,0,34,Monthly,No
CUST-11421,Professional,125.21,46,5832.15,1,37,Annual,No
CUST-11422,Starter,37.32,31,1166.51,1,29,Monthly,No
CUST-11423,Enterprise,837.04,36,28151.64,3,38,Annual,No
CUST-11424,Starter,35.28,16,528.27,4,39,Annual,No
CUST-11425,Professional,115.38,15,1620.72,1,16,Annual,No
CUST-11426,Professional,120.85,33,3598.09,1,25,Annual,No
CUST-11427,Professional,145.15,46,6758.14,5,22,Annual,No
CUST-11428,Professional,117.17,42,4694.58,3,36,Monthly,No
CUST-11429,Professional,137.71,8,1077.53,5,10,Monthly,No
CUST-11430,Starter,43.54,31,1282.93,1,13,Monthly,No
CUST-11431,Starter,34.64,16,528.49,2,33,Monthly,No
CUST-11432,Starter,46.63,10,428.96,0,11,Monthly,No
CUST-11433,Professional,127.21,47,6269.03,5,17,Annual,No
CUST-11434,Starter,47.64,11,543.23,4,31,Monthly,No
CUST-11435,Starter,30.35,10,313.5,2,20,Two-Year,No
CUST-11436,Enterprise,924.57,8,7121.7,2,22,Monthly,No
CUST-11437,Professional,100.78,4,403.01,4,2,Monthly,No
CUST-11438,Enterprise,1074.07,42,40742.47,2,14,Monthly,No
CUST-11439,Starter,44.94,43,1804.64,2,20,Annual,No
CUST-11440,Professional,145.93,13,1768.28,3,1,Monthly,No
CUST-11441,Professional,103.54,36,3614.91,3,38,Monthly,Yes
CUST-11442,Enterprise,646.83,45,28691.4,2,25,Annual,No
CUST-11443,Starter,41.95,31,1230.2,3,31,Monthly,No
CUST-11444,Professional,130.58,21,2758.03,4,6,Monthly,No
CUST-11445,Starter,39.86,9,357.71,3,8,Two-Year,No
CUST-11446,Professional,139.83,44,5792.19,2,32,Two-Year,No
CUST-11447,Enterprise,967.49,45,41725.3,1,1,Monthly,No
CUST-11448,Professional,113.55,36,3751.89,0,39,Monthly,No
CUST-11449,Enterprise,877.06,25,20124.26,1,36,Monthly,No
CUST-11450,Enterprise,589.33,4,2133.88,0,10,Annual,No
CUST-11451,Professional,108.2,1,111.69,3,37,Monthly,No
CUST-11452,Professional,102.13,1,102.15,6,16,Annual,Yes
CUST-11453,Professional,128.41,41,4799.08,3,9,Monthly,No
CUST-11454,Professional,138.25,35,4510.01,3,18,Monthly,No
CUST-11455,Enterprise,516.16,34,16749.35,3,26,Monthly,No
CUST-11456,Professional,121.54,17,2111.68,1,6,Monthly,No
CUST-11457,Starter,33.58,34,1153.4,1,8,Monthly,No
CUST-11458,Starter,45.62,31,1399.66,1,23,Monthly,No
CUST-11459,Professional,112.32,41,4457.72,0,2,Annual,No
CUST-11460,Enterprise,900.94,12,10581.57,4,31,Two-Year,No
CUST-11461,Starter,46.96,16,752.05,2,6,Annual,No
CUST-11462,Professional,123.23,33,3908.36,1,34,Annual,No
CUST-11463,Starter,42.41,24,997.78,3,38,Monthly,No
CUST-11464,Starter,41.97,44,1828.34,2,31,Monthly,No
CUST-11465,Professional,122.12,32,4034.23,2,30,Annual,No
CUST-11466,Professional,103.47,40,4193.23,2,39,Monthly,No
CUST-11467,Professional,108.11,19,2131.06,4,1,Annual,No
CUST-11468,Professional,106.84,18,1824.64,2,33,Annual,No
CUST-11469,Starter,44.56,28,1137.19,3,24,Monthly,No
CUST-11470,Starter,30.16,35,1097.59,4,17,Monthly,Yes
CUST-11471,Professional,113.07,25,2749.41,1,8,Annual,No
CUST-11472,Professional,132.16,40,5208.21,3,26,Annual,Yes
CUST-11473,Starter,37.25,47,1718.4,1,14,Monthly,No
CUST-11474,Professional,119.65,37,4073.44,2,33,Two-Year,No
CUST-11475,Professional,99.06,29,2980.99,2,17,Monthly,No
CUST-11476,Enterprise,1124.97,25,26118.53,3,19,Annual,No
CUST-11477,Professional,119.72,1,109.65,3,29,Monthly,Yes
CUST-11478,Starter,43.97,14,615.87,4,35,Monthly,No
CUST-11479,Starter,32.89,40,1325.02,3,5,Monthly,No
CUST-11480,Starter,40.43,36,1449.09,4,29,Monthly,No
CUST-11481,Starter,44.91,6,247.45,1,6,Monthly,No
CUST-11482,Enterprise,879.13,39,33267.24,4,37,Monthly,Yes
CUST-11483,Enterprise,1075.77,24,25380.21,7,10,Monthly,Yes
CUST-11484,Enterprise,798.06,1,800.3,3,34,Monthly,No
CUST-11485,Starter,47.92,36,1649.39,3,19,Annual,No
CUST-11486,Starter,30.55,4,117.78,2,35,Monthly,Yes
CUST-11487,Professional,136.82,6,861.75,1,19,Monthly,No
CUST-11488,Enterprise,1137.89,33,36246.21,3,6,Monthly,No
CUST-11489,Starter,36.36,43,1564.0,1,39,Monthly,No
CUST-11490,Enterprise,1093.02,41,43604.47,3,14,Annual,No
CUST-11491,Enterprise,977.75,27,24930.01,1,10,Monthly,No
CUST-11492,Starter,44.19,23,1016.68,3,25,Monthly,No
CUST-11493,Professional,127.37,39,4933.36,3,5,Annual,No
CUST-11494,Enterprise,645.55,40,26903.59,1,25,Annual,No
CUST-11495,Starter,46.24,1,42.32,4,17,Annual,No
CUST-11496,Enterprise,552.95,4,2311.44,0,20,Monthly,No
CUST-11497,Starter,37.17,39,1362.09,1,27,Monthly,No
CUST-11498,Starter,31.6,47,1483.94,1,25,Annual,No
CUST-11499,Professional,141.95,32,4619.53,2,4,Annual,No
CUST-11500,Enterprise,993.68,28,25871.02,3,21,Monthly,No
CUST-11501,Professional,118.14,24,2614.27,3,3,Monthly,No
CUST-11502,Starter,29.47,39,1067.49,0,32,Monthly,No
CUST-11503,Professional,147.2,26,3929.09,2,15,Annual,No
CUST-11504,Professional,143.77,47,6838.75,3,6,Annual,No
CUST-11505,Starter,47.07,30,1397.33,3,15,Annual,No
CUST-11506,Enterprise,563.9,42,22268.61,3,32,Monthly,No
CUST-11507,Starter,48.9,29,1339.96,4,10,Annual,No
CUST-11508,Starter,42.32,47,2007.28,3,31,Monthly,Yes
CUST-11509,Professional,133.38,40,5136.46,4,16,Two-Year,No
CUST-11510,Starter,38.46,38,1497.98,2,8,Annual,No
CUST-11511,Professional,113.15,28,3216.29,2,11,Monthly,No
CUST-11512,Starter,47.73,44,2155.17,1,38,Annual,No
CUST-11513,Professional,119.47,34,3926.73,4,17,Monthly,Yes
CUST-11514,Professional,139.11,19,2388.32,1,14,Monthly,No
CUST-11515,Enterprise,710.88,23,15096.18,1,5,Monthly,No
CUST-11516,Starter,44.25,20,882.92,4,25,Annual,No
CUST-11517,Enterprise,505.46,36,16875.41,1,12,Annual,No
CUST-11518,Starter,48.13,13,581.23,4,23,Two-Year,No
CUST-11519,Starter,31.42,32,980.6,2,30,Two-Year,No
CUST-11520,Starter,43.33,41,1633.76,2,2,Monthly,No
CUST-11521,Starter,37.1,31,1041.97,3,36,Monthly,No
CUST-11522,Professional,109.39,38,4051.96,4,13,Monthly,No
CUST-11523,Starter,30.05,2,58.67,2,39,Monthly,No
CUST-11524,Professional,122.78,45,5300.23,1,1,Two-Year,No
CUST-11525,Professional,127.74,42,4884.81,2,29,Monthly,No
CUST-11526,Starter,44.56,17,757.63,1,13,Monthly,No
CUST-11527,Starter,31.63,29,891.45,2,1,Two-Year,No
CUST-11528,Starter,48.76,7,326.35,3,35,Two-Year,No
CUST-11529,Professional,115.11,18,1955.85,4,21,Annual,Yes
CUST-11530,Starter,44.37,34,1583.33,4,4,Annual,Yes
CUST-11531,Professional,143.59,4,525.9,2,18,Monthly,Yes
CUST-11532,Starter,33.36,35,1225.71,1,32,Two-Year,No
CUST-11533,Starter,46.6,11,505.79,7,25,Monthly,Yes
CUST-11534,Professional,129.14,43,5535.08,1,2,Monthly,No
CUST-11535,Professional,100.76,40,4161.76,0,10,Monthly,No
CUST-11536,Starter,34.21,9,279.09,0,28,Monthly,No
CUST-11537,Enterprise,983.77,14,13361.31,3,8,Monthly,No
CUST-11538,Professional,103.41,27,2912.2,4,19,Annual,Yes
CUST-11539,Professional,138.19,4,559.84,0,28,Monthly,No
CUST-11540,Professional,111.91,31,3430.23,4,22,Two-Year,No
CUST-11541,Enterprise,714.08,26,19450.72,3,13,Monthly,No
CUST-11542,Starter,45.16,8,373.26,1,9,Annual,No
CUST-11543,Professional,108.94,34,3551.51,2,24,Two-Year,Yes
CUST-11544,Enterprise,514.34,39,19853.32,4,32,Monthly,No
CUST-11545,Starter,48.29,27,1226.99,2,3,Two-Year,No
CUST-11546,Starter,30.55,14,422.4,2,11,Two-Year,Yes
CUST-11547,Professional,105.98,20,2106.9,2,36,Annual,No
CUST-11548,Professional,102.33,39,3742.8,3,34,Annual,No
CUST-11549,Starter,40.65,38,1420.52,6,31,Monthly,No
CUST-11550,Starter,47.8,35,1744.09,5,3,Two-Year,No
CUST-11551,Professional,131.77,21,2599.38,1,3,Two-Year,No
CUST-11552,Starter,36.79,7,269.23,3,15,Monthly,No
CUST-11553,Professional,101.61,12,1218.15,2,30,Monthly,Yes
CUST-11554,Starter,36.39,35,1313.01,0,25,Monthly,No
CUST-11555,Enterprise,841.77,11,9292.83,4,6,Monthly,No
CUST-11556,Starter,40.96,47,1909.68,7,30,Annual,No
CUST-11557,Starter,47.58,6,258.09,2,12,Monthly,No
CUST-11558,Enterprise,891.56,16,14915.3,1,32,Monthly,No
CUST-11559,Starter,46.72,2,91.25,4,21,Monthly,No
CUST-11560,Enterprise,557.7,10,5725.69,0,38,Two-Year,No
CUST-11561,Enterprise,1072.7,12,12963.5,1,6,Monthly,No
CUST-11562,Starter,35.47,9,301.59,3,7,Annual,No
CUST-11563,Enterprise,994.74,47,48486.62,6,11,Annual,Yes
CUST-11564,Professional,113.33,45,4879.71,5,24,Two-Year,No
CUST-11565,Professional,142.77,1,148.61,0,17,Monthly,No
CUST-11566,Professional,144.55,43,5955.05,2,24,Monthly,Yes
CUST-11567,Enterprise,1004.05,5,4848.81,3,13,Monthly,No
CUST-11568,Starter,47.02,40,1769.55,4,15,Annual,No
CUST-11569,Starter,35.59,14,488.26,4,15,Monthly,No
CUST-11570,Starter,44.36,21,873.07,2,6,Annual,No
CUST-11571,Professional,105.42,14,1410.3,3,12,Monthly,No
CUST-11572,Starter,48.84,34,1670.48,1,38,Annual,No
CUST-11573,Professional,141.18,29,3710.01,1,8,Annual,No
CUST-11574,Professional,145.18,17,2479.47,3,38,Two-Year,No
CUST-11575,Professional,110.13,22,2534.68,3,38,Annual,Yes
CUST-11576,Professional,144.83,32,4826.22,1,6,Monthly,No
CUST-11577,Starter,47.12,42,2056.79,3,1,Annual,No
CUST-11578,Starter,36.29,19,634.62,3,10,Two-Year,No
CUST-11579,Starter,29.58,2,56.25,5,17,Annual,Yes
CUST-11580,Professional,112.11,16,1850.82,2,30,Annual,No
CUST-11581,Starter,42.6,4,167.92,1,12,Two-Year,Yes
CUST-11582,Starter,31.66,22,667.02,2,32,Two-Year,No
CUST-11583,Starter,47.56,1,45.26,4,29,Annual,Yes
CUST-11584,Enterprise,979.11,30,28672.71,3,12,Monthly,Yes
CUST-11585,Professional,106.35,29,3048.13,4,35,Annual,No
CUST-11586,Professional,114.57,11,1252.32,3,9,Monthly,No
CUST-11587,Starter,46.16,47,2210.68,4,28,Annual,No
CUST-11588,Professional,135.16,22,2990.37,3,32,Monthly,No
CUST-11589,Starter,41.46,45,1742.18,2,36,Monthly,No
CUST-11590,Starter,32.1,34,1139.17,5,18,Annual,Yes
CUST-11591,Starter,47.55,23,995.09,1,14,Annual,No
CUST-11592,Professional,123.78,8,927.54,0,5,Monthly,No
CUST-11593,Professional,131.84,11,1472.12,3,29,Monthly,Yes
CUST-11594,Professional,99.6,13,1265.7,8,16,Monthly,Yes
CUST-11595,Professional,148.76,9,1400.39,3,26,Monthly,Yes
CUST-11596,Enterprise,975.43,23,20796.71,1,13,Monthly,No
CUST-11597,Starter,44.7,17,730.88,5,32,Monthly,No
CUST-11598,Professional,147.3,38,5205.7,0,20,Monthly,No
CUST-11599,Professional,145.65,20,2728.48,1,16,Two-Year,No
CUST-11600,Starter,34.82,18,643.91,0,9,Annual,No
CUST-11601,Starter,46.9,12,542.49,1,27,Monthly,No
CUST-11602,Professional,127.37,27,3567.04,1,32,Two-Year,No
CUST-11603,Starter,32.96,20,690.32,1,34,Monthly,No
CUST-11604,Professional,106.5,7,744.08,2,2,Annual,No
CUST-11605,Starter,34.92,21,709.28,3,36,Monthly,No
CUST-11606,Starter,44.12,26,1173.36,2,7,Monthly,No
CUST-11607,Enterprise,813.47,7,5317.1,5,7,Annual,Yes
CUST-11608,Starter,34.83,25,908.55,3,19,Monthly,Yes
CUST-11609,Enterprise,1085.11,8,9114.27,3,8,Monthly,No
CUST-11610,Starter,38.7,31,1226.83,2,19,Annual,No
CUST-11611,Professional,133.32,11,1533.61,4,9,Monthly,No
CUST-11612,Enterprise,1121.45,36,41877.26,2,25,Two-Year,No
CUST-11613,Enterprise,678.78,31,20170.84,2,1,Monthly,No
CUST-11614,Enterprise,1148.45,30,31514.62,3,27,Monthly,No
CUST-11615,Professional,125.35,28,3192.77,5,14,Monthly,No
CUST-11616,Professional,118.54,39,4357.14,3,2,Monthly,No
CUST-11617,Starter,36.74,44,1600.04,2,5,Monthly,No
CUST-11618,Starter,48.75,47,2248.06,3,8,Monthly,No
CUST-11619,Starter,41.69,46,1797.08,3,25,Monthly,No
CUST-11620,Professional,114.33,38,4505.7,3,8,Monthly,Yes
CUST-11621,Professional,133.03,27,3394.44,4,8,Monthly,No
CUST-11622,Professional,115.78,10,1046.64,0,8,Two-Year,No
CUST-11623,Professional,108.31,40,4434.6,6,31,Annual,No
CUST-11624,Starter,33.83,18,576.02,3,20,Annual,Yes
CUST-11625,Professional,144.97,2,278.64,1,13,Two-Year,No
CUST-11626,Starter,32.33,6,184.77,3,8,Monthly,No
CUST-11627,Professional,103.79,16,1554.15,2,35,Monthly,No
CUST-11628,Professional,117.24,43,5212.17,3,15,Monthly,No
CUST-11629,Starter,45.84,8,384.43,4,24,Annual,Yes
CUST-11630,Starter,38.99,47,1664.81,3,36,Monthly,No
CUST-11631,Professional,121.76,10,1213.46,4,16,Monthly,No
CUST-11632,Starter,36.35,30,1137.68,2,26,Monthly,No
CUST-11633,Starter,48.76,39,1711.49,4,26,Annual,Yes
CUST-11634,Starter,33.56,14,461.67,3,6,Annual,No
CUST-11635,Starter,32.51,31,1053.62,3,35,Annual,No
CUST-11636,Professional,112.93,5,578.13,2,24,Annual,Yes
CUST-11637,Enterprise,730.14,17,12867.67,2,9,Monthly,No
CUST-11638,Enterprise,990.03,25,24952.49,5,14,Monthly,Yes
CUST-11639,Starter,41.2,44,1795.34,1,25,Annual,No
CUST-11640,Starter,36.77,3,104.12,6,1,Monthly,No
CUST-11641,Starter,42.54,13,564.47,1,4,Monthly,No
CUST-11642,Professional,109.54,42,4667.15,2,12,Monthly,Yes
CUST-11643,Enterprise,606.6,38,22999.6,4,28,Monthly,No
CUST-11644,Starter,44.63,23,1055.22,3,2,Monthly,Yes
CUST-11645,Starter,42.36,47,1929.41,2,10,Annual,No
CUST-11646,Professional,131.97,24,2999.14,3,4,Monthly,No
CUST-11647,Professional,126.39,35,4480.17,2,7,Monthly,No
CUST-11648,Professional,99.11,2,198.17,1,5,Annual,Yes
CUST-11649,Professional,142.25,38,5228.02,3,37,Two-Year,No
CUST-11650,Starter,48.53,43,1987.71,2,26,Monthly,No
CUST-11651,Starter,38.99,47,1754.43,4,21,Monthly,No
CUST-11652,Professional,106.6,42,4377.72,0,21,Monthly,No
CUST-11653,Enterprise,758.48,38,28295.02,2,39,Two-Year,Yes
CUST-11654,Enterprise,623.93,15,9651.77,0,6,Annual,No
CUST-11655,Professional,109.01,14,1414.59,3,23,Monthly,Yes
CUST-11656,Professional,118.43,45,4883.33,2,16,Monthly,No
CUST-11657,Starter,41.15,17,670.92,2,36,Annual,No
CUST-11658,Starter,32.01,46,1427.88,1,30,Monthly,No
CUST-11659,Professional,124.38,28,3166.66,1,38,Annual,No
CUST-11660,Professional,138.63,23,3148.38,0,23,Two-Year,No
CUST-11661,Professional,142.0,29,4211.62,0,3,Monthly,No
CUST-11662,Starter,43.99,20,882.2,4,16,Monthly,No
CUST-11663,Professional,113.27,41,4830.27,2,36,Annual,No
CUST-11664,Enterprise,578.08,29,16917.95,3,5,Monthly,No
CUST-11665,Professional,142.49,13,1682.49,4,30,Annual,No
CUST-11666,Professional,100.56,5,513.52,1,8,Annual,Yes
CUST-11667,Starter,42.03,38,1533.61,2,30,Monthly,No
CUST-11668,Professional,131.14,13,1772.73,6,36,Monthly,Yes
CUST-11669,Starter,30.68,29,879.7,1,17,Two-Year,No
CUST-11670,Professional,136.55,25,3098.29,1,34,Annual,No
CUST-11671,Professional,108.34,29,3203.69,3,33,Annual,No
CUST-11672,Starter,30.18,32,1013.34,2,21,Monthly,No
CUST-11673,Professional,123.94,18,2014.96,4,37,Annual,No
CUST-11674,Enterprise,863.48,34,29595.15,3,6,Two-Year,No
CUST-11675,Professional,147.24,40,5386.48,4,27,Monthly,Yes
CUST-11676,Starter,38.24,41,1632.15,2,4,Annual,No
CUST-11677,Starter,41.39,35,1394.04,1,7,Monthly,No
CUST-11678,Enterprise,1181.04,9,9682.7,3,35,Annual,No
CUST-11679,Professional,123.74,35,4511.55,2,16,Annual,No
CUST-11680,Starter,45.42,14,627.28,7,23,Annual,No
CUST-11681,Professional,114.02,36,3868.21,5,36,Monthly,Yes
CUST-11682,Professional,141.11,31,4285.51,2,23,Annual,Yes
CUST-11683,Professional,120.83,5,570.43,4,33,Annual,No
CUST-11684,Enterprise,1056.9,1,1063.66,3,30,Monthly,Yes
CUST-11685,Starter,31.94,25,763.29,4,9,Annual,No
CUST-11686,Starter,36.88,47,1581.52,3,18,Monthly,No
CUST-11687,Professional,135.28,32,4069.22,1,28,Annual,No
CUST-11688,Professional,119.39,30,3339.8,3,11,Annual,No
CUST-11689,Starter,44.7,26,1046.74,3,14,Monthly,No
CUST-11690,Starter,33.93,19,644.09,3,28,Monthly,No
CUST-11691,Starter,31.91,37,1209.74,2,24,Monthly,No
CUST-11692,Starter,41.53,41,1783.69,3,38,Two-Year,No
CUST-11693,Professional,119.23,3,339.54,4,12,Annual,Yes
CUST-11694,Professional,105.29,36,3569.6,4,2,Monthly,No
CUST-11695,Professional,119.76,19,2378.24,4,22,Annual,No
CUST-11696,Starter,45.5,14,590.01,1,13,Monthly,No
CUST-11697,Starter,32.83,42,1338.23,0,35,Monthly,No
CUST-11698,Professional,110.86,33,3340.52,3,11,Monthly,No
CUST-11699,Professional,127.88,40,4953.32,5,39,Annual,Yes
CUST-11700,Starter,40.23,36,1354.12,2,38,Two-Year,No
CUST-11701,Starter,42.97,43,1861.97,3,38,Monthly,No
CUST-11702,Enterprise,820.67,36,28395.53,1,34,Annual,No
CUST-11703,Starter,30.6,7,218.35,6,12,Monthly,No
CUST-11704,Professional,102.77,2,193.05,5,35,Monthly,No
CUST-11705,Starter,36.79,11,384.15,2,31,Monthly,No
CUST-11706,Professional,132.92,17,2319.64,2,4,Annual,No
CUST-11707,Enterprise,792.92,17,13554.8,2,28,Monthly,Yes
CUST-11708,Starter,41.8,44,1880.71,2,10,Monthly,No
CUST-11709,Starter,31.72,5,165.3,2,36,Monthly,Yes
CUST-11710,Professional,107.57,36,4031.53,2,37,Annual,No
CUST-11711,Professional,114.7,41,4930.14,2,9,Annual,No
CUST-11712,Professional,107.62,15,1562.75,2,2,Monthly,No
CUST-11713,Professional,146.99,23,3412.82,4,30,Annual,Yes
CUST-11714,Starter,45.1,21,870.92,2,18,Annual,Yes
CUST-11715,Enterprise,1115.34,28,31993.18,2,10,Annual,No
CUST-11716,Professional,134.26,31,3980.06,6,37,Monthly,No
CUST-11717,Starter,32.58,11,371.68,1,16,Annual,No
CUST-11718,Professional,100.26,12,1146.42,1,12,Monthly,No
CUST-11719,Starter,41.57,42,1695.84,2,39,Monthly,No
CUST-11720,Professional,147.71,12,1745.21,3,33,Two-Year,No
CUST-11721,Starter,46.01,25,1073.95,2,9,Annual,No
CUST-11722,Enterprise,777.21,17,13736.15,2,32,Annual,No
CUST-11723,Starter,31.92,6,188.45,3,27,Annual,Yes
CUST-11724,Starter,38.57,8,306.84,2,33,Two-Year,No
CUST-11725,Starter,36.71,15,502.58,1,5,Annual,No
CUST-11726,Starter,36.48,35,1305.52,1,21,Two-Year,No
CUST-11727,Starter,46.0,40,1692.26,1,24,Monthly,No
CUST-11728,Professional,147.13,13,1816.15,1,10,Annual,No
CUST-11729,Starter,39.85,45,1712.51,7,24,Monthly,Yes
CUST-11730,Professional,127.01,36,4466.39,1,10,Monthly,No
CUST-11731,Starter,48.04,5,243.73,4,24,Monthly,Yes
CUST-11732,Starter,31.47,32,910.54,4,36,Monthly,No
CUST-11733,Starter,35.37,17,601.7,2,23,Two-Year,No
CUST-11734,Starter,32.43,23,718.47,0,23,Annual,No
CUST-11735,Professional,110.59,23,2451.35,2,13,Monthly,No
CUST-11736,Starter,41.83,3,119.35,3,38,Annual,No
CUST-11737,Starter,37.04,24,811.94,3,12,Monthly,No
CUST-11738,Starter,36.5,33,1203.6,1,25,Two-Year,No
CUST-11739,Professional,146.36,16,2277.03,6,27,Annual,Yes
CUST-11740,Professional,118.88,35,4318.46,5,22,Two-Year,No
CUST-11741,Starter,44.97,30,1282.59,2,29,Annual,Yes
CUST-11742,Enterprise,1019.84,34,36207.03,7,30,Monthly,No
CUST-11743,Starter,47.87,39,1787.84,3,22,Monthly,No
CUST-11744,Professional,135.05,1,125.68,3,24,Two-Year,No
CUST-11745,Starter,37.49,19,666.94,6,3,Monthly,No
CUST-11746,Starter,48.18,26,1310.0,2,30,Monthly,No
CUST-11747,Starter,41.51,41,1606.12,4,39,Annual,Yes
CUST-11748,Starter,48.18,39,1860.02,3,15,Annual,No
CUST-11749,Professional,129.4,37,4972.36,1,35,Monthly,No
CUST-11750,Enterprise,555.03,27,14371.41,1,24,Annual,No
CUST-11751,Enterprise,972.94,35,32742.03,3,24,Monthly,Yes
CUST-11752,Professional,135.18,40,4879.14,2,6,Monthly,Yes
CUST-11753,Professional,118.08,25,2864.72,3,35,Monthly,No
CUST-11754,Starter,34.03,1,32.0,4,21,Annual,No
CUST-11755,Professional,146.22,27,3978.66,2,38,Annual,No
CUST-11756,Professional,108.87,45,5081.03,1,4,Monthly,No
CUST-11757,Starter,30.39,4,117.64,3,25,Annual,No
CUST-11758,Professional,142.65,5,696.27,0,26,Annual,No
CUST-11759,Professional,135.78,15,2025.56,3,3,Monthly,Yes
CUST-11760,Professional,142.6,21,3066.06,2,18,Annual,No
CUST-11761,Professional,129.19,11,1398.87,1,27,Monthly,No
CUST-11762,Enterprise,716.05,43,28296.47,3,16,Monthly,No
CUST-11763,Starter,41.01,38,1608.01,0,35,Annual,No
CUST-11764,Starter,48.24,4,194.0,5,18,Annual,Yes
CUST-11765,Professional,125.3,13,1669.41,1,10,Annual,No
CUST-11766,Professional,139.56,17,2181.43,1,35,Monthly,No
CUST-11767,Starter,33.41,33,1021.59,0,7,Annual,No
CUST-11768,Enterprise,933.8,41,35791.97,4,19,Monthly,No
CUST-11769,Enterprise,622.49,11,6958.49,3,8,Annual,No
CUST-11770,Starter,29.35,36,1103.7,2,11,Monthly,No
CUST-11771,Professional,121.26,11,1220.6,3,16,Monthly,No
CUST-11772,Enterprise,752.57,29,21299.32,4,22,Monthly,No
CUST-11773,Starter,40.99,3,127.16,3,38,Monthly,No
CUST-11774,Starter,32.39,36,1052.35,0,15,Annual,No
CUST-11775,Professional,137.05,41,5369.72,3,5,Monthly,No
CUST-11776,Starter,43.81,34,1470.0,2,31,Monthly,No
CUST-11777,Starter,31.11,41,1309.26,3,24,Two-Year,Yes
CUST-11778,Starter,43.19,5,203.36,3,22,Two-Year,Yes
CUST-11779,Starter,38.85,42,1477.84,2,18,Annual,No
CUST-11780,Starter,43.44,37,1521.26,3,6,Monthly,No
CUST-11781,Professional,143.07,23,3350.86,0,37,Monthly,No
CUST-11782,Starter,31.09,4,113.3,4,29,Two-Year,Yes
CUST-11783,Starter,43.8,39,1596.04,2,26,Annual,No
CUST-11784,Enterprise,880.94,31,28224.61,3,25,Annual,Yes
CUST-11785,Professional,127.63,18,2193.02,2,11,Two-Year,No
CUST-11786,Professional,130.6,3,407.54,2,8,Monthly,Yes
CUST-11787,Starter,30.8,7,197.59,1,39,Monthly,No
CUST-11788,Starter,30.21,42,1244.05,3,37,Monthly,No
CUST-11789,Starter,46.35,36,1518.62,0,39,Two-Year,No
CUST-11790,Enterprise,657.43,26,15509.41,1,33,Annual,No
CUST-11791,Professional,118.53,43,5025.57,2,2,Monthly,No
CUST-11792,Professional,120.49,4,434.93,3,20,Monthly,No
CUST-11793,Professional,127.11,36,4526.3,4,23,Monthly,No
CUST-11794,Enterprise,943.94,28,25762.68,2,33,Annual,No
CUST-11795,Professional,141.9,47,6291.88,1,16,Monthly,No
CUST-11796,Starter,39.29,13,480.47,2,8,Monthly,No
CUST-11797,Professional,116.13,42,4874.62,1,1,Annual,No
CUST-11798,Professional,113.84,15,1587.15,1,15,Monthly,No
CUST-11799,Starter,31.65,6,176.04,1,7,Monthly,No
CUST-11800,Enterprise,871.06,12,10731.5,5,39,Monthly,No
CUST-11801,Starter,30.58,2,63.26,3,29,Annual,No
CUST-11802,Starter,47.56,1,47.94,2,33,Monthly,No
CUST-11803,Enterprise,938.51,22,21513.53,2,4,Monthly,No
CUST-11804,Professional,138.84,28,4065.36,2,21,Monthly,No
CUST-11805,Enterprise,963.91,5,4844.32,1,17,Monthly,No
CUST-11806,Starter,47.46,17,773.18,1,20,Monthly,No
CUST-11807,Starter,33.5,18,549.07,3,18,Two-Year,No
CUST-11808,Starter,37.46,22,770.09,4,15,Monthly,No
CUST-11809,Enterprise,1117.87,20,23448.78,3,3,Monthly,No
CUST-11810,Starter,34.22,1,32.72,1,26,Monthly,Yes
CUST-11811,Enterprise,1091.5,4,4459.36,0,15,Monthly,No
CUST-11812,Starter,44.89,6,251.69,2,31,Annual,No
CUST-11813,Enterprise,954.71,37,35877.19,1,30,Monthly,No
CUST-11814,Starter,43.37,8,328.71,3,38,Monthly,No
CUST-11815,Starter,33.02,6,193.47,3,22,Annual,Yes
CUST-11816,Starter,46.7,40,1859.64,2,19,Monthly,No
CUST-11817,Enterprise,643.25,39,24835.46,2,27,Annual,No
CUST-11818,Starter,37.01,16,555.58,2,19,Annual,No
CUST-11819,Professional,140.48,4,586.86,2,1,Monthly,Yes
CUST-11820,Enterprise,956.25,1,894.74,5,32,Monthly,No
CUST-11821,Starter,38.66,42,1500.69,1,3,Monthly,No
CUST-11822,Enterprise,879.82,2,1775.06,1,31,Monthly,No
CUST-11823,Starter,38.18,13,515.3,6,13,Annual,Yes
CUST-11824,Enterprise,1194.67,13,14640.13,3,30,Annual,No
CUST-11825,Starter,44.07,34,1459.65,2,1,Monthly,No
CUST-11826,Starter,48.85,28,1305.39,2,11,Monthly,No
CUST-11827,Professional,119.29,27,3140.75,5,2,Monthly,Yes
CUST-11828,Starter,38.0,7,265.57,2,11,Monthly,No
CUST-11829,Starter,40.61,17,696.12,5,19,Annual,No
CUST-11830,Enterprise,841.51,39,33530.68,1,22,Annual,No
CUST-11831,Starter,43.19,17,678.09,5,8,Two-Year,No
CUST-11832,Starter,42.7,25,1041.18,1,34,Annual,No
CUST-11833,Starter,31.46,37,1200.52,5,7,Monthly,No
CUST-11834,Starter,40.52,13,546.9,3,1,Annual,Yes
CUST-11835,Enterprise,619.31,24,15558.46,4,1,Monthly,No
CUST-11836,Starter,40.93,27,1091.86,2,24,Two-Year,No
CUST-11837,Starter,45.68,45,1995.85,2,35,Annual,Yes
CUST-11838,Professional,125.09,18,2238.9,3,22,Monthly,No
CUST-11839,Professional,133.65,38,4725.76,7,16,Annual,Yes
CUST-11840,Professional,136.93,18,2335.81,1,11,Two-Year,No
CUST-11841,Starter,35.25,26,909.46,2,9,Monthly,No
CUST-11842,Starter,39.26,6,237.94,2,21,Annual,Yes
CUST-11843,Starter,29.59,28,797.17,3,17,Annual,No
CUST-11844,Enterprise,1107.07,31,31017.39,3,1,Annual,No
CUST-11845,Enterprise,935.93,29,26577.16,2,18,Annual,No
CUST-11846,Professional,131.8,13,1770.03,2,21,Annual,No
CUST-11847,Professional,115.56,36,4214.22,2,33,Annual,No
CUST-11848,Starter,43.25,7,313.5,3,1,Monthly,No
CUST-11849,Enterprise,768.54,44,32322.02,2,38,Annual,No
CUST-11850,Professional,130.44,38,4731.86,3,16,Two-Year,Yes
CUST-11851,Starter,38.03,39,1354.37,2,15,Monthly,Yes
CUST-11852,Professional,117.45,4,468.7,2,21,Annual,No
CUST-11853,Starter,31.82,28,831.35,3,14,Annual,Yes
CUST-11854,Enterprise,1009.87,16,15562.93,5,36,Monthly,No
CUST-11855,Enterprise,976.96,20,19190.69,5,4,Monthly,Yes
CUST-11856,Starter,45.27,46,1990.22,1,15,Monthly,No
CUST-11857,Professional,123.19,37,4428.64,3,25,Two-Year,Yes
CUST-11858,Starter,30.38,13,359.07,4,31,Annual,No
CUST-11859,Professional,105.71,21,2040.03,5,19,Annual,No
CUST-11860,Enterprise,1196.11,32,37441.81,0,20,Monthly,No
CUST-11861,Professional,100.6,27,2480.3,1,8,Annual,No
CUST-11862,Starter,46.96,17,824.41,1,1,Monthly,No
CUST-11863,Professional,127.74,11,1344.12,1,3,Monthly,Yes
CUST-11864,Starter,48.7,8,402.97,3,36,Annual,No
CUST-11865,Professional,124.85,47,5528.01,0,36,Monthly,No
CUST-11866,Starter,34.81,2,73.05,3,33,Two-Year,No
CUST-11867,Starter,39.19,41,1476.58,3,7,Monthly,No
CUST-11868,Enterprise,536.3,35,17442.31,2,18,Monthly,No
CUST-11869,Professional,122.69,28,3444.67,4,17,Annual,Yes
CUST-11870,Professional,117.78,9,960.58,4,32,Monthly,Yes
CUST-11871,Professional,133.73,13,1750.74,1,31,Monthly,No
CUST-11872,Enterprise,979.47,21,19739.52,7,8,Annual,No
CUST-11873,Enterprise,659.54,47,31013.59,3,27,Monthly,No
CUST-11874,Professional,110.84,38,3985.71,2,8,Monthly,No
CUST-11875,Starter,31.78,14,409.26,2,17,Annual,No
CUST-11876,Starter,40.54,27,1006.99,5,26,Annual,Yes
CUST-11877,Enterprise,578.25,35,19136.15,3,23,Annual,Yes
CUST-11878,Professional,100.28,30,2816.64,3,11,Annual,Yes
CUST-11879,Starter,40.5,43,1569.47,6,7,Annual,Yes
CUST-11880,Professional,104.92,43,4518.17,5,38,Monthly,No
CUST-11881,Starter,40.85,14,546.7,4,31,Monthly,No
CUST-11882,Starter,37.61,36,1334.91,1,19,Monthly,No
CUST-11883,Starter,37.81,46,1625.68,2,1,Monthly,No
CUST-11884,Starter,29.99,37,1100.3,4,20,Monthly,No
CUST-11885,Starter,36.75,38,1412.61,2,36,Annual,No
CUST-11886,Professional,141.49,29,4218.49,2,23,Two-Year,No
CUST-11887,Professional,114.91,38,4547.74,3,11,Monthly,No
CUST-11888,Professional,139.27,46,6343.89,6,31,Annual,No
CUST-11889,Starter,36.15,38,1312.08,1,32,Monthly,No
CUST-11890,Starter,48.37,17,844.78,3,31,Monthly,Yes
CUST-11891,Starter,39.71,41,1597.97,2,34,Annual,No
CUST-11892,Professional,147.52,18,2519.24,1,9,Monthly,No
CUST-11893,Professional,109.96,9,1024.81,1,32,Monthly,No
CUST-11894,Starter,34.15,32,987.05,2,8,Monthly,No
CUST-11895,Professional,142.25,26,3633.07,1,7,Monthly,No
CUST-11896,Starter,38.53,20,736.6,2,19,Annual,No
CUST-11897,Enterprise,844.04,27,22679.79,1,12,Annual,No
CUST-11898,Starter,39.58,27,1069.37,4,39,Annual,No
CUST-11899,Starter,35.31,10,334.68,0,35,Annual,No
CUST-11900,Enterprise,724.24,37,27149.71,4,23,Monthly,No
CUST-11901,Professional,129.43,42,5346.19,3,18,Annual,No
CUST-11902,Professional,101.93,33,3513.78,5,15,Annual,Yes
CUST-11903,Professional,133.0,37,4906.15,2,13,Monthly,No
CUST-11904,Starter,44.88,11,449.55,1,29,Annual,No
CUST-11905,Professional,138.47,15,2084.71,1,8,Monthly,No
CUST-11906,Professional,131.85,35,4363.65,1,26,Monthly,No
CUST-11907,Starter,29.96,36,1105.04,4,2,Monthly,No
CUST-11908,Starter,30.61,19,604.42,4,10,Annual,No
CUST-11909,Professional,108.62,44,4677.37,1,35,Monthly,No
CUST-11910,Professional,111.67,3,307.31,3,30,Annual,Yes
CUST-11911,Starter,47.23,7,345.55,7,13,Two-Year,No
CUST-11912,Starter,39.01,12,490.68,1,6,Monthly,Yes
CUST-11913,Starter,36.87,44,1587.08,3,29,Monthly,No
CUST-11914,Starter,34.03,38,1347.77,1,38,Monthly,No
CUST-11915,Enterprise,680.22,38,26110.9,0,21,Annual,No
CUST-11916,Starter,48.09,29,1354.09,4,27,Monthly,No
CUST-11917,Professional,116.37,41,4558.44,2,32,Monthly,No
CUST-11918,Professional,127.54,24,3021.2,1,13,Monthly,No
CUST-11919,Professional,109.89,47,4777.82,2,4,Monthly,Yes
CUST-11920,Professional,145.72,17,2525.39,1,22,Two-Year,Yes
CUST-11921,Starter,39.18,45,1640.28,2,16,Annual,No
CUST-11922,Starter,36.21,2,72.73,1,26,Annual,No
CUST-11923,Starter,30.51,17,543.42,6,31,Annual,Yes
CUST-11924,Professional,111.83,22,2407.85,2,37,Annual,No
CUST-11925,Enterprise,517.89,29,14509.46,1,10,Annual,No
CUST-11926,Starter,31.28,3,84.98,3,26,Monthly,No
CUST-11927,Starter,39.01,13,475.01,1,4,Monthly,No
CUST-11928,Enterprise,511.34,43,20867.08,2,28,Annual,No
CUST-11929,Starter,32.75,39,1185.28,4,33,Annual,No
CUST-11930,Professional,102.5,38,3724.68,4,31,Monthly,Yes
CUST-11931,Starter,39.2,35,1383.65,2,36,Monthly,No
CUST-11932,Professional,110.99,20,2042.48,1,34,Annual,No
CUST-11933,Starter,34.13,5,155.22,2,27,Monthly,No
CUST-11934,Professional,118.74,2,214.94,1,32,Monthly,No
CUST-11935,Professional,99.95,25,2436.0,2,18,Two-Year,No
CUST-11936,Starter,40.74,9,377.74,3,12,Monthly,No
CUST-11937,Starter,43.95,19,811.61,3,13,Annual,No
CUST-11938,Professional,143.36,47,6528.95,3,28,Two-Year,No
CUST-11939,Enterprise,1180.28,38,45212.28,7,4,Annual,Yes
CUST-11940,Enterprise,538.22,5,2448.13,3,39,Monthly,No
CUST-11941,Enterprise,1145.87,10,10987.13,1,14,Annual,No
CUST-11942,Starter,30.31,15,457.04,1,1,Monthly,No
CUST-11943,Professional,146.69,30,4442.85,4,21,Monthly,Yes
CUST-11944,Professional,103.79,34,3607.46,6,21,Annual,Yes
CUST-11945,Starter,37.77,1,34.18,1,26,Monthly,No
CUST-11946,Professional,101.89,44,4666.13,5,10,Monthly,No
CUST-11947,Professional,103.33,22,2230.06,2,23,Monthly,Yes
CUST-11948,Starter,43.17,46,1965.75,5,26,Monthly,Yes
CUST-11949,Professional,111.17,26,2985.15,4,27,Monthly,No
CUST-11950,Starter,45.77,16,760.21,2,30,Monthly,No
CUST-11951,Starter,44.39,41,1651.08,8,7,Monthly,No
CUST-11952,Professional,146.22,34,4542.02,1,24,Annual,No
CUST-11953,Professional,143.53,5,646.12,1,5,Monthly,No
CUST-11954,Professional,132.36,6,749.8,7,2,Annual,Yes
CUST-11955,Professional,127.17,11,1343.84,2,21,Monthly,No
CUST-11956,Starter,42.16,27,1040.16,2,25,Monthly,No
CUST-11957,Starter,43.51,32,1271.53,0,37,Monthly,No
CUST-11958,Starter,34.81,10,329.32,3,3,Monthly,No
CUST-11959,Professional,101.11,5,519.04,3,16,Annual,No
CUST-11960,Professional,113.08,22,2432.29,0,36,Annual,No
CUST-11961,Starter,35.27,22,752.92,4,15,Two-Year,No
CUST-11962,Starter,38.35,5,187.83,0,16,Monthly,No
CUST-11963,Starter,46.64,2,97.47,1,38,Monthly,No
CUST-11964,Professional,122.39,7,889.79,0,12,Annual,No
CUST-11965,Professional,129.25,6,729.56,2,29,Monthly,No
CUST-11966,Professional,132.83,33,4460.88,4,23,Two-Year,No
CUST-11967,Enterprise,882.87,23,18590.59,3,8,Monthly,No
CUST-11968,Enterprise,633.79,35,21430.8,0,36,Annual,No
CUST-11969,Starter,29.66,7,202.77,1,12,Annual,No
CUST-11970,Professional,133.9,43,5438.73,0,7,Monthly,No
CUST-11971,Enterprise,550.16,3,1655.21,1,26,Monthly,No
CUST-11972,Starter,43.09,40,1616.87,4,22,Annual,Yes
CUST-11973,Starter,31.35,22,638.35,3,3,Annual,No
CUST-11974,Professional,138.84,47,6409.75,1,10,Monthly,No
CUST-11975,Starter,31.17,13,420.57,2,16,Monthly,No
CUST-11976,Enterprise,1092.08,9,9832.15,4,14,Monthly,No
CUST-11977,Starter,29.39,47,1282.97,0,19,Annual,No
CUST-11978,Starter,30.28,36,1056.05,3,1,Monthly,No
CUST-11979,Professional,105.06,23,2180.47,2,36,Monthly,No
CUST-11980,Starter,46.49,39,1718.37,3,38,Annual,No
CUST-11981,Enterprise,529.58,24,12688.98,1,36,Annual,No
CUST-11982,Starter,31.44,7,210.46,0,22,Annual,No
CUST-11983,Professional,99.67,45,4386.82,7,23,Two-Year,Yes
CUST-11984,Professional,134.55,20,2806.09,4,36,Two-Year,Yes
CUST-11985,Starter,34.05,23,774.59,1,11,Monthly,No
CUST-11986,Starter,29.31,19,531.76,4,27,Monthly,No
CUST-11987,Enterprise,851.74,14,12399.3,3,33,Monthly,Yes
CUST-11988,Starter,44.92,11,482.99,2,1,Monthly,No
CUST-11989,Enterprise,694.42,20,14451.71,5,25,Monthly,Yes
CUST-11990,Starter,33.93,6,196.03,1,16,Annual,Yes
CUST-11991,Starter,30.06,36,1106.13,3,26,Two-Year,No
CUST-11992,Professional,145.14,10,1439.14,2,16,Annual,No
CUST-11993,Professional,140.76,24,3073.9,1,18,Annual,No
CUST-11994,Professional,131.45,11,1399.71,1,19,Monthly,No
CUST-11995,Starter,48.34,39,1737.57,0,24,Annual,No
CUST-11996,Starter,41.33,47,2002.74,5,17,Monthly,Yes
CUST-11997,Starter,46.65,24,1156.43,1,38,Two-Year,No
CUST-11998,Professional,113.74,29,3315.87,1,24,Monthly,No
CUST-11999,Professional,114.08,9,1020.25,4,15,Two-Year,Yes
CUST-12000,Starter,29.68,18,481.19,3,10,Monthly,No
CUST-12001,Professional,132.45,24,3136.29,2,33,Annual,No
CUST-12002,Professional,136.86,1,124.66,4,13,Monthly,Yes
CUST-12003,Professional,117.57,27,3044.83,2,17,Monthly,No
CUST-12004,Professional,102.02,4,407.35,5,18,Two-Year,Yes
CUST-12005,Starter,32.32,6,175.62,1,37,Monthly,No
CUST-12006,Professional,135.46,10,1411.79,3,28,Monthly,No
CUST-12007,Starter,43.61,24,1023.43,1,15,Annual,No
CUST-12008,Enterprise,660.92,30,20209.53,3,10,Monthly,Yes
CUST-12009,Professional,148.22,27,4179.62,1,27,Monthly,No
CUST-12010,Professional,140.85,30,3807.12,3,12,Monthly,No
CUST-12011,Starter,47.25,37,1712.08,1,17,Annual,No
CUST-12012,Starter,43.36,1,41.83,2,34,Monthly,Yes
CUST-12013,Professional,140.96,38,5226.49,2,38,Two-Year,No
CUST-12014,Enterprise,1069.61,27,29159.74,5,14,Monthly,No
CUST-12015,Starter,42.4,13,529.59,3,27,Monthly,No
CUST-12016,Starter,35.75,20,646.17,2,32,Annual,No
CUST-12017,Professional,113.98,20,2237.12,1,26,Annual,No
CUST-12018,Professional,116.5,3,324.0,1,24,Annual,No
CUST-12019,Starter,36.85,44,1514.78,2,21,Annual,No
CUST-12020,Professional,134.9,29,3849.98,3,2,Monthly,No
CUST-12021,Starter,37.53,24,912.12,4,35,Two-Year,No
CUST-12022,Starter,38.21,40,1532.45,2,38,Two-Year,No
CUST-12023,Starter,37.27,5,190.18,1,15,Monthly,No
CUST-12024,Enterprise,639.66,33,19104.51,4,15,Monthly,No
CUST-12025,Starter,45.63,30,1385.19,2,37,Annual,No
CUST-12026,Starter,29.56,25,740.8,0,9,Monthly,No
CUST-12027,Professional,115.78,34,3623.41,1,26,Annual,No
CUST-12028,Enterprise,582.17,45,26534.58,7,16,Annual,Yes
CUST-12029,Professional,137.91,40,5716.93,3,17,Two-Year,No
CUST-12030,Professional,110.67,5,503.83,3,35,Monthly,No
CUST-12031,Professional,111.82,37,3906.75,3,28,Monthly,No
CUST-12032,Enterprise,799.54,42,30718.47,1,34,Two-Year,No
CUST-12033,Professional,119.91,18,2104.11,1,33,Monthly,No
CUST-12034,Professional,123.86,27,3073.21,3,34,Annual,No
CUST-12035,Enterprise,903.55,15,14194.67,3,19,Monthly,No
CUST-12036,Professional,105.47,18,1928.5,2,3,Monthly,No
CUST-12037,Enterprise,500.44,14,6664.88,1,5,Monthly,No
CUST-12038,Starter,38.38,20,798.36,1,12,Annual,Yes
CUST-12039,Professional,128.33,8,948.5,3,27,Two-Year,Yes
CUST-12040,Starter,43.34,36,1430.72,0,30,Annual,No
CUST-12041,Starter,29.7,34,942.44,3,31,Monthly,No
CUST-12042,Starter,41.92,1,41.84,5,35,Monthly,Yes
CUST-12043,Starter,38.98,28,993.85,2,23,Two-Year,Yes
CUST-12044,Professional,143.31,21,3003.3,0,12,Monthly,No
CUST-12045,Enterprise,907.11,11,9412.27,2,23,Annual,No
CUST-12046,Professional,134.12,1,127.16,2,27,Annual,No
CUST-12047,Professional,118.43,46,5036.51,0,11,Monthly,No
CUST-12048,Starter,48.07,42,2103.46,1,16,Monthly,No
CUST-12049,Starter,31.11,14,428.84,1,28,Monthly,No
CUST-12050,Starter,46.68,35,1681.51,0,34,Monthly,No
CUST-12051,Starter,33.54,35,1084.29,5,25,Monthly,No
CUST-12052,Enterprise,548.47,40,21893.24,3,2,Annual,No
CUST-12053,Starter,39.8,12,441.12,3,17,Monthly,No
CUST-12054,Enterprise,1006.53,39,39888.07,1,32,Monthly,No
CUST-12055,Professional,128.22,19,2294.75,3,12,Annual,No
CUST-12056,Professional,101.96,17,1749.47,4,32,Monthly,No
CUST-12057,Professional,124.97,9,1029.55,2,22,Monthly,No
CUST-12058,Professional,132.65,15,1955.58,4,35,Monthly,No
CUST-12059,Starter,36.75,24,856.56,4,25,Monthly,Yes
CUST-12060,Starter,39.44,29,1175.85,1,22,Annual,No
CUST-12061,Starter,43.2,26,1152.95,2,6,Monthly,Yes
CUST-12062,Professional,128.66,44,5910.02,2,11,Monthly,No
CUST-12063,Professional,104.06,43,4346.18,2,26,Annual,No
CUST-12064,Professional,126.68,28,3571.73,2,20,Monthly,No
CUST-12065,Starter,36.37,39,1405.19,3,38,Annual,No
CUST-12066,Professional,116.58,15,1618.43,3,23,Monthly,Yes
CUST-12067,Professional,128.67,14,1864.91,1,10,Monthly,No
CUST-12068,Enterprise,733.9,30,21561.8,1,2,Monthly,No
CUST-12069,Starter,32.5,8,236.63,2,19,Annual,No
CUST-12070,Enterprise,530.6,14,6691.47,3,18,Monthly,Yes
CUST-12071,Professional,128.67,47,5941.22,0,9,Annual,No
CUST-12072,Starter,48.48,39,1860.71,0,23,Annual,No
CUST-12073,Starter,46.91,35,1714.67,4,2,Monthly,No
CUST-12074,Starter,33.49,25,770.76,3,26,Annual,No
CUST-12075,Professional,130.95,11,1378.26,2,3,Annual,No
CUST-12076,Professional,110.32,47,4672.17,2,39,Monthly,No
CUST-12077,Starter,44.14,31,1404.36,2,16,Annual,No
CUST-12078,Professional,117.77,27,3154.57,0,26,Monthly,No
CUST-12079,Starter,34.03,2,63.13,3,6,Annual,No
CUST-12080,Starter,30.52,5,149.34,0,16,Monthly,No
CUST-12081,Starter,46.17,36,1707.96,3,9,Monthly,No
CUST-12082,Starter,32.8,37,1196.66,0,21,Monthly,No
CUST-12083,Starter,43.11,15,670.86,5,20,Monthly,No
CUST-12084,Starter,32.61,32,1018.63,5,19,Monthly,No
CUST-12085,Enterprise,541.49,40,22407.94,2,15,Monthly,No
CUST-12086,Professional,122.92,12,1416.02,1,37,Monthly,No
CUST-12087,Starter,42.66,37,1423.01,3,23,Annual,No
CUST-12088,Enterprise,889.87,22,19491.16,1,28,Annual,No
CUST-12089,Professional,101.34,44,4531.25,2,4,Monthly,No
CUST-12090,Professional,135.35,3,386.26,1,13,Monthly,Yes
CUST-12091,Starter,32.32,35,1160.07,3,14,Monthly,Yes
CUST-12092,Starter,48.13,1,46.49,2,38,Monthly,No
CUST-12093,Starter,33.49,43,1338.85,2,2,Monthly,Yes
CUST-12094,Professional,129.44,15,1969.87,0,8,Monthly,No
CUST-12095,Professional,145.35,9,1334.08,7,14,Annual,Yes
CUST-12096,Professional,111.53,24,2612.27,3,10,Two-Year,No
CUST-12097,Professional,114.34,42,4441.32,0,6,Monthly,No
CUST-12098,Starter,36.91,35,1347.31,2,31,Monthly,No
CUST-12099,Enterprise,761.59,14,10847.71,3,33,Monthly,No
CUST-12100,Starter,47.32,29,1320.3,3,24,Monthly,No
CUST-12101,Starter,44.62,17,716.28,1,5,Two-Year,No
CUST-12102,Professional,122.34,39,4618.77,2,15,Monthly,Yes
CUST-12103,Starter,47.76,6,294.8,1,20,Annual,No
CUST-12104,Starter,40.95,6,227.33,1,33,Monthly,Yes
CUST-12105,Starter,31.69,40,1276.53,1,15,Monthly,No
CUST-12106,Starter,39.99,45,1798.06,7,14,Monthly,No
CUST-12107,Starter,41.23,40,1519.8,4,21,Monthly,No
CUST-12108,Professional,106.76,16,1791.55,2,10,Monthly,Yes
CUST-12109,Professional,124.68,32,3871.68,0,38,Annual,No
CUST-12110,Professional,107.01,27,2781.57,1,23,Monthly,No
CUST-12111,Professional,147.62,1,147.08,1,28,Monthly,No
CUST-12112,Professional,136.78,21,2736.27,1,32,Annual,No
CUST-12113,Professional,147.04,12,1640.11,6,7,Annual,Yes
CUST-12114,Starter,40.89,47,2005.67,4,8,Annual,Yes
CUST-12115,Professional,123.65,2,257.39,4,9,Monthly,No
CUST-12116,Starter,40.01,1,41.23,1,26,Monthly,No
CUST-12117,Professional,128.06,24,2770.35,1,5,Monthly,No
CUST-12118,Professional,106.22,44,4422.27,3,5,Annual,No
CUST-12119,Professional,139.08,39,5033.56,3,31,Annual,No
CUST-12120,Starter,32.65,3,102.83,2,2,Annual,No
CUST-12121,Professional,130.58,33,4457.59,4,18,Annual,No
CUST-12122,Starter,34.29,42,1472.68,3,6,Annual,Yes
CUST-12123,Starter,44.81,5,207.18,4,15,Monthly,No
CUST-12124,Starter,34.28,20,686.52,2,25,Annual,No
CUST-12125,Starter,42.4,28,1097.51,2,27,Annual,Yes
CUST-12126,Professional,124.88,26,3190.64,3,34,Annual,No
CUST-12127,Professional,103.17,30,2983.83,6,24,Annual,No
CUST-12128,Starter,31.45,45,1355.66,1,7,Monthly,No
CUST-12129,Professional,144.17,28,4154.48,1,6,Annual,No
CUST-12130,Professional,116.44,35,4225.31,2,29,Monthly,No
CUST-12131,Professional,142.95,9,1176.51,1,14,Monthly,No
CUST-12132,Starter,38.46,7,261.89,4,20,Annual,Yes
CUST-12133,Starter,38.4,10,388.66,5,33,Annual,No
CUST-12134,Starter,39.13,1,36.14,3,26,Monthly,No
CUST-12135,Professional,122.85,14,1612.88,1,30,Annual,No
CUST-12136,Professional,128.18,22,2908.82,2,26,Annual,No
CUST-12137,Professional,131.14,41,5070.74,1,32,Two-Year,No
CUST-12138,Professional,136.33,43,5320.28,3,21,Monthly,No
CUST-12139,Enterprise,942.62,14,13674.46,3,9,Annual,No
CUST-12140,Starter,40.65,12,469.47,5,2,Monthly,No
CUST-12141,Professional,138.12,34,4839.81,1,22,Monthly,No
CUST-12142,Starter,42.05,15,575.84,4,7,Annual,Yes
CUST-12143,Starter,44.55,46,2123.87,4,1,Annual,No
CUST-12144,Starter,35.89,31,1105.99,4,15,Annual,No
CUST-12145,Professional,128.94,16,2160.45,1,8,Annual,No
CUST-12146,Professional,146.44,41,5952.01,1,18,Annual,No
CUST-12147,Professional,127.97,43,5641.84,2,24,Monthly,No
CUST-12148,Professional,121.13,15,1718.91,5,3,Annual,Yes
CUST-12149,Enterprise,785.49,2,1538.7,4,10,Annual,No
CUST-12150,Starter,35.71,44,1537.09,2,25,Monthly,No
CUST-12151,Enterprise,520.59,18,8832.17,3,37,Monthly,No
CUST-12152,Starter,36.49,34,1160.29,1,29,Monthly,No
CUST-12153,Starter,32.81,15,499.17,3,8,Annual,No
CUST-12154,Enterprise,1135.76,1,1087.76,1,14,Monthly,No
CUST-12155,Professional,134.44,25,3445.37,2,15,Monthly,No
CUST-12156,Professional,146.28,25,3828.89,3,18,Annual,No
CUST-12157,Starter,29.45,40,1222.06,2,6,Annual,No
CUST-12158,Starter,36.2,23,785.44,5,36,Monthly,No
CUST-12159,Starter,41.58,12,476.33,1,16,Annual,No
CUST-12160,Starter,36.35,24,785.55,3,15,Monthly,Yes
CUST-12161,Starter,44.72,11,444.97,4,29,Two-Year,Yes
CUST-12162,Professional,126.47,2,265.31,3,27,Monthly,No
CUST-12163,Starter,36.36,28,1042.84,4,22,Annual,No
CUST-12164,Starter,47.19,14,637.35,1,7,Annual,No
CUST-12165,Professional,129.14,5,645.24,3,33,Monthly,Yes
CUST-12166,Professional,132.22,33,4502.22,1,24,Monthly,No
CUST-12167,Professional,99.88,47,4244.15,2,11,Monthly,No
CUST-12168,Starter,48.4,20,919.22,2,29,Monthly,No
CUST-12169,Professional,145.09,19,2528.2,3,12,Two-Year,No
CUST-12170,Professional,115.92,21,2199.85,4,23,Monthly,No
CUST-12171,Enterprise,680.72,42,26343.62,2,35,Monthly,No
CUST-12172,Professional,140.85,19,2547.41,2,8,Monthly,No
CUST-12173,Professional,113.28,18,2033.98,4,1,Monthly,Yes
CUST-12174,Professional,146.58,31,4238.9,4,3,Annual,No
CUST-12175,Starter,46.54,26,1237.86,3,36,Monthly,No
CUST-12176,Professional,146.23,5,762.42,2,5,Monthly,No
CUST-12177,Starter,45.54,38,1561.22,2,2,Monthly,No
CUST-12178,Professional,105.79,28,2949.1,2,21,Annual,Yes
CUST-12179,Starter,31.11,47,1322.7,3,20,Monthly,No
CUST-12180,Starter,40.69,31,1295.96,0,34,Annual,No
CUST-12181,Starter,34.43,8,274.16,3,23,Two-Year,No
CUST-12182,Professional,135.01,17,2260.33,3,36,Monthly,No
CUST-12183,Professional,102.6,5,499.75,1,7,Annual,No
CUST-12184,Starter,32.6,33,1101.88,1,4,Monthly,No
CUST-12185,Professional,133.26,16,1948.52,5,37,Monthly,No
CUST-12186,Enterprise,1007.98,10,10501.66,7,33,Annual,Yes
CUST-12187,Professional,129.76,12,1510.6,3,32,Monthly,No
CUST-12188,Enterprise,502.89,14,7160.52,3,1,Monthly,No
CUST-12189,Professional,145.42,44,6044.8,6,25,Monthly,No
CUST-12190,Professional,112.81,27,2819.5,3,21,Annual,No
CUST-12191,Starter,29.36,25,665.41,1,18,Monthly,No
CUST-12192,Professional,142.76,18,2577.63,1,34,Two-Year,No
CUST-12193,Professional,131.06,37,4400.69,2,7,Monthly,No
CUST-12194,Professional,103.03,35,3408.33,3,1,Monthly,No
CUST-12195,Starter,32.87,4,133.2,6,14,Annual,Yes
CUST-12196,Enterprise,1084.89,41,44009.98,1,10,Annual,No
CUST-12197,Professional,146.66,32,4514.42,1,16,Annual,No
CUST-12198,Enterprise,712.71,2,1379.16,7,38,Annual,Yes
CUST-12199,Professional,121.17,36,4154.51,2,33,Monthly,No
CUST-12200,Enterprise,675.52,35,22583.08,5,26,Monthly,No
CUST-12201,Starter,43.28,31,1332.96,3,9,Monthly,No
CUST-12202,Professional,145.4,8,1166.34,1,7,Monthly,No
CUST-12203,Professional,103.18,21,2056.5,0,37,Annual,No
CUST-12204,Starter,45.26,14,575.42,6,5,Monthly,Yes
CUST-12205,Starter,37.52,30,1118.64,3,38,Two-Year,No
CUST-12206,Professional,101.17,32,2933.53,2,32,Monthly,Yes
CUST-12207,Enterprise,687.36,44,28839.71,4,11,Annual,No
CUST-12208,Professional,141.79,26,3627.09,1,31,Monthly,No
CUST-12209,Professional,125.26,8,915.28,1,22,Monthly,No
CUST-12210,Enterprise,525.55,29,13831.48,2,13,Two-Year,No
CUST-12211,Starter,32.07,15,475.08,3,7,Monthly,No
CUST-12212,Starter,40.31,9,361.8,5,19,Monthly,Yes
CUST-12213,Starter,42.82,5,199.03,3,1,Two-Year,No
CUST-12214,Professional,131.72,27,3697.56,1,17,Monthly,No
CUST-12215,Professional,124.4,7,892.15,1,19,Two-Year,No
CUST-12216,Professional,138.35,31,4063.11,3,7,Monthly,No
CUST-12217,Starter,48.24,30,1403.06,2,34,Monthly,No
CUST-12218,Professional,126.48,13,1564.36,4,32,Monthly,No
CUST-12219,Starter,34.47,13,451.99,2,17,Annual,No
CUST-12220,Professional,134.39,37,4603.43,1,34,Monthly,No
CUST-12221,Enterprise,807.01,30,25085.17,2,31,Monthly,No
CUST-12222,Starter,45.31,3,129.68,1,36,Two-Year,No
CUST-12223,Starter,31.86,32,1017.7,3,27,Monthly,No
CUST-12224,Professional,101.65,47,4318.97,2,23,Annual,No
CUST-12225,Professional,137.71,36,4836.0,3,36,Monthly,No
CUST-12226,Starter,39.44,20,715.85,4,25,Two-Year,No
CUST-12227,Professional,137.15,18,2549.19,1,9,Monthly,No
CUST-12228,Professional,101.35,20,1843.79,1,29,Annual,No
CUST-12229,Enterprise,825.12,6,5061.95,3,2,Annual,No
CUST-12230,Professional,104.76,20,1905.19,4,16,Annual,No
CUST-12231,Starter,46.17,33,1476.49,2,15,Annual,No
CUST-12232,Professional,143.14,45,6017.71,1,22,Monthly,No
CUST-12233,Starter,47.73,19,942.85,2,27,Annual,No
CUST-12234,Professional,116.38,17,2068.38,5,14,Monthly,No
CUST-12235,Starter,36.85,43,1626.58,4,32,Monthly,No
CUST-12236,Starter,47.68,13,606.5,1,28,Two-Year,No
CUST-12237,Professional,110.87,14,1515.34,3,1,Annual,No
CUST-12238,Professional,114.08,45,5374.89,1,19,Monthly,No
CUST-12239,Professional,126.33,46,5586.56,1,34,Monthly,Yes
CUST-12240,Starter,38.86,20,775.29,2,10,Two-Year,No
CUST-12241,Professional,107.87,25,2436.19,2,26,Monthly,No
CUST-12242,Starter,47.44,36,1782.63,0,26,Monthly,No
CUST-12243,Enterprise,746.1,34,23884.43,3,36,Annual,No
CUST-12244,Professional,146.32,30,4044.95,1,30,Monthly,No
CUST-12245,Starter,45.26,11,473.89,3,28,Two-Year,No
CUST-12246,Professional,129.73,31,3900.84,2,34,Monthly,No
CUST-12247,Enterprise,821.36,24,19677.77,2,12,Annual,No
CUST-12248,Enterprise,1195.22,22,26773.76,2,39,Two-Year,No
CUST-12249,Starter,37.95,15,590.02,1,31,Monthly,Yes
CUST-12250,Enterprise,794.36,24,17509.32,3,27,Monthly,Yes
CUST-12251,Starter,45.86,7,324.48,2,5,Monthly,No
CUST-12252,Starter,48.55,30,1473.64,3,3,Monthly,No
CUST-12253,Starter,41.27,42,1688.21,2,1,Monthly,No
CUST-12254,Starter,30.26,30,842.16,1,31,Two-Year,No
CUST-12255,Starter,48.25,15,722.71,1,28,Monthly,No
CUST-12256,Enterprise,677.8,1,631.53,4,1,Monthly,Yes
CUST-12257,Starter,32.67,10,323.02,2,10,Monthly,No
CUST-12258,Starter,29.61,19,560.44,2,15,Annual,No
CUST-12259,Enterprise,1119.51,19,19978.93,3,16,Annual,No
CUST-12260,Starter,29.18,7,212.42,4,12,Annual,No
CUST-12261,Starter,39.18,41,1662.12,0,6,Annual,No
CUST-12262,Starter,35.07,4,133.35,2,2,Monthly,No
CUST-12263,Starter,38.33,30,1126.14,5,6,Annual,No
CUST-12264,Professional,116.42,32,3845.19,1,28,Two-Year,No
CUST-12265,Professional,124.19,25,3246.34,3,31,Monthly,Yes
CUST-12266,Starter,39.07,7,263.85,1,23,Annual,No
CUST-12267,Starter,48.86,6,282.75,5,8,Monthly,Yes
CUST-12268,Enterprise,1023.5,16,16967.16,2,20,Annual,No
CUST-12269,Starter,30.39,34,1044.69,5,8,Monthly,Yes
CUST-12270,Professional,106.67,37,3854.74,1,1,Annual,No
CUST-12271,Enterprise,982.39,22,20269.52,3,30,Annual,No
CUST-12272,Starter,44.16,26,1182.05,4,14,Monthly,No
CUST-12273,Starter,36.8,11,377.76,4,14,Annual,No
CUST-12274,Professional,115.39,7,811.67,6,30,Monthly,Yes
CUST-12275,Professional,108.08,9,878.56,1,39,Annual,No
CUST-12276,Professional,145.37,36,5175.09,1,3,Monthly,No
CUST-12277,Starter,44.77,47,2015.99,1,30,Monthly,No
CUST-12278,Professional,107.29,26,2900.74,7,19,Annual,No
CUST-12279,Starter,46.32,23,982.99,2,22,Annual,No
CUST-12280,Professional,100.23,47,4792.73,2,11,Annual,No
CUST-12281,Professional,146.23,20,3026.52,2,38,Monthly,No
CUST-12282,Starter,46.71,38,1779.79,2,20,Two-Year,Yes
CUST-12283,Enterprise,1064.94,5,4845.35,0,12,Annual,No
CUST-12284,Starter,42.14,10,395.19,4,1,Annual,No
CUST-12285,Professional,102.36,21,2012.86,1,30,Monthly,No
CUST-12286,Enterprise,869.92,34,29153.38,2,28,Monthly,No
CUST-12287,Professional,131.97,20,2688.61,3,20,Annual,Yes
CUST-12288,Starter,36.93,40,1390.93,1,31,Annual,No
CUST-12289,Professional,148.34,22,3061.34,3,4,Monthly,No
CUST-12290,Professional,137.26,16,2153.06,2,9,Annual,No
CUST-12291,Starter,35.49,30,1083.87,1,13,Annual,No
CUST-12292,Professional,109.26,20,2054.55,3,35,Two-Year,No
CUST-12293,Starter,39.84,29,1055.47,4,1,Two-Year,No
CUST-12294,Professional,146.92,20,2900.42,4,19,Monthly,Yes
CUST-12295,Starter,40.68,38,1458.62,1,17,Annual,No
CUST-12296,Starter,39.68,19,784.11,1,24,Annual,No
CUST-12297,Starter,29.66,13,389.83,2,16,Two-Year,No
CUST-12298,Professional,123.42,15,1923.95,1,1,Monthly,No
CUST-12299,Professional,107.16,14,1496.13,2,16,Monthly,No
CUST-12300,Enterprise,1084.61,23,23027.2,4,20,Annual,Yes
CUST-12301,Starter,40.77,43,1726.39,6,26,Monthly,No
CUST-12302,Starter,30.68,37,1056.1,2,28,Monthly,No
CUST-12303,Professional,129.47,8,943.87,2,11,Monthly,No
CUST-12304,Starter,46.34,9,409.81,3,30,Monthly,No
CUST-12305,Starter,31.48,5,143.26,0,15,Monthly,No
CUST-12306,Professional,138.14,39,5087.99,5,24,Two-Year,No
CUST-12307,Professional,147.86,16,2282.85,7,20,Monthly,Yes
CUST-12308,Starter,48.59,4,192.12,3,29,Annual,No
CUST-12309,Professional,137.04,46,6051.9,2,22,Annual,No
CUST-12310,Starter,47.14,29,1379.32,4,13,Annual,No
CUST-12311,Professional,108.67,29,3074.96,2,21,Annual,No
CUST-12312,Professional,132.62,22,3039.69,3,20,Monthly,No
CUST-12313,Professional,120.34,23,2565.5,0,8,Annual,No
CUST-12314,Starter,29.28,36,1062.31,4,18,Monthly,No
CUST-12315,Starter,40.61,17,723.53,5,13,Monthly,No
CUST-12316,Professional,102.81,36,3622.34,3,23,Annual,No
CUST-12317,Professional,108.96,6,612.44,0,13,Monthly,No
CUST-12318,Starter,30.14,41,1207.67,3,39,Monthly,Yes
CUST-12319,Starter,47.19,14,680.69,3,25,Annual,No
CUST-12320,Professional,129.65,38,4595.96,4,30,Annual,Yes
CUST-12321,Starter,41.3,45,1723.49,4,28,Monthly,No
CUST-12322,Starter,42.01,7,273.79,2,24,Monthly,No
CUST-12323,Starter,29.34,44,1189.21,2,4,Annual,Yes
CUST-12324,Professional,124.17,23,2971.69,3,21,Annual,Yes
CUST-12325,Enterprise,1099.37,43,43898.7,2,27,Annual,No
CUST-12326,Professional,133.09,32,4175.43,2,5,Two-Year,Yes
CUST-12327,Professional,102.25,26,2645.95,1,34,Annual,No
CUST-12328,Professional,122.31,45,5484.18,1,32,Annual,No
CUST-12329,Enterprise,736.9,5,3813.59,2,23,Monthly,No
CUST-12330,Starter,38.13,39,1548.24,3,10,Monthly,No
CUST-12331,Professional,135.8,11,1518.53,5,16,Monthly,No
CUST-12332,Professional,140.39,3,382.57,3,26,Monthly,No
CUST-12333,Starter,43.74,40,1761.12,3,22,Monthly,No
CUST-12334,Enterprise,880.43,13,11440.32,5,28,Monthly,Yes
CUST-12335,Starter,37.75,25,952.44,3,23,Monthly,No
CUST-12336,Professional,118.3,44,4836.86,2,30,Two-Year,No
CUST-12337,Starter,36.05,19,627.64,1,27,Annual,No
CUST-12338,Enterprise,1019.51,34,33452.35,3,17,Two-Year,Yes
CUST-12339,Enterprise,705.9,11,8131.86,2,36,Monthly,No
CUST-12340,Starter,36.85,43,1481.78,2,33,Annual,No
CUST-12341,Professional,127.45,19,2317.0,2,28,Annual,No
CUST-12342,Professional,129.59,24,2901.91,3,11,Annual,No
CUST-12343,Starter,44.45,22,919.82,1,27,Annual,No
CUST-12344,Professional,145.38,47,6467.66,6,28,Annual,Yes
CUST-12345,Starter,36.84,46,1702.63,0,20,Annual,No
CUST-12346,Starter,42.97,20,879.64,2,16,Annual,No
CUST-12347,Professional,113.54,8,821.45,0,33,Monthly,No
CUST-12348,Starter,37.74,36,1268.2,2,32,Monthly,Yes
CUST-12349,Starter,40.38,3,115.95,1,20,Monthly,No
CUST-12350,Professional,101.51,31,3093.46,0,17,Annual,No
CUST-12351,Starter,38.31,40,1423.41,2,16,Annual,No
CUST-12352,Professional,108.9,21,2236.46,3,23,Annual,No
CUST-12353,Professional,102.6,27,2844.56,8,33,Two-Year,Yes
CUST-12354,Starter,43.54,47,2109.5,1,6,Monthly,No
CUST-12355,Professional,103.27,27,2679.23,1,28,Monthly,No
CUST-12356,Professional,148.45,28,4124.49,1,32,Annual,No
CUST-12357,Starter,45.76,32,1375.46,2,1,Annual,No
CUST-12358,Professional,147.9,34,4928.69,1,9,Monthly,No
CUST-12359,Starter,33.86,9,300.96,1,33,Two-Year,No
CUST-12360,Starter,44.33,17,736.92,1,32,Monthly,No
CUST-12361,Professional,133.65,19,2642.97,3,3,Monthly,No
CUST-12362,Starter,36.39,27,915.89,1,7,Two-Year,No
CUST-12363,Starter,43.06,47,2108.47,2,34,Monthly,No
CUST-12364,Professional,143.55,45,6619.28,3,1,Monthly,No
CUST-12365,Professional,134.37,19,2533.13,1,34,Two-Year,No
CUST-12366,Professional,138.29,18,2413.8,1,26,Annual,No
CUST-12367,Starter,36.11,21,696.02,3,18,Monthly,No
CUST-12368,Starter,46.1,32,1545.04,2,14,Annual,No
CUST-12369,Professional,148.03,13,2018.33,3,34,Annual,No
CUST-12370,Enterprise,792.29,28,22664.68,2,10,Monthly,Yes
CUST-12371,Starter,46.62,38,1775.25,5,16,Monthly,Yes
CUST-12372,Starter,39.98,13,503.84,2,21,Annual,No
CUST-12373,Enterprise,825.95,37,29816.52,3,25,Monthly,No
CUST-12374,Professional,129.13,12,1521.25,2,35,Annual,Yes
CUST-12375,Professional,119.63,9,1009.65,5,3,Monthly,Yes
CUST-12376,Enterprise,937.43,16,14692.37,2,33,Annual,No
CUST-12377,Starter,31.27,3,88.85,1,20,Monthly,No
CUST-12378,Starter,32.12,8,247.68,4,10,Monthly,No
CUST-12379,Professional,134.08,8,1010.54,1,17,Monthly,Yes
CUST-12380,Starter,41.34,47,1923.0,0,3,Monthly,No
CUST-12381,Professional,106.74,26,2906.05,3,12,Annual,No
CUST-12382,Professional,101.62,18,1865.2,3,1,Two-Year,No
CUST-12383,Professional,129.5,21,2482.75,6,15,Annual,No
CUST-12384,Enterprise,608.01,3,1647.07,2,28,Two-Year,No
CUST-12385,Starter,38.31,16,595.94,4,1,Annual,Yes
CUST-12386,Starter,33.57,7,224.04,1,21,Monthly,No
CUST-12387,Starter,36.19,23,835.68,4,15,Monthly,No
CUST-12388,Starter,32.1,47,1529.59,0,34,Monthly,No
CUST-12389,Professional,127.44,7,862.21,2,10,Monthly,No
CUST-12390,Professional,138.44,44,6189.73,1,21,Annual,No
CUST-12391,Professional,121.95,32,3734.15,2,22,Monthly,No
CUST-12392,Enterprise,912.06,41,38913.55,2,31,Monthly,No
CUST-12393,Starter,46.41,18,754.81,1,29,Annual,No
CUST-12394,Enterprise,725.59,8,5826.15,2,15,Monthly,No
CUST-12395,Starter,41.66,14,550.45,3,27,Monthly,No
CUST-12396,Starter,48.59,43,1941.47,2,17,Monthly,Yes
CUST-12397,Enterprise,662.58,1,681.25,2,25,Annual,No
CUST-12398,Enterprise,759.55,44,33239.07,2,22,Monthly,No
CUST-12399,Professional,116.81,40,4657.9,0,38,Annual,No
CUST-12400,Starter,30.31,23,629.21,1,37,Monthly,No
CUST-12401,Starter,41.25,5,191.69,2,6,Annual,Yes
CUST-12402,Professional,128.21,8,1035.79,2,31,Monthly,No
CUST-12403,Starter,35.75,25,917.24,5,8,Annual,No
CUST-12404,Enterprise,823.01,29,23681.92,4,8,Annual,No
CUST-12405,Professional,145.53,20,2834.98,2,24,Monthly,No
CUST-12406,Starter,40.39,4,148.86,1,15,Annual,No
CUST-12407,Professional,134.63,11,1548.08,3,14,Monthly,Yes
CUST-12408,Starter,33.69,43,1517.09,2,7,Annual,No
CUST-12409,Starter,38.12,5,179.25,1,36,Monthly,No
CUST-12410,Enterprise,1195.24,21,24870.9,2,23,Monthly,Yes
CUST-12411,Professional,148.33,35,5025.69,1,15,Monthly,No
CUST-12412,Starter,42.99,6,261.36,2,23,Monthly,No
CUST-12413,Enterprise,1165.29,28,29445.82,2,26,Monthly,Yes
CUST-12414,Starter,40.77,23,967.38,1,36,Annual,No
CUST-12415,Professional,112.82,2,224.16,4,32,Annual,Yes
CUST-12416,Professional,113.54,9,993.84,2,20,Annual,No
CUST-12417,Starter,31.25,19,606.5,4,15,Annual,Yes
CUST-12418,Starter,32.51,35,1085.01,0,27,Monthly,No
CUST-12419,Professional,107.97,24,2603.01,5,30,Monthly,Yes
CUST-12420,Enterprise,937.22,1,845.72,3,28,Annual,No
CUST-12421,Starter,48.79,2,88.35,5,21,Monthly,No
CUST-12422,Starter,42.74,40,1628.6,5,20,Annual,No
CUST-12423,Professional,146.55,19,2577.77,1,33,Monthly,Yes
CUST-12424,Enterprise,714.27,15,10416.93,4,25,Monthly,No
CUST-12425,Starter,43.92,8,368.62,1,11,Annual,Yes
CUST-12426,Professional,128.66,29,3451.82,1,19,Monthly,No
CUST-12427,Starter,48.73,35,1717.53,6,2,Monthly,No
CUST-12428,Professional,121.68,41,4627.02,3,16,Monthly,No
CUST-12429,Professional,105.7,25,2704.43,2,8,Monthly,No
CUST-12430,Enterprise,709.55,13,8795.44,0,35,Monthly,No
CUST-12431,Professional,108.85,42,4371.02,2,18,Monthly,No
CUST-12432,Professional,130.53,7,826.43,3,10,Monthly,No
CUST-12433,Enterprise,1164.42,42,47837.46,3,32,Monthly,No
CUST-12434,Starter,37.48,31,1083.93,1,32,Annual,Yes
CUST-12435,Enterprise,1027.5,34,36274.89,3,38,Annual,No
CUST-12436,Professional,99.49,9,897.71,2,18,Monthly,No
CUST-12437,Starter,45.27,12,529.45,4,24,Two-Year,Yes
CUST-12438,Professional,111.06,18,1929.49,0,9,Annual,No
CUST-12439,Starter,47.2,44,2120.93,5,23,Annual,Yes
CUST-12440,Starter,46.93,33,1524.15,1,27,Annual,No
CUST-12441,Starter,30.03,5,137.18,4,30,Annual,Yes
CUST-12442,Starter,32.77,1,29.64,2,20,Monthly,No
CUST-12443,Enterprise,722.46,33,21543.34,4,26,Monthly,No
CUST-12444,Starter,35.92,1,36.05,2,24,Monthly,No
CUST-12445,Starter,41.55,40,1695.12,2,23,Monthly,Yes
CUST-12446,Starter,39.1,28,1094.26,2,3,Monthly,No
CUST-12447,Professional,132.24,12,1521.71,2,19,Monthly,No
CUST-12448,Enterprise,566.87,23,12267.88,2,14,Monthly,No
CUST-12449,Starter,29.92,35,974.02,3,22,Monthly,No
CUST-12450,Enterprise,857.26,1,861.85,3,3,Monthly,No
CUST-12451,Starter,36.19,31,1042.91,2,2,Monthly,No
CUST-12452,Starter,37.71,24,842.52,1,14,Annual,No
CUST-12453,Professional,144.47,11,1543.93,2,18,Monthly,No
CUST-12454,Starter,39.01,7,261.06,2,10,Monthly,No
CUST-12455,Enterprise,867.73,25,20760.85,3,12,Monthly,No
CUST-12456,Professional,113.46,19,2170.34,0,12,Annual,No
CUST-12457,Enterprise,783.45,18,14509.47,2,4,Annual,No
CUST-12458,Enterprise,651.65,22,13229.13,3,12,Monthly,No
CUST-12459,Starter,48.66,45,2244.26,2,6,Monthly,No
CUST-12460,Starter,44.78,21,925.25,1,23,Annual,No
CUST-12461,Enterprise,660.35,36,24576.28,4,13,Two-Year,Yes
CUST-12462,Starter,32.08,11,367.12,3,30,Monthly,No
CUST-12463,Professional,118.08,21,2324.33,3,37,Monthly,No
CUST-12464,Starter,35.08,27,875.25,2,3,Monthly,No
CUST-12465,Professional,147.77,13,1826.6,4,14,Monthly,Yes
CUST-12466,Starter,32.83,33,1100.23,4,6,Monthly,Yes
CUST-12467,Enterprise,600.05,27,15376.15,5,39,Annual,No
CUST-12468,Professional,128.58,39,4694.78,6,8,Two-Year,No
CUST-12469,Enterprise,836.21,31,24027.07,0,31,Monthly,No
CUST-12470,Professional,135.16,14,1781.64,4,8,Monthly,No
CUST-12471,Professional,148.29,39,5438.6,2,11,Annual,No
CUST-12472,Professional,143.67,13,1924.8,1,18,Monthly,No
CUST-12473,Starter,48.95,37,1818.29,1,7,Two-Year,No
CUST-12474,Professional,131.6,7,926.13,0,23,Annual,No
CUST-12475,Starter,39.34,14,562.77,1,10,Monthly,No
CUST-12476,Enterprise,504.99,31,16336.5,2,16,Monthly,No
CUST-12477,Starter,29.95,4,125.27,3,8,Monthly,Yes
CUST-12478,Professional,122.92,25,2954.17,0,9,Monthly,No
CUST-12479,Starter,34.24,38,1323.6,2,22,Monthly,No
CUST-12480,Professional,131.49,34,4055.38,1,3,Monthly,No
CUST-12481,Starter,47.89,35,1729.02,2,36,Two-Year,No
CUST-12482,Starter,32.08,20,600.66,2,4,Annual,No
CUST-12483,Professional,115.6,38,4473.66,3,6,Annual,No
CUST-12484,Professional,138.93,27,3704.05,1,19,Monthly,No
CUST-12485,Professional,141.94,32,4693.51,2,35,Annual,No
CUST-12486,Professional,129.5,25,3067.32,1,24,Monthly,No
CUST-12487,Professional,133.56,37,5011.75,6,32,Two-Year,No
CUST-12488,Professional,147.37,22,3230.54,2,30,Monthly,Yes
CUST-12489,Enterprise,804.07,23,18466.78,5,15,Annual,No
CUST-12490,Professional,130.94,12,1643.06,0,2,Annual,No
CUST-12491,Professional,100.46,40,3920.57,2,31,Two-Year,No
CUST-12492,Professional,122.46,39,4622.67,1,16,Monthly,No
CUST-12493,Professional,127.32,40,4758.74,6,38,Annual,No
CUST-12494,Enterprise,1173.42,4,4669.05,6,22,Monthly,Yes
CUST-12495,Starter,31.95,13,390.12,2,5,Monthly,No
CUST-12496,Starter,34.84,25,913.52,4,21,Monthly,No
CUST-12497,Starter,29.34,22,667.62,1,2,Monthly,No
CUST-12498,Starter,46.58,13,627.82,1,29,Annual,No
CUST-12499,Starter,48.38,37,1777.68,1,21,Annual,No
CUST-12500,Professional,130.23,22,2606.43,3,5,Monthly,Yes
CUST-12501,Starter,36.83,37,1318.99,2,17,Monthly,No
CUST-12502,Starter,31.34,10,313.7,2,8,Annual,No
CUST-12503,Professional,114.64,28,3017.22,4,22,Monthly,No
CUST-12504,Professional,110.95,40,4256.58,1,39,Monthly,No
CUST-12505,Starter,45.04,16,705.79,1,4,Monthly,No
CUST-12506,Enterprise,909.37,1,851.06,1,12,Annual,No
CUST-12507,Starter,31.41,16,504.72,5,10,Monthly,No
CUST-12508,Enterprise,934.29,9,8061.52,3,13,Two-Year,No
CUST-12509,Enterprise,983.24,32,32572.99,4,15,Monthly,No
CUST-12510,Enterprise,1084.9,34,34031.95,5,5,Monthly,Yes
CUST-12511,Enterprise,625.69,47,29948.53,2,23,Monthly,No
CUST-12512,Starter,32.03,22,711.61,2,8,Annual,No
CUST-12513,Enterprise,868.68,22,17479.88,4,13,Monthly,No
CUST-12514,Enterprise,1050.07,6,6316.39,0,27,Monthly,No
CUST-12515,Starter,33.95,21,698.69,5,36,Annual,No
CUST-12516,Starter,41.14,19,752.21,7,12,Monthly,No
CUST-12517,Professional,130.25,25,3406.19,1,17,Annual,No
CUST-12518,Professional,138.04,14,1963.48,3,29,Monthly,No
CUST-12519,Enterprise,1084.83,39,41047.55,4,22,Monthly,No
CUST-12520,Starter,43.44,12,516.75,0,17,Annual,No
CUST-12521,Professional,113.39,25,2655.2,4,37,Annual,No
CUST-12522,Professional,105.48,37,3647.21,2,20,Monthly,No
CUST-12523,Professional,138.27,15,1894.88,3,35,Monthly,No
CUST-12524,Professional,108.51,5,492.97,3,6,Annual,No
CUST-12525,Starter,33.53,19,591.18,1,26,Monthly,No
CUST-12526,Professional,111.68,44,4777.96,1,15,Annual,No
CUST-12527,Professional,148.57,26,3568.43,3,31,Monthly,No
CUST-12528,Professional,143.69,22,3084.66,2,37,Two-Year,No
CUST-12529,Professional,117.1,23,2613.92,3,3,Annual,Yes
CUST-12530,Professional,140.31,7,891.08,0,3,Annual,No
CUST-12531,Starter,47.8,32,1570.86,4,31,Annual,No
CUST-12532,Starter,43.56,16,724.61,1,18,Monthly,No
CUST-12533,Enterprise,516.18,22,11656.58,4,24,Monthly,Yes
CUST-12534,Professional,124.84,32,4083.09,3,17,Two-Year,Yes
CUST-12535,Enterprise,1058.34,18,17394.7,3,1,Monthly,No
CUST-12536,Starter,45.7,14,636.16,1,12,Annual,No
CUST-12537,Professional,120.85,22,2773.44,3,32,Monthly,No
CUST-12538,Professional,100.58,47,4454.09,3,7,Monthly,No
CUST-12539,Professional,133.8,5,608.09,1,7,Monthly,No
CUST-12540,Enterprise,1184.67,4,4461.09,2,9,Two-Year,No
CUST-12541,Starter,31.04,10,287.0,3,24,Monthly,Yes
CUST-12542,Professional,111.49,34,3750.25,3,9,Annual,No
CUST-12543,Starter,40.82,29,1227.31,2,33,Monthly,No
CUST-12544,Starter,41.46,37,1482.67,2,32,Annual,Yes
CUST-12545,Professional,124.16,18,2273.33,2,1,Annual,No
CUST-12546,Starter,31.16,27,815.43,3,8,Annual,Yes
CUST-12547,Starter,35.96,18,653.03,5,5,Two-Year,No
CUST-12548,Professional,137.96,14,1995.01,0,25,Two-Year,No
CUST-12549,Professional,137.96,47,6004.41,6,23,Monthly,No
CUST-12550,Starter,37.92,41,1629.77,4,20,Two-Year,No
CUST-12551,Enterprise,741.25,20,14235.17,1,3,Annual,Yes
CUST-12552,Professional,148.53,40,5391.35,1,4,Annual,No
CUST-12553,Professional,145.54,43,6530.76,1,24,Monthly,No
CUST-12554,Starter,30.56,33,974.95,1,33,Annual,No
CUST-12555,Starter,29.29,24,670.0,4,15,Monthly,Yes
CUST-12556,Professional,128.67,28,3569.78,1,1,Annual,No
CUST-12557,Enterprise,740.43,1,694.46,2,8,Monthly,No
CUST-12558,Professional,119.61,10,1103.69,1,25,Annual,No
CUST-12559,Enterprise,694.59,39,26790.28,1,31,Annual,No
CUST-12560,Professional,130.71,7,925.48,4,6,Monthly,No
CUST-12561,Starter,29.36,4,117.84,2,20,Annual,No
CUST-12562,Enterprise,1083.51,3,3111.49,5,8,Monthly,No
CUST-12563,Enterprise,1112.53,39,40827.01,2,10,Monthly,No
CUST-12564,Professional,118.81,42,4560.06,4,34,Monthly,No
CUST-12565,Professional,145.19,1,149.95,2,16,Annual,No
CUST-12566,Starter,38.56,21,730.24,3,24,Monthly,No
CUST-12567,Enterprise,1179.0,25,27495.74,10,28,Annual,Yes
CUST-12568,Starter,31.94,10,296.88,0,35,Annual,No
CUST-12569,Starter,37.64,31,1130.85,3,39,Annual,No
CUST-12570,Professional,125.95,14,1849.78,1,17,Monthly,No
CUST-12571,Professional,99.87,35,3604.41,4,36,Annual,No
CUST-12572,Starter,36.06,25,834.03,1,20,Annual,No
CUST-12573,Starter,40.24,32,1286.89,1,27,Annual,No
CUST-12574,Starter,41.4,31,1313.36,2,15,Monthly,No
CUST-12575,Professional,136.69,37,5301.23,2,19,Annual,Yes
CUST-12576,Starter,42.64,8,315.37,2,24,Annual,No
CUST-12577,Professional,118.52,16,1929.74,5,1,Annual,Yes
CUST-12578,Enterprise,621.89,19,11634.56,1,36,Monthly,No
CUST-12579,Starter,38.58,35,1272.62,0,32,Monthly,Yes
CUST-12580,Professional,130.95,16,2196.4,1,6,Monthly,No
CUST-12581,Enterprise,629.0,25,14832.31,1,24,Monthly,No
CUST-12582,Starter,47.65,15,721.37,1,5,Annual,No
CUST-12583,Professional,136.44,31,4372.04,1,14,Annual,No
CUST-12584,Starter,35.22,29,992.02,2,29,Monthly,No
CUST-12585,Professional,113.04,41,4772.38,5,18,Monthly,No
CUST-12586,Professional,112.64,35,3653.64,2,32,Annual,No
CUST-12587,Professional,103.3,16,1580.51,2,18,Annual,No
CUST-12588,Starter,40.65,42,1617.64,0,13,Monthly,No
CUST-12589,Professional,142.01,16,2380.11,1,7,Monthly,No
CUST-12590,Professional,112.28,13,1320.42,1,6,Monthly,No
CUST-12591,Starter,40.61,39,1469.01,3,30,Monthly,No
CUST-12592,Professional,103.39,19,2035.51,3,26,Monthly,No
CUST-12593,Starter,44.6,5,232.07,4,38,Monthly,No
CUST-12594,Starter,29.79,42,1284.28,6,5,Monthly,Yes
CUST-12595,Professional,137.01,40,5565.43,4,24,Monthly,No
CUST-12596,Starter,36.44,34,1154.51,1,17,Annual,No
CUST-12597,Professional,135.06,36,4732.19,2,4,Monthly,No
CUST-12598,Starter,43.02,35,1461.58,2,13,Annual,No
CUST-12599,Professional,146.72,44,6704.08,1,27,Monthly,No
CUST-12600,Professional,131.75,10,1266.33,6,25,Annual,Yes
CUST-12601,Starter,40.87,45,1674.73,3,9,Annual,No
CUST-12602,Enterprise,505.99,31,14527.17,0,21,Monthly,No
CUST-12603,Starter,36.64,29,1088.17,1,37,Monthly,No
CUST-12604,Starter,47.9,14,650.62,4,15,Annual,No
CUST-12605,Starter,42.9,32,1243.55,3,25,Annual,No
CUST-12606,Professional,104.35,33,3121.0,2,3,Monthly,No
CUST-12607,Enterprise,1139.4,2,2349.02,2,38,Annual,No
CUST-12608,Starter,35.62,41,1388.42,3,3,Monthly,No
CUST-12609,Starter,38.21,46,1594.93,1,25,Monthly,No
CUST-12610,Professional,114.92,24,2630.09,2,23,Annual,No
CUST-12611,Professional,148.73,7,1089.52,4,2,Two-Year,No
CUST-12612,Professional,142.93,40,5727.42,2,35,Annual,No
CUST-12613,Professional,102.04,26,2720.72,3,34,Annual,No
CUST-12614,Starter,37.31,33,1142.24,3,33,Monthly,No
CUST-12615,Starter,30.06,29,826.74,0,2,Monthly,No
CUST-12616,Starter,35.97,42,1560.11,0,10,Monthly,No
CUST-12617,Enterprise,875.1,20,17161.7,3,15,Annual,No
CUST-12618,Professional,144.57,4,548.92,0,37,Annual,No
CUST-12619,Professional,143.28,15,2180.32,2,17,Annual,No
CUST-12620,Starter,46.71,18,773.3,2,35,Monthly,No
CUST-12621,Starter,37.43,23,783.2,4,14,Annual,Yes
CUST-12622,Professional,101.23,38,3737.8,2,35,Monthly,No
CUST-12623,Professional,123.07,12,1457.5,5,5,Annual,Yes
CUST-12624,Professional,133.83,2,257.19,1,35,Annual,No
CUST-12625,Starter,44.62,3,124.49,5,4,Monthly,No
CUST-12626,Professional,118.89,41,4402.1,1,34,Annual,No
CUST-12627,Enterprise,793.92,39,31881.56,0,32,Annual,No
CUST-12628,Professional,144.19,40,5209.05,4,6,Monthly,No
CUST-12629,Enterprise,776.91,32,26017.45,4,28,Monthly,No
CUST-12630,Starter,43.86,5,206.97,1,21,Annual,No
CUST-12631,Starter,33.09,30,1001.29,5,23,Annual,Yes
CUST-12632,Professional,134.49,16,1947.86,2,32,Monthly,Yes
CUST-12633,Enterprise,1188.47,35,41895.42,1,38,Annual,No
CUST-12634,Professional,147.68,28,3725.1,3,22,Monthly,No
CUST-12635,Starter,33.67,22,765.04,5,8,Annual,No
CUST-12636,Professional,102.36,11,1027.86,2,7,Monthly,No
CUST-12637,Starter,31.98,4,122.38,0,19,Monthly,No
CUST-12638,Starter,33.65,11,385.04,2,3,Monthly,No
CUST-12639,Professional,128.69,24,2835.13,1,18,Monthly,No
CUST-12640,Starter,32.01,17,545.16,2,28,Annual,No
CUST-12641,Starter,39.34,35,1360.6,1,14,Monthly,No
CUST-12642,Enterprise,1108.12,39,44768.82,1,7,Two-Year,No
CUST-12643,Starter,32.13,26,868.88,2,34,Monthly,Yes
CUST-12644,Starter,32.68,31,1033.79,4,30,Monthly,No
CUST-12645,Starter,29.36,24,716.39,1,9,Monthly,No
CUST-12646,Enterprise,1077.28,7,7041.33,1,9,Monthly,No
CUST-12647,Starter,34.03,14,459.3,4,39,Monthly,No
CUST-12648,Starter,31.6,44,1339.7,3,18,Annual,Yes
CUST-12649,Starter,46.61,26,1174.85,1,19,Annual,No
CUST-12650,Starter,39.18,44,1554.79,5,26,Monthly,No
CUST-12651,Starter,40.17,7,290.84,2,27,Monthly,Yes
CUST-12652,Professional,99.81,7,652.48,1,10,Annual,No
CUST-12653,Professional,134.96,36,4549.99,0,36,Two-Year,No
CUST-12654,Starter,39.11,46,1706.94,5,14,Annual,No
CUST-12655,Starter,37.76,9,331.42,1,26,Monthly,No
CUST-12656,Enterprise,1027.68,46,43429.74,1,3,Monthly,No
CUST-12657,Professional,144.65,19,2586.99,3,9,Annual,No
CUST-12658,Starter,42.41,1,44.3,0,19,Monthly,No
CUST-12659,Starter,32.1,34,1032.35,4,36,Monthly,No
CUST-12660,Enterprise,750.09,11,7912.59,2,31,Monthly,No
CUST-12661,Professional,119.37,41,4761.72,2,30,Monthly,No
CUST-12662,Enterprise,647.98,15,9464.2,1,18,Annual,No
CUST-12663,Starter,30.7,35,1082.07,2,18,Monthly,No
CUST-12664,Professional,119.66,32,3969.36,3,5,Monthly,No
CUST-12665,Starter,30.43,46,1283.03,1,8,Two-Year,No
CUST-12666,Professional,139.11,41,5916.51,1,12,Two-Year,No
CUST-12667,Starter,38.15,29,1095.23,1,22,Monthly,No
CUST-12668,Professional,114.51,11,1278.74,2,13,Monthly,No
CUST-12669,Professional,138.43,1,126.19,2,8,Monthly,No
CUST-12670,Starter,33.4,33,1036.91,1,9,Monthly,Yes
CUST-12671,Starter,44.47,42,1746.92,1,2,Annual,No
CUST-12672,Enterprise,1193.64,44,53194.56,4,4,Monthly,No
CUST-12673,Enterprise,545.22,39,21624.66,3,1,Monthly,No
CUST-12674,Starter,35.9,27,926.46,3,3,Monthly,No
CUST-12675,Professional,134.88,15,1958.75,1,5,Monthly,Yes
CUST-12676,Enterprise,893.48,19,16593.48,3,29,Annual,Yes
CUST-12677,Starter,41.57,23,960.73,2,34,Annual,No
CUST-12678,Enterprise,675.49,26,16079.06,3,14,Two-Year,No
CUST-12679,Starter,47.27,24,1174.08,5,10,Annual,No
CUST-12680,Starter,33.4,28,940.74,3,24,Annual,Yes
CUST-12681,Enterprise,566.51,6,3108.06,2,35,Annual,No
CUST-12682,Starter,32.43,9,272.63,3,2,Monthly,No
CUST-12683,Professional,139.46,19,2731.82,3,8,Annual,No
CUST-12684,Professional,135.92,6,768.95,4,7,Monthly,No
CUST-12685,Starter,36.37,46,1513.93,7,3,Monthly,No
CUST-12686,Starter,35.43,41,1416.64,4,13,Annual,Yes
CUST-12687,Professional,123.55,13,1620.87,2,29,Monthly,No
CUST-12688,Professional,129.01,9,1186.98,2,27,Annual,No
CUST-12689,Professional,114.22,25,2627.09,3,22,Annual,No
CUST-12690,Professional,141.59,26,3653.07,2,29,Annual,No
CUST-12691,Professional,108.76,47,4926.51,2,26,Monthly,No
CUST-12692,Professional,105.51,36,3438.48,2,13,Monthly,No
CUST-12693,Starter,46.69,45,1934.73,2,8,Annual,No
CUST-12694,Enterprise,1143.71,28,30478.22,5,16,Monthly,Yes
CUST-12695,Starter,32.82,41,1320.75,5,32,Monthly,No
CUST-12696,Starter,47.13,12,545.03,0,23,Annual,No
CUST-12697,Enterprise,845.08,7,5645.93,3,28,Monthly,No
CUST-12698,Starter,47.88,5,240.89,2,31,Monthly,No
CUST-12699,Professional,125.75,37,4691.11,4,29,Annual,No
CUST-12700,Starter,39.08,9,331.93,0,15,Monthly,No
CUST-12701,Professional,110.07,20,2105.17,2,25,Annual,No
CUST-12702,Starter,34.57,35,1162.21,2,25,Monthly,No
CUST-12703,Professional,118.85,47,5298.85,4,9,Monthly,No
CUST-12704,Professional,106.63,41,4583.55,2,12,Monthly,No
CUST-12705,Professional,143.92,22,3157.26,2,8,Two-Year,No
CUST-12706,Starter,46.02,14,616.71,2,2,Annual,No
CUST-12707,Professional,119.85,42,5069.67,2,27,Monthly,No
CUST-12708,Starter,34.37,33,1051.74,2,14,Annual,No
CUST-12709,Professional,99.13,22,2114.39,0,33,Monthly,No
CUST-12710,Starter,43.1,18,729.64,2,32,Monthly,No
CUST-12711,Starter,45.13,37,1632.69,3,27,Annual,No
CUST-12712,Professional,128.6,39,4625.02,2,1,Monthly,No
CUST-12713,Starter,30.87,34,1004.5,4,4,Monthly,No
CUST-12714,Enterprise,728.26,6,4519.75,2,39,Monthly,No
CUST-12715,Professional,108.71,32,3161.8,3,27,Monthly,No
CUST-12716,Starter,37.69,39,1538.13,1,25,Annual,No
CUST-12717,Starter,41.28,14,604.74,3,34,Monthly,No
CUST-12718,Professional,114.26,13,1344.51,2,30,Annual,No
CUST-12719,Enterprise,867.65,13,11160.86,1,13,Monthly,No
CUST-12720,Starter,36.31,42,1522.4,3,19,Annual,No
CUST-12721,Professional,108.66,26,2757.26,4,9,Annual,No
CUST-12722,Enterprise,1052.08,33,35030.0,3,33,Monthly,No
CUST-12723,Starter,31.57,22,656.03,3,3,Monthly,No
CUST-12724,Starter,40.84,25,1023.52,2,28,Monthly,No
CUST-12725,Professional,99.4,20,2051.72,1,16,Monthly,No
CUST-12726,Professional,131.66,13,1723.48,0,36,Annual,No
CUST-12727,Professional,106.99,24,2661.13,3,9,Two-Year,Yes
CUST-12728,Starter,43.95,37,1617.72,5,39,Monthly,No
CUST-12729,Starter,32.6,29,877.23,4,7,Annual,No
CUST-12730,Professional,121.63,24,2871.27,3,6,Annual,No
CUST-12731,Enterprise,709.69,10,6734.76,1,28,Annual,No
CUST-12732,Professional,119.31,17,2107.1,1,33,Annual,No
CUST-12733,Starter,47.58,38,1633.96,3,15,Monthly,No
CUST-12734,Professional,130.87,23,3137.1,1,23,Annual,No
CUST-12735,Professional,117.02,36,3841.28,5,26,Annual,No
CUST-12736,Enterprise,1063.33,14,13950.33,4,31,Annual,No
CUST-12737,Starter,35.73,40,1329.86,2,31,Annual,Yes
CUST-12738,Starter,30.81,9,264.94,0,32,Annual,No
CUST-12739,Starter,30.4,5,156.93,5,35,Monthly,Yes
CUST-12740,Professional,129.93,10,1306.65,0,21,Annual,No
CUST-12741,Starter,45.13,36,1676.34,1,32,Monthly,No
CUST-12742,Enterprise,568.22,41,21381.36,1,17,Annual,No
CUST-12743,Professional,135.12,35,4542.96,3,21,Annual,No
CUST-12744,Starter,29.59,33,942.46,4,14,Monthly,No
CUST-12745,Starter,45.74,29,1328.96,2,8,Monthly,Yes
CUST-12746,Professional,112.13,39,4095.59,1,9,Monthly,No
CUST-12747,Professional,129.66,4,482.71,3,15,Monthly,Yes
CUST-12748,Professional,99.3,32,3330.76,4,3,Annual,No
CUST-12749,Starter,34.51,3,102.71,4,27,Monthly,No
CUST-12750,Enterprise,714.74,12,8393.99,2,30,Monthly,No
CUST-12751,Starter,35.81,20,702.03,0,17,Two-Year,No
CUST-12752,Professional,144.17,4,545.74,2,16,Monthly,No
CUST-12753,Professional,140.44,8,1171.63,3,34,Annual,No
CUST-12754,Starter,43.57,39,1646.92,2,19,Annual,No
CUST-12755,Professional,118.14,38,4261.38,3,36,Monthly,Yes
CUST-12756,Starter,43.18,7,293.15,3,14,Monthly,Yes
CUST-12757,Enterprise,1172.7,34,40832.97,3,36,Monthly,No
CUST-12758,Starter,30.13,3,81.46,1,12,Monthly,No
CUST-12759,Starter,44.47,21,922.31,3,13,Monthly,Yes
CUST-12760,Professional,103.84,9,963.17,2,28,Monthly,No
CUST-12761,Enterprise,1199.71,33,41311.34,4,20,Monthly,No
CUST-12762,Enterprise,767.73,16,11420.59,1,20,Monthly,No
CUST-12763,Enterprise,768.03,44,34382.88,3,12,Monthly,No
CUST-12764,Professional,127.56,28,3625.96,1,26,Monthly,No
CUST-12765,Professional,147.18,16,2158.09,5,27,Annual,No
CUST-12766,Professional,115.95,24,2753.91,3,11,Annual,No
CUST-12767,Starter,33.97,32,1003.28,4,16,Annual,No
CUST-12768,Starter,45.14,37,1649.22,0,8,Monthly,No
CUST-12769,Professional,107.33,2,199.0,4,6,Monthly,Yes
CUST-12770,Starter,45.0,37,1631.15,1,28,Monthly,No
CUST-12771,Professional,146.02,24,3211.68,0,21,Annual,No
CUST-12772,Starter,45.09,13,529.26,4,23,Monthly,No
CUST-12773,Starter,37.79,7,263.5,0,17,Monthly,Yes
CUST-12774,Starter,42.29,34,1423.06,2,16,Monthly,No
CUST-12775,Starter,47.85,45,2134.57,4,36,Monthly,No
CUST-12776,Professional,113.69,6,623.79,2,3,Annual,No
CUST-12777,Starter,37.03,28,1004.09,5,19,Two-Year,Yes
CUST-12778,Enterprise,1143.9,21,24747.27,2,3,Annual,Yes
CUST-12779,Professional,140.25,28,4035.4,3,13,Monthly,No
CUST-12780,Starter,30.59,18,546.23,2,39,Annual,No
CUST-12781,Professional,109.7,1,104.56,1,33,Annual,No
CUST-12782,Professional,119.28,13,1554.94,1,25,Monthly,No
CUST-12783,Enterprise,836.77,14,12169.29,7,32,Annual,No
CUST-12784,Starter,43.39,19,782.47,5,22,Monthly,Yes
CUST-12785,Professional,119.73,27,2960.26,0,23,Annual,No
CUST-12786,Professional,131.48,7,909.93,3,10,Monthly,No
CUST-12787,Professional,139.94,3,424.69,4,33,Monthly,No
CUST-12788,Professional,142.38,28,4138.4,5,27,Two-Year,Yes
CUST-12789,Starter,37.32,37,1363.49,2,27,Two-Year,No
CUST-12790,Professional,102.96,23,2394.02,2,12,Monthly,Yes
CUST-12791,Professional,142.61,38,5055.91,2,24,Annual,No
CUST-12792,Starter,34.93,6,190.34,4,39,Annual,Yes
CUST-12793,Professional,100.11,32,2895.35,2,32,Monthly,No
CUST-12794,Enterprise,615.56,25,14318.57,1,28,Two-Year,No
CUST-12795,Professional,132.2,37,5116.06,2,23,Two-Year,No
CUST-12796,Enterprise,1162.61,2,2375.08,1,32,Annual,No
CUST-12797,Professional,139.01,22,3022.26,4,22,Annual,No
CUST-12798,Starter,39.84,41,1601.56,3,3,Two-Year,Yes
CUST-12799,Starter,47.35,3,139.81,2,21,Monthly,No
CUST-12800,Professional,116.06,27,3073.4,1,22,Monthly,No
CUST-12801,Professional,102.11,41,3863.39,5,18,Annual,No
CUST-12802,Starter,48.73,1,47.71,4,6,Monthly,Yes
CUST-12803,Starter,31.42,14,429.64,3,27,Two-Year,No
CUST-12804,Professional,141.13,23,3081.35,1,33,Monthly,No
CUST-12805,Professional,100.82,30,2905.56,1,11,Annual,No
CUST-12806,Starter,29.55,45,1275.46,2,4,Annual,No
CUST-12807,Professional,123.38,25,3061.07,3,39,Monthly,No
CUST-12808,Starter,31.22,39,1150.32,0,39,Annual,No
CUST-12809,Starter,34.65,16,568.99,2,8,Monthly,No
CUST-12810,Starter,42.9,20,794.41,2,8,Annual,No
CUST-12811,Enterprise,593.3,6,3445.79,3,15,Monthly,No
CUST-12812,Professional,144.23,36,4736.94,3,2,Monthly,No
CUST-12813,Professional,134.29,15,1863.61,7,1,Monthly,Yes
CUST-12814,Professional,101.48,5,477.34,3,34,Annual,No
CUST-12815,Professional,110.09,4,459.15,4,8,Monthly,No
CUST-12816,Enterprise,819.64,35,28396.7,0,31,Monthly,No
CUST-12817,Professional,116.19,26,2795.33,1,5,Monthly,No
CUST-12818,Starter,38.01,5,189.26,1,12,Monthly,Yes
CUST-12819,Professional,130.29,11,1291.59,2,11,Monthly,No
CUST-12820,Professional,99.75,33,3281.12,2,19,Monthly,Yes
CUST-12821,Professional,128.09,10,1192.53,3,25,Monthly,No
CUST-12822,Starter,42.97,15,580.57,1,25,Monthly,No
CUST-12823,Starter,47.45,7,332.41,2,27,Annual,No
CUST-12824,Starter,40.7,33,1305.5,1,8,Annual,No
CUST-12825,Enterprise,695.67,35,23107.16,2,5,Monthly,No
CUST-12826,Enterprise,767.87,33,24383.12,1,26,Monthly,No
CUST-12827,Professional,136.1,30,4002.89,2,24,Monthly,No
CUST-12828,Enterprise,1075.62,23,24150.63,6,20,Annual,No
CUST-12829,Starter,40.79,16,675.44,3,35,Annual,No
CUST-12830,Professional,130.8,29,3980.52,3,36,Monthly,Yes
CUST-12831,Starter,42.6,35,1512.41,2,39,Monthly,No
CUST-12832,Professional,139.58,23,3129.98,2,7,Monthly,No
CUST-12833,Starter,36.6,24,804.99,1,8,Monthly,No
CUST-12834,Starter,46.83,41,1961.5,1,25,Annual,No
CUST-12835,Starter,46.57,15,678.08,4,22,Monthly,Yes
CUST-12836,Starter,33.54,37,1276.12,3,17,Annual,No
CUST-12837,Starter,31.49,11,356.67,0,26,Monthly,No
CUST-12838,Professional,144.75,3,452.33,5,33,Monthly,Yes
CUST-12839,Starter,38.14,34,1301.02,1,32,Two-Year,No
CUST-12840,Professional,101.86,28,2751.07,3,19,Monthly,No
CUST-12841,Enterprise,784.64,8,6421.2,2,38,Monthly,Yes
CUST-12842,Professional,148.63,22,2977.33,3,24,Monthly,Yes
CUST-12843,Professional,115.44,17,1810.17,2,11,Monthly,Yes
CUST-12844,Starter,31.57,5,147.51,3,32,Monthly,Yes
CUST-12845,Starter,35.83,32,1147.94,0,39,Annual,No
CUST-12846,Enterprise,908.54,24,22870.34,0,35,Monthly,No
CUST-12847,Professional,107.41,24,2548.7,2,7,Monthly,No
CUST-12848,Starter,32.65,45,1511.59,6,16,Monthly,Yes
CUST-12849,Professional,126.09,13,1631.26,3,30,Monthly,Yes
CUST-12850,Starter,30.42,24,730.91,0,20,Monthly,No
CUST-12851,Professional,121.87,32,3705.65,0,38,Annual,No
CUST-12852,Enterprise,763.4,42,29675.29,1,11,Monthly,Yes
CUST-12853,Professional,148.62,8,1127.98,2,23,Annual,No
CUST-12854,Starter,37.18,40,1475.05,3,13,Annual,No
CUST-12855,Professional,108.95,20,2162.07,1,12,Annual,No
CUST-12856,Professional,129.03,6,762.57,1,37,Annual,No
CUST-12857,Starter,47.59,4,196.89,4,2,Annual,No
CUST-12858,Enterprise,844.76,44,35797.11,2,22,Monthly,No
CUST-12859,Enterprise,887.0,25,22020.84,4,25,Annual,No
CUST-12860,Starter,44.09,1,41.91,4,13,Monthly,No
CUST-12861,Starter,46.23,29,1403.05,5,37,Annual,Yes
CUST-12862,Starter,48.94,1,48.78,4,20,Annual,No
CUST-12863,Starter,48.1,27,1239.79,3,11,Annual,Yes
CUST-12864,Starter,39.59,28,1140.99,2,25,Monthly,No
CUST-12865,Professional,122.22,39,4939.15,2,13,Monthly,No
CUST-12866,Starter,35.34,9,332.84,4,33,Monthly,No
CUST-12867,Starter,42.26,15,655.86,2,22,Monthly,No
CUST-12868,Starter,32.05,46,1526.61,3,21,Annual,Yes
CUST-12869,Professional,144.65,6,845.42,4,33,Monthly,No
CUST-12870,Enterprise,774.86,16,12440.88,2,14,Monthly,No
CUST-12871,Starter,33.15,5,157.35,3,25,Annual,No
CUST-12872,Starter,48.15,23,1076.12,2,34,Monthly,No
CUST-12873,Starter,45.86,19,893.43,4,10,Monthly,No
CUST-12874,Professional,128.25,9,1141.43,2,5,Monthly,No
CUST-12875,Professional,102.26,45,4438.63,0,22,Monthly,No
CUST-12876,Enterprise,928.98,25,23587.19,2,26,Monthly,No
CUST-12877,Professional,142.34,37,4911.32,4,13,Monthly,Yes
CUST-12878,Enterprise,626.42,16,10028.36,1,23,Annual,No
CUST-12879,Professional,108.65,36,3669.14,1,27,Monthly,No
CUST-12880,Starter,43.55,6,246.81,1,34,Annual,No
CUST-12881,Starter,29.6,21,560.83,2,23,Monthly,No
CUST-12882,Professional,112.76,37,3844.74,3,27,Monthly,No
CUST-12883,Starter,29.75,46,1395.39,6,1,Monthly,Yes
CUST-12884,Professional,143.26,21,2739.37,4,23,Annual,No
CUST-12885,Enterprise,673.9,23,14465.84,5,22,Monthly,No
CUST-12886,Professional,109.76,19,2153.12,0,29,Monthly,No
CUST-12887,Professional,112.29,10,1026.85,3,35,Two-Year,No
CUST-12888,Professional,141.22,16,2244.95,1,38,Annual,No
CUST-12889,Starter,35.87,14,508.3,2,28,Monthly,No
CUST-12890,Starter,37.35,5,193.12,2,27,Monthly,No
CUST-12891,Enterprise,831.31,32,24085.61,5,18,Monthly,No
CUST-12892,Professional,125.36,33,3999.76,0,19,Annual,No
CUST-12893,Professional,113.71,38,4150.14,5,29,Monthly,No
CUST-12894,Starter,45.33,32,1425.5,0,36,Monthly,No
CUST-12895,Professional,118.04,15,1610.05,1,19,Monthly,No
CUST-12896,Professional,125.86,21,2636.81,5,2,Monthly,No
CUST-12897,Starter,35.7,24,811.6,1,38,Monthly,No
CUST-12898,Starter,46.89,20,901.37,3,5,Annual,No
CUST-12899,Starter,35.19,39,1254.36,5,34,Monthly,Yes
CUST-12900,Starter,44.17,12,481.75,4,4,Monthly,No
CUST-12901,Professional,121.67,42,4906.65,3,23,Monthly,No
CUST-12902,Starter,33.22,29,971.77,6,18,Monthly,No
CUST-12903,Starter,49.0,33,1505.03,3,26,Annual,Yes
CUST-12904,Enterprise,1013.96,16,14761.19,1,4,Monthly,No
CUST-12905,Professional,123.5,44,4982.56,3,5,Monthly,No
CUST-12906,Starter,35.17,40,1350.68,1,12,Monthly,No
CUST-12907,Starter,44.08,12,543.03,2,14,Monthly,Yes
CUST-12908,Starter,34.97,33,1078.74,5,22,Monthly,No
CUST-12909,Enterprise,1179.2,5,6048.96,3,11,Annual,No
CUST-12910,Starter,31.11,6,185.97,0,26,Monthly,No
CUST-12911,Starter,39.2,24,954.83,3,10,Monthly,No
CUST-12912,Starter,34.86,5,170.19,2,4,Monthly,No
CUST-12913,Starter,48.46,13,581.25,4,22,Annual,No
CUST-12914,Professional,118.73,21,2486.47,2,20,Monthly,No
CUST-12915,Enterprise,1031.28,37,36224.13,1,36,Annual,No
CUST-12916,Enterprise,1054.01,1,990.87,1,6,Monthly,No
CUST-12917,Starter,38.22,21,789.74,1,23,Monthly,No
CUST-12918,Starter,37.22,13,502.88,2,25,Monthly,No
CUST-12919,Starter,37.9,10,362.94,3,34,Monthly,No
CUST-12920,Professional,127.32,41,5172.13,5,2,Monthly,Yes
CUST-12921,Professional,120.29,40,4646.17,7,8,Monthly,No
CUST-12922,Professional,120.17,15,1812.26,5,38,Monthly,No
CUST-12923,Professional,140.59,9,1284.0,2,28,Monthly,No
CUST-12924,Professional,127.92,7,849.76,5,12,Annual,Yes
CUST-12925,Professional,117.06,45,5385.06,4,11,Annual,No
CUST-12926,Starter,42.09,22,854.36,3,7,Two-Year,No
CUST-12927,Professional,108.02,16,1639.81,4,17,Annual,No
CUST-12928,Professional,129.59,45,5604.11,0,3,Annual,Yes
CUST-12929,Starter,37.13,17,575.01,3,19,Annual,No
CUST-12930,Professional,136.68,44,5623.87,0,7,Monthly,No
CUST-12931,Starter,39.55,19,730.66,5,23,Two-Year,Yes
CUST-12932,Enterprise,585.0,13,6980.37,2,14,Monthly,No
CUST-12933,Starter,37.7,7,238.41,0,16,Two-Year,No
CUST-12934,Starter,43.99,41,1847.51,2,38,Two-Year,No
CUST-12935,Professional,140.75,3,423.43,2,16,Two-Year,No
CUST-12936,Professional,116.7,37,4506.88,3,5,Annual,No
CUST-12937,Professional,136.07,33,4457.13,1,35,Two-Year,No
CUST-12938,Professional,107.15,39,3956.88,1,4,Annual,No
CUST-12939,Professional,129.19,14,1761.76,3,18,Monthly,Yes
CUST-12940,Starter,38.84,14,498.42,4,11,Annual,No
CUST-12941,Starter,38.81,34,1316.12,7,33,Monthly,Yes
CUST-12942,Starter,38.04,5,184.78,0,10,Two-Year,No
CUST-12943,Professional,125.52,15,1931.49,3,11,Monthly,No
CUST-12944,Professional,107.05,33,3607.74,6,26,Monthly,No
CUST-12945,Enterprise,1100.54,11,11974.91,4,29,Annual,No
CUST-12946,Professional,138.93,1,139.44,2,33,Monthly,No
CUST-12947,Professional,105.02,12,1316.73,0,19,Annual,No
CUST-12948,Professional,110.65,25,2707.59,3,22,Monthly,No
CUST-12949,Starter,29.76,44,1266.68,3,2,Monthly,No
CUST-12950,Starter,30.5,36,1093.88,6,31,Annual,No
CUST-12951,Professional,143.97,8,1087.44,2,39,Monthly,No
CUST-12952,Professional,102.83,28,3015.31,2,31,Two-Year,No
CUST-12953,Starter,40.1,9,337.58,4,30,Monthly,No
CUST-12954,Starter,47.65,12,550.45,6,39,Annual,No
CUST-12955,Enterprise,951.08,41,37963.39,2,26,Annual,Yes
CUST-12956,Starter,32.99,47,1554.05,4,15,Monthly,No
CUST-12957,Starter,33.85,1,34.33,1,2,Monthly,No
CUST-12958,Professional,103.36,36,3607.26,2,23,Monthly,No
CUST-12959,Professional,115.88,15,1791.32,3,5,Annual,No
CUST-12960,Starter,36.67,26,943.5,0,39,Two-Year,No
CUST-12961,Starter,37.34,2,76.85,0,11,Monthly,No
CUST-12962,Starter,30.97,33,976.47,2,16,Annual,No
CUST-12963,Starter,35.18,16,573.14,4,5,Monthly,Yes
CUST-12964,Professional,118.4,39,4182.27,0,29,Monthly,No
CUST-12965,Starter,44.02,18,777.94,1,27,Monthly,No
CUST-12966,Enterprise,804.59,13,9655.66,4,2,Monthly,Yes
CUST-12967,Starter,31.66,13,425.89,2,29,Monthly,No
CUST-12968,Starter,36.11,29,1062.49,2,19,Monthly,Yes
CUST-12969,Starter,41.9,24,990.05,0,25,Monthly,No
CUST-12970,Starter,42.86,39,1733.95,2,8,Monthly,No
CUST-12971,Starter,44.29,8,323.21,1,5,Monthly,No
CUST-12972,Professional,114.6,16,1854.04,0,24,Monthly,No
CUST-12973,Professional,140.22,34,4413.38,3,3,Monthly,Yes
CUST-12974,Starter,35.81,36,1324.49,5,22,Annual,No
CUST-12975,Starter,29.29,10,264.38,2,33,Annual,No
CUST-12976,Professional,109.11,4,420.97,3,11,Two-Year,Yes
CUST-12977,Enterprise,757.75,12,9102.02,1,29,Monthly,No
CUST-12978,Starter,32.73,39,1207.99,1,39,Annual,No
CUST-12979,Enterprise,1007.71,28,29562.48,1,1,Annual,No
CUST-12980,Enterprise,1163.14,36,41631.94,5,3,Two-Year,Yes
CUST-12981,Starter,30.07,11,310.47,1,28,Two-Year,No
CUST-12982,Professional,104.91,30,3047.71,1,4,Monthly,Yes
CUST-12983,Professional,117.6,2,213.81,2,9,Monthly,No
CUST-12984,Professional,104.09,6,652.47,0,12,Monthly,No
CUST-12985,Starter,32.39,44,1346.56,0,34,Annual,No
CUST-12986,Professional,102.24,10,977.48,4,37,Monthly,No
CUST-12987,Professional,109.09,22,2237.99,4,9,Monthly,No
CUST-12988,Starter,48.29,34,1508.64,2,34,Monthly,No
CUST-12989,Professional,131.8,35,4720.29,5,14,Monthly,Yes
CUST-12990,Enterprise,1032.23,22,20720.0,8,33,Monthly,No
CUST-12991,Professional,138.99,1,141.4,1,31,Monthly,No
CUST-12992,Enterprise,700.94,39,25456.27,4,12,Monthly,No
CUST-12993,Professional,138.6,38,4774.78,1,8,Two-Year,No
CUST-12994,Enterprise,721.25,8,5346.0,1,23,Annual,No
CUST-12995,Starter,45.25,17,768.23,3,16,Monthly,No
CUST-12996,Starter,44.1,47,2001.25,5,30,Two-Year,Yes
CUST-12997,Professional,130.48,11,1461.14,3,19,Monthly,No
CUST-12998,Enterprise,771.96,43,32052.51,3,13,Monthly,No
CUST-12999,Professional,140.28,13,1781.25,1,19,Monthly,No
CUST-13000,Starter,38.97,19,671.48,2,35,Monthly,No
CUST-13001,Starter,31.58,37,1186.13,6,32,Two-Year,No
CUST-13002,Professional,120.04,17,2128.4,6,23,Annual,No
CUST-13003,Professional,134.8,29,3525.9,1,19,Monthly,No
CUST-13004,Starter,30.61,47,1458.71,5,13,Annual,No
CUST-13005,Enterprise,652.37,17,10303.29,3,38,Monthly,No
CUST-13006,Starter,47.66,43,1976.84,3,28,Monthly,No
CUST-13007,Starter,35.55,42,1547.15,4,27,Annual,No
CUST-13008,Enterprise,753.83,29,21689.26,3,16,Monthly,No
CUST-13009,Starter,46.33,35,1463.5,3,16,Annual,No
CUST-13010,Starter,36.9,45,1566.3,0,5,Two-Year,No
CUST-13011,Starter,47.25,37,1743.81,0,34,Monthly,No
CUST-13012,Professional,131.54,38,4853.96,2,38,Monthly,Yes
CUST-13013,Enterprise,957.0,20,18162.28,0,1,Two-Year,No
CUST-13014,Starter,48.6,42,2092.66,1,16,Monthly,No
CUST-13015,Starter,30.09,29,843.47,2,1,Monthly,No
CUST-13016,Professional,129.22,16,1866.33,3,27,Annual,No
CUST-13017,Starter,29.05,7,201.13,0,2,Annual,No
CUST-13018,Starter,33.88,24,789.11,6,16,Annual,Yes
CUST-13019,Starter,46.33,40,1845.1,4,11,Monthly,Yes
CUST-13020,Enterprise,1159.94,45,51476.38,0,36,Two-Year,No
CUST-13021,Enterprise,1143.02,44,45333.68,2,26,Monthly,No
CUST-13022,Professional,142.15,32,4574.05,4,6,Annual,No
CUST-13023,Enterprise,806.9,23,19315.2,4,26,Annual,No
CUST-13024,Starter,46.45,2,88.21,5,23,Annual,No
CUST-13025,Starter,34.6,7,234.31,3,18,Annual,No
CUST-13026,Professional,112.2,2,222.21,2,36,Two-Year,Yes
CUST-13027,Enterprise,745.34,40,28796.3,1,26,Monthly,No
CUST-13028,Starter,42.57,45,1886.19,2,9,Monthly,No
CUST-13029,Starter,34.44,42,1503.62,1,25,Annual,No
CUST-13030,Professional,146.49,17,2359.1,3,9,Annual,No
CUST-13031,Professional,135.59,3,400.14,1,25,Monthly,No
CUST-13032,Enterprise,900.08,1,896.35,0,23,Monthly,No
CUST-13033,Enterprise,562.84,9,4570.75,3,38,Annual,No
CUST-13034,Starter,44.28,30,1233.1,2,16,Monthly,No
CUST-13035,Starter,31.56,23,712.05,1,25,Two-Year,No
CUST-13036,Starter,35.03,38,1271.45,1,26,Monthly,No
CUST-13037,Enterprise,1072.09,31,32540.92,3,33,Two-Year,No
CUST-13038,Starter,29.87,26,705.03,0,30,Monthly,No
CUST-13039,Enterprise,829.47,18,15084.94,0,25,Monthly,No
CUST-13040,Starter,31.61,30,882.92,3,11,Annual,No
CUST-13041,Enterprise,1025.97,36,36177.21,2,4,Monthly,No
CUST-13042,Professional,129.82,26,3450.73,3,17,Annual,No
CUST-13043,Professional,118.43,16,1826.52,1,8,Annual,No
CUST-13044,Starter,44.3,15,656.91,2,9,Annual,No
CUST-13045,Professional,142.57,24,3182.12,2,38,Annual,No
CUST-13046,Enterprise,1182.73,42,50877.61,3,18,Two-Year,No
CUST-13047,Starter,35.01,13,448.82,2,10,Monthly,Yes
CUST-13048,Starter,36.39,5,180.12,3,25,Monthly,No
CUST-13049,Professional,103.23,39,3697.52,2,13,Monthly,No
CUST-13050,Professional,105.21,12,1207.5,2,1,Monthly,No
CUST-13051,Professional,121.49,7,809.77,0,13,Annual,No
CUST-13052,Starter,41.27,4,169.73,1,35,Annual,No
CUST-13053,Professional,145.0,38,5291.95,5,6,Annual,Yes
CUST-13054,Starter,42.45,12,517.84,3,19,Two-Year,No
CUST-13055,Starter,45.12,29,1249.18,1,3,Monthly,No
CUST-13056,Enterprise,670.87,17,11473.38,2,38,Annual,No
CUST-13057,Enterprise,877.52,33,29722.81,6,12,Monthly,Yes
CUST-13058,Starter,36.97,13,458.33,1,21,Annual,No
CUST-13059,Starter,34.78,25,853.52,0,12,Annual,No
CUST-13060,Starter,38.27,15,540.62,1,7,Two-Year,No
CUST-13061,Enterprise,983.44,23,23463.25,2,24,Monthly,No
CUST-13062,Professional,144.3,32,4521.99,1,7,Monthly,No
CUST-13063,Professional,99.43,36,3365.83,3,10,Annual,No
CUST-13064,Starter,48.67,13,576.46,1,26,Two-Year,Yes
CUST-13065,Starter,35.81,8,261.52,4,29,Monthly,No
CUST-13066,Professional,134.42,16,2113.14,3,4,Monthly,No
CUST-13067,Starter,38.85,30,1065.96,5,18,Monthly,Yes
CUST-13068,Enterprise,961.87,30,26044.05,4,14,Annual,No
CUST-13069,Enterprise,525.35,18,9231.74,1,28,Monthly,Yes
CUST-13070,Professional,114.43,21,2322.9,1,27,Monthly,No
CUST-13071,Starter,47.8,29,1451.05,2,36,Annual,No
CUST-13072,Starter,33.78,4,123.36,3,11,Monthly,No
CUST-13073,Enterprise,1066.36,45,47116.06,2,21,Monthly,No
CUST-13074,Professional,123.06,36,4637.77,2,14,Annual,No
CUST-13075,Professional,127.82,28,3665.62,1,34,Monthly,No
CUST-13076,Professional,140.68,1,143.66,1,13,Annual,No
CUST-13077,Starter,33.62,21,715.36,4,38,Monthly,No
CUST-13078,Professional,110.0,39,4448.32,0,11,Monthly,Yes
CUST-13079,Starter,43.19,2,87.15,1,37,Monthly,Yes
CUST-13080,Enterprise,517.97,14,6899.52,4,38,Monthly,Yes
CUST-13081,Professional,140.64,29,4061.99,3,19,Annual,No
CUST-13082,Professional,110.31,21,2374.82,3,38,Annual,Yes
CUST-13083,Professional,142.38,15,2054.39,1,23,Annual,No
CUST-13084,Starter,32.19,9,299.7,1,21,Monthly,No
CUST-13085,Professional,141.74,36,4770.58,3,3,Annual,Yes
CUST-13086,Enterprise,528.9,35,18812.33,3,25,Annual,No
CUST-13087,Starter,43.12,22,907.24,1,31,Annual,No
CUST-13088,Professional,145.82,36,5428.2,2,1,Annual,No
CUST-13089,Starter,46.94,45,1948.54,4,37,Annual,Yes
CUST-13090,Professional,132.82,29,4015.43,4,18,Annual,No
CUST-13091,Starter,31.08,2,64.28,2,10,Monthly,No
CUST-13092,Starter,30.66,46,1429.64,2,26,Monthly,No
CUST-13093,Enterprise,721.84,30,21030.94,4,7,Annual,Yes
CUST-13094,Professional,132.06,17,2324.63,2,28,Monthly,No
CUST-13095,Professional,109.8,16,1793.34,2,18,Annual,No
CUST-13096,Starter,31.16,37,1125.85,2,31,Annual,No
CUST-13097,Enterprise,888.41,5,4495.84,6,15,Annual,Yes
CUST-13098,Professional,104.53,10,1048.52,1,19,Monthly,No
CUST-13099,Professional,133.24,16,2085.29,4,30,Monthly,Yes
CUST-13100,Starter,47.57,42,2035.27,1,6,Monthly,No
CUST-13101,Starter,30.83,37,1052.31,2,4,Two-Year,No
CUST-13102,Professional,117.0,12,1451.65,0,12,Annual,No
CUST-13103,Professional,148.26,23,3290.04,6,6,Monthly,No
CUST-13104,Starter,42.43,45,1936.56,1,21,Annual,No
CUST-13105,Starter,44.01,38,1617.59,3,26,Monthly,No
CUST-13106,Starter,36.94,45,1676.76,3,15,Annual,No
CUST-13107,Starter,29.19,14,386.15,4,6,Monthly,No
CUST-13108,Enterprise,586.45,41,23825.08,3,11,Monthly,No
CUST-13109,Professional,145.52,27,4036.89,2,17,Annual,No
CUST-13110,Professional,122.03,34,3787.13,7,3,Annual,No
CUST-13111,Enterprise,521.74,2,1079.45,2,19,Annual,No
CUST-13112,Enterprise,614.13,47,28343.86,1,4,Monthly,No
CUST-13113,Starter,43.45,36,1478.75,1,8,Annual,No
CUST-13114,Professional,147.68,41,6067.73,5,18,Monthly,Yes
CUST-13115,Professional,119.17,30,3538.52,1,12,Monthly,No
CUST-13116,Starter,43.5,38,1685.56,4,21,Annual,No
CUST-13117,Enterprise,937.46,25,21568.17,4,39,Annual,Yes
CUST-13118,Starter,43.79,21,856.62,1,25,Monthly,No
CUST-13119,Starter,45.73,29,1363.98,4,7,Monthly,No
CUST-13120,Starter,37.59,37,1383.1,2,10,Monthly,No
CUST-13121,Starter,41.55,44,1654.98,3,8,Annual,Yes
CUST-13122,Enterprise,845.58,11,8888.35,3,11,Annual,No
CUST-13123,Professional,120.73,16,1918.43,3,33,Annual,No
CUST-13124,Professional,145.85,16,2405.41,3,25,Monthly,Yes
CUST-13125,Starter,29.4,47,1363.75,2,32,Monthly,No
CUST-13126,Starter,33.27,34,1128.55,1,20,Annual,No
CUST-13127,Enterprise,881.42,31,26293.86,3,21,Annual,No
CUST-13128,Enterprise,556.06,25,14263.38,1,1,Annual,Yes
CUST-13129,Enterprise,913.04,37,32730.36,2,30,Monthly,No
CUST-13130,Starter,32.75,46,1447.04,2,3,Monthly,No
CUST-13131,Starter,40.96,17,677.67,3,9,Monthly,No
CUST-13132,Enterprise,826.54,4,3056.07,2,32,Two-Year,No
CUST-13133,Professional,99.38,37,3678.53,6,25,Annual,No
CUST-13134,Professional,99.63,34,3183.18,2,32,Monthly,No
CUST-13135,Professional,142.21,12,1765.72,2,8,Annual,No
CUST-13136,Professional,132.73,6,734.45,2,30,Monthly,Yes
CUST-13137,Starter,44.4,46,2127.19,3,39,Annual,No
CUST-13138,Starter,35.5,35,1243.62,3,39,Monthly,No
CUST-13139,Starter,36.89,40,1401.8,0,20,Annual,No
CUST-13140,Starter,33.82,16,496.37,4,11,Monthly,No
CUST-13141,Professional,116.6,34,3825.04,3,11,Annual,No
CUST-13142,Starter,33.65,34,1049.46,4,15,Monthly,No
CUST-13143,Starter,45.64,40,1699.13,6,11,Annual,No
CUST-13144,Professional,146.71,5,713.05,1,22,Monthly,No
CUST-13145,Professional,128.76,19,2530.7,3,38,Monthly,Yes
CUST-13146,Professional,117.8,47,5545.13,1,7,Monthly,No
CUST-13147,Starter,35.65,19,668.11,1,2,Monthly,No
CUST-13148,Professional,105.95,11,1123.17,1,22,Two-Year,No
CUST-13149,Starter,39.04,3,120.88,1,22,Annual,No
CUST-13150,Professional,143.26,14,1893.9,3,8,Annual,No
CUST-13151,Enterprise,661.49,45,28224.44,2,17,Monthly,No
CUST-13152,Starter,36.43,20,681.98,3,1,Annual,No
CUST-13153,Starter,45.2,11,520.45,1,17,Annual,No
CUST-13154,Professional,134.08,12,1521.1,3,2,Monthly,Yes
CUST-13155,Professional,125.92,28,3589.22,2,15,Monthly,Yes
CUST-13156,Enterprise,686.56,40,27563.46,3,3,Monthly,No
CUST-13157,Enterprise,604.58,27,14878.15,1,13,Monthly,Yes
CUST-13158,Starter,30.13,10,300.3,2,39,Monthly,No
CUST-13159,Starter,43.58,46,2041.95,2,33,Monthly,No
CUST-13160,Enterprise,1007.3,46,46219.41,4,35,Monthly,No
CUST-13161,Professional,147.28,42,6265.64,8,20,Annual,No
CUST-13162,Professional,102.27,27,2752.53,4,38,Annual,No
CUST-13163,Starter,42.52,28,1121.25,1,38,Monthly,No
CUST-13164,Enterprise,829.91,34,29255.73,6,20,Annual,Yes
CUST-13165,Starter,45.39,17,757.98,5,1,Monthly,No
CUST-13166,Starter,32.39,36,1141.27,1,22,Monthly,No
CUST-13167,Enterprise,569.94,45,26892.5,3,22,Monthly,No
CUST-13168,Enterprise,897.35,46,42237.51,4,31,Monthly,No
CUST-13169,Professional,101.95,25,2635.75,2,23,Two-Year,No
CUST-13170,Professional,108.02,7,766.03,1,8,Monthly,No
CUST-13171,Enterprise,1155.06,31,36252.05,2,18,Monthly,No
CUST-13172,Professional,105.36,33,3515.54,8,27,Annual,No
CUST-13173,Starter,40.17,31,1153.2,1,24,Two-Year,No
CUST-13174,Starter,31.96,23,760.41,1,38,Monthly,No
CUST-13175,Enterprise,911.49,16,13147.68,2,8,Monthly,No
CUST-13176,Professional,148.11,43,6640.48,3,36,Two-Year,No
CUST-13177,Starter,34.84,12,396.9,1,14,Monthly,No
CUST-13178,Starter,32.02,2,62.83,0,31,Annual,No
CUST-13179,Professional,103.14,42,4100.02,1,24,Monthly,No
CUST-13180,Professional,110.55,27,3081.99,3,35,Monthly,No
CUST-13181,Enterprise,780.68,6,4389.02,1,1,Monthly,No
CUST-13182,Professional,140.92,13,1676.44,3,15,Monthly,No
CUST-13183,Professional,143.69,11,1508.18,3,4,Monthly,No
CUST-13184,Professional,114.91,22,2321.05,2,19,Two-Year,No
CUST-13185,Starter,32.01,1,29.23,2,16,Annual,No
CUST-13186,Starter,39.98,26,997.13,1,12,Monthly,No
CUST-13187,Professional,114.34,4,412.93,1,35,Monthly,No
CUST-13188,Professional,135.29,44,5978.28,4,31,Monthly,Yes
CUST-13189,Professional,128.54,5,658.81,1,6,Monthly,Yes
CUST-13190,Enterprise,1180.1,30,32725.25,2,26,Monthly,No
CUST-13191,Professional,147.92,23,3167.91,2,32,Monthly,No
CUST-13192,Professional,135.53,37,5165.12,3,26,Monthly,No
CUST-13193,Enterprise,1107.14,39,44378.74,1,12,Annual,No
CUST-13194,Professional,109.06,37,3717.96,1,35,Two-Year,No
CUST-13195,Starter,48.31,11,550.13,3,37,Monthly,No
CUST-13196,Professional,104.65,35,3381.95,2,29,Monthly,No
CUST-13197,Professional,101.91,28,2774.89,3,11,Monthly,Yes
CUST-13198,Professional,127.07,20,2393.82,2,32,Monthly,No
CUST-13199,Professional,112.07,23,2383.91,1,6,Monthly,No
CUST-13200,Professional,148.51,30,4035.26,2,30,Annual,No
CUST-13201,Professional,102.84,2,205.76,6,31,Annual,No
CUST-13202,Starter,47.36,6,271.44,2,6,Monthly,Yes
CUST-13203,Professional,102.46,13,1247.36,3,12,Monthly,No
CUST-13204,Professional,110.5,5,545.3,2,21,Monthly,No
CUST-13205,Professional,112.63,41,4813.73,6,37,Monthly,Yes
CUST-13206,Professional,135.3,23,2859.65,4,13,Monthly,No
CUST-13207,Enterprise,757.72,44,30770.82,1,19,Monthly,No
CUST-13208,Enterprise,1170.52,47,51373.48,0,39,Monthly,No
CUST-13209,Enterprise,875.69,4,3236.7,4,18,Monthly,No
CUST-13210,Enterprise,1136.67,5,5676.92,2,8,Annual,No
CUST-13211,Enterprise,981.93,21,21140.63,4,14,Annual,No
CUST-13212,Professional,141.74,16,2212.87,1,2,Monthly,No
CUST-13213,Starter,44.95,33,1390.58,3,23,Monthly,No
CUST-13214,Starter,43.68,31,1321.86,0,19,Monthly,No
CUST-13215,Professional,130.82,36,4737.4,3,25,Monthly,Yes
CUST-13216,Professional,144.92,18,2645.41,3,28,Two-Year,No
CUST-13217,Starter,43.03,40,1741.69,4,12,Monthly,No
CUST-13218,Starter,47.57,10,449.52,4,37,Annual,No
CUST-13219,Enterprise,514.08,44,22494.17,1,35,Annual,No
CUST-13220,Starter,48.11,27,1215.73,1,39,Two-Year,No
CUST-13221,Enterprise,801.68,22,16971.94,2,5,Annual,No
CUST-13222,Starter,33.8,29,1003.75,3,5,Monthly,No
CUST-13223,Professional,127.48,32,4242.45,2,4,Monthly,No
CUST-13224,Professional,101.83,42,3971.61,0,36,Monthly,No
CUST-13225,Professional,124.04,5,649.68,4,22,Two-Year,No
CUST-13226,Starter,29.8,10,294.39,1,13,Monthly,No
CUST-13227,Professional,113.4,23,2361.74,3,18,Monthly,Yes
CUST-13228,Professional,100.0,30,3042.7,2,30,Annual,No
CUST-13229,Starter,33.92,4,135.21,2,37,Annual,No
CUST-13230,Professional,122.86,4,443.26,5,6,Monthly,No
CUST-13231,Enterprise,657.38,9,5348.52,2,21,Monthly,No
CUST-13232,Enterprise,966.5,10,9836.66,3,9,Annual,No
CUST-13233,Professional,123.22,10,1153.5,0,38,Monthly,No
CUST-13234,Professional,114.37,36,4001.22,4,29,Annual,No
CUST-13235,Enterprise,567.69,24,13620.84,1,33,Monthly,No
CUST-13236,Enterprise,989.99,16,15933.23,1,21,Monthly,No
CUST-13237,Starter,29.47,28,743.53,2,19,Monthly,No
CUST-13238,Starter,30.25,19,599.52,4,32,Two-Year,No
CUST-13239,Starter,35.75,22,717.77,0,7,Monthly,Yes
CUST-13240,Starter,32.47,19,610.29,4,18,Monthly,No
CUST-13241,Starter,38.62,10,389.42,0,36,Annual,No
CUST-13242,Professional,130.95,36,4273.48,1,18,Monthly,No
CUST-13243,Professional,139.55,30,4051.87,1,38,Monthly,No
CUST-13244,Enterprise,664.79,11,7669.41,2,32,Monthly,No
CUST-13245,Enterprise,1034.71,33,32513.51,4,11,Monthly,Yes
CUST-13246,Enterprise,576.43,30,17990.52,2,26,Monthly,Yes
CUST-13247,Professional,128.5,27,3522.35,1,38,Annual,No
CUST-13248,Professional,144.07,33,4758.41,1,4,Monthly,No
CUST-13249,Starter,33.06,34,1045.09,0,36,Monthly,No
CUST-13250,Starter,36.86,28,1027.51,2,26,Monthly,No
CUST-13251,Enterprise,806.9,21,15794.58,1,34,Monthly,No
CUST-13252,Professional,100.29,10,1006.27,2,35,Monthly,No
CUST-13253,Professional,108.59,37,4051.38,3,37,Monthly,No
CUST-13254,Starter,47.26,22,1054.84,2,2,Monthly,No
CUST-13255,Enterprise,814.27,38,31523.36,3,16,Monthly,No
CUST-13256,Professional,140.21,42,5524.51,0,22,Monthly,No
CUST-13257,Enterprise,832.44,40,33183.82,0,12,Monthly,No
CUST-13258,Enterprise,822.37,6,4658.38,3,5,Annual,No
CUST-13259,Starter,43.17,44,1834.97,5,4,Two-Year,No
CUST-13260,Starter,47.3,8,343.66,2,8,Annual,No
CUST-13261,Enterprise,622.11,47,29490.47,4,7,Annual,Yes
CUST-13262,Enterprise,918.85,39,33244.58,0,12,Annual,No
CUST-13263,Enterprise,655.5,39,24474.24,1,5,Annual,No
CUST-13264,Enterprise,1148.26,42,45564.73,4,18,Monthly,No
CUST-13265,Professional,141.25,23,3388.53,5,27,Annual,Yes
CUST-13266,Starter,33.54,37,1143.85,2,25,Two-Year,Yes
CUST-13267,Enterprise,733.91,34,22778.14,6,13,Two-Year,Yes
CUST-13268,Professional,148.77,23,3537.52,4,8,Monthly,No
CUST-13269,Starter,42.02,45,1963.9,1,14,Two-Year,No
CUST-13270,Starter,45.57,23,1096.3,3,22,Monthly,No
CUST-13271,Enterprise,886.97,17,15766.17,4,38,Annual,No
CUST-13272,Professional,105.16,10,991.05,1,17,Monthly,No
CUST-13273,Professional,116.5,12,1270.61,5,33,Monthly,No
CUST-13274,Starter,45.33,42,1843.32,1,22,Annual,No
CUST-13275,Starter,32.29,5,164.05,0,28,Monthly,No
CUST-13276,Professional,129.67,32,4154.36,2,7,Monthly,No
CUST-13277,Enterprise,1075.21,7,7012.2,4,39,Annual,Yes
CUST-13278,Enterprise,597.15,19,10686.73,1,29,Monthly,No
CUST-13279,Professional,142.27,31,4398.67,1,35,Two-Year,No
CUST-13280,Professional,133.4,20,2466.03,2,15,Annual,No
CUST-13281,Professional,105.89,36,3765.42,2,33,Monthly,No
CUST-13282,Starter,32.79,2,68.63,2,26,Monthly,No
CUST-13283,Professional,145.54,5,667.72,1,29,Monthly,No
CUST-13284,Enterprise,899.81,5,4263.34,2,35,Monthly,Yes
CUST-13285,Enterprise,900.84,45,39228.82,3,39,Annual,No
CUST-13286,Professional,142.3,13,1814.7,3,25,Annual,Yes
CUST-13287,Professional,113.15,45,5099.21,3,14,Monthly,No
CUST-13288,Starter,30.6,14,397.42,6,25,Monthly,Yes
CUST-13289,Starter,36.69,46,1600.56,0,18,Monthly,No
CUST-13290,Enterprise,982.23,30,26630.9,5,3,Annual,No
CUST-13291,Starter,36.4,43,1631.03,5,2,Monthly,Yes
CUST-13292,Enterprise,764.16,23,18399.75,4,14,Two-Year,No
CUST-13293,Starter,31.0,26,783.05,5,39,Annual,No
CUST-13294,Enterprise,619.86,41,25662.62,2,1,Annual,Yes
CUST-13295,Starter,47.12,12,537.79,1,13,Monthly,No
CUST-13296,Enterprise,1195.11,32,35368.04,6,38,Annual,Yes
CUST-13297,Starter,31.62,44,1457.33,2,2,Monthly,No
CUST-13298,Professional,106.72,36,3557.21,6,13,Monthly,Yes
CUST-13299,Starter,29.2,40,1100.84,3,12,Two-Year,Yes
CUST-13300,Starter,35.96,19,640.34,1,32,Monthly,No
CUST-13301,Enterprise,975.53,40,39703.86,3,39,Monthly,No
CUST-13302,Starter,33.93,46,1557.48,3,14,Monthly,No
CUST-13303,Enterprise,1160.61,21,23647.52,1,20,Monthly,No
CUST-13304,Professional,106.26,23,2315.59,0,35,Annual,No
CUST-13305,Professional,128.93,21,2529.73,4,38,Two-Year,No
CUST-13306,Starter,40.5,4,160.23,1,28,Monthly,No
CUST-13307,Professional,137.67,30,4177.16,2,19,Monthly,No
CUST-13308,Professional,145.59,43,6286.16,3,37,Monthly,No
CUST-13309,Starter,34.8,43,1411.87,5,3,Annual,No
CUST-13310,Starter,35.91,36,1263.92,0,9,Annual,No
CUST-13311,Enterprise,647.42,27,17107.94,2,18,Monthly,Yes
CUST-13312,Starter,46.83,9,379.53,7,19,Monthly,No
CUST-13313,Starter,38.42,41,1422.1,2,14,Annual,Yes
CUST-13314,Professional,137.71,34,4787.37,1,3,Monthly,No
CUST-13315,Professional,99.65,8,734.02,1,10,Monthly,No
CUST-13316,Professional,145.4,14,1950.59,3,20,Monthly,Yes
CUST-13317,Professional,133.37,11,1378.52,1,34,Monthly,No
CUST-13318,Enterprise,798.87,3,2394.76,5,27,Annual,No
CUST-13319,Starter,29.72,5,148.21,4,21,Two-Year,No
CUST-13320,Starter,29.89,6,166.07,2,10,Annual,No
CUST-13321,Professional,140.19,8,1032.35,7,17,Monthly,Yes
CUST-13322,Starter,43.12,36,1503.4,1,19,Monthly,No
CUST-13323,Enterprise,645.05,18,11807.75,3,19,Annual,Yes
CUST-13324,Professional,141.31,26,3660.14,4,10,Annual,No
CUST-13325,Starter,43.32,14,583.45,2,12,Two-Year,No
CUST-13326,Starter,37.05,14,523.42,2,27,Monthly,No
CUST-13327,Starter,43.94,40,1761.78,1,31,Annual,No
CUST-13328,Enterprise,922.46,18,16514.52,2,35,Annual,No
CUST-13329,Professional,108.93,26,2791.72,4,30,Monthly,Yes
CUST-13330,Professional,102.11,3,307.81,2,18,Monthly,No
CUST-13331,Starter,37.92,43,1629.64,2,9,Annual,No
CUST-13332,Enterprise,554.14,15,7547.26,0,24,Monthly,No
CUST-13333,Starter,35.56,3,107.29,4,11,Annual,No
CUST-13334,Starter,34.3,29,926.48,1,6,Two-Year,No
CUST-13335,Starter,41.49,45,1895.44,6,39,Monthly,No
CUST-13336,Professional,143.5,7,1017.66,1,1,Annual,No
CUST-13337,Professional,110.51,40,4133.16,2,31,Annual,No
CUST-13338,Starter,46.27,24,1107.17,5,28,Annual,Yes
CUST-13339,Professional,134.16,42,5208.6,2,9,Monthly,No
CUST-13340,Enterprise,598.74,23,13133.96,4,33,Monthly,No
CUST-13341,Professional,118.27,24,2781.07,3,1,Monthly,No
CUST-13342,Professional,113.32,26,3060.95,1,26,Monthly,No
CUST-13343,Starter,30.06,28,768.39,1,32,Monthly,No
CUST-13344,Professional,106.56,13,1376.53,1,13,Monthly,No
CUST-13345,Enterprise,893.53,25,21719.77,2,8,Annual,Yes
CUST-13346,Starter,30.12,11,325.12,2,32,Annual,No
CUST-13347,Starter,40.93,25,1072.19,5,37,Monthly,No
CUST-13348,Enterprise,655.74,3,1782.03,3,3,Two-Year,No
CUST-13349,Professional,129.71,12,1574.81,1,16,Monthly,No
CUST-13350,Starter,35.29,29,948.45,1,20,Two-Year,No
CUST-13351,Starter,31.13,37,1060.21,4,14,Annual,No
CUST-13352,Professional,148.05,43,6065.73,2,29,Monthly,No
CUST-13353,Professional,146.94,25,3431.06,6,34,Monthly,Yes
CUST-13354,Professional,125.71,1,129.83,6,20,Annual,No
CUST-13355,Enterprise,987.93,45,43601.25,1,25,Monthly,No
CUST-13356,Enterprise,612.23,13,7880.63,1,35,Annual,No
CUST-13357,Professional,103.17,37,3815.35,3,38,Monthly,Yes
CUST-13358,Starter,32.0,18,549.82,2,7,Monthly,No
CUST-13359,Enterprise,880.4,43,39517.11,2,25,Monthly,No
CUST-13360,Starter,35.27,11,378.49,1,18,Monthly,No
CUST-13361,Starter,46.38,43,1819.51,3,37,Monthly,No
CUST-13362,Starter,36.69,41,1520.52,3,23,Annual,No
CUST-13363,Starter,46.94,13,551.67,3,19,Monthly,No
CUST-13364,Starter,34.59,5,169.14,5,19,Annual,No
CUST-13365,Starter,46.62,24,1058.11,5,18,Monthly,No
CUST-13366,Starter,44.15,38,1617.45,3,6,Annual,No
CUST-13367,Enterprise,1148.78,21,23364.13,4,13,Monthly,No
CUST-13368,Enterprise,848.01,29,23300.96,1,21,Monthly,No
CUST-13369,Professional,115.36,37,4045.93,0,17,Monthly,No
CUST-13370,Starter,40.75,13,547.96,0,6,Two-Year,No
CUST-13371,Enterprise,640.42,42,27076.0,1,9,Monthly,No
CUST-13372,Enterprise,775.28,13,9117.85,1,1,Monthly,No
CUST-13373,Professional,124.36,40,4731.97,3,35,Annual,No
CUST-13374,Starter,42.47,17,688.82,2,39,Monthly,No
CUST-13375,Starter,41.8,22,951.34,3,13,Monthly,No
CUST-13376,Starter,37.07,2,76.29,1,6,Monthly,No
CUST-13377,Professional,99.18,18,1668.45,0,4,Monthly,No
CUST-13378,Starter,32.67,14,464.96,1,22,Monthly,No
CUST-13379,Professional,128.98,10,1251.54,3,37,Annual,No
CUST-13380,Starter,33.27,4,128.06,2,25,Annual,No
CUST-13381,Starter,45.93,30,1388.4,0,27,Annual,No
CUST-13382,Starter,43.6,8,328.2,2,28,Monthly,No
CUST-13383,Starter,32.23,21,620.35,3,29,Monthly,No
CUST-13384,Enterprise,836.5,25,18938.3,3,5,Annual,No
CUST-13385,Professional,125.41,20,2530.62,1,2,Monthly,No
CUST-13386,Professional,119.38,27,3273.2,2,7,Monthly,No
CUST-13387,Professional,113.88,28,3059.43,2,5,Monthly,No
CUST-13388,Starter,41.75,32,1267.15,1,15,Annual,Yes
CUST-13389,Professional,114.24,45,4749.14,1,14,Two-Year,No
CUST-13390,Professional,121.01,16,1981.55,5,24,Annual,No
CUST-13391,Enterprise,702.57,38,24847.87,2,25,Two-Year,No
CUST-13392,Professional,136.11,35,4938.24,3,34,Two-Year,Yes
CUST-13393,Professional,144.65,3,405.77,3,18,Annual,No
CUST-13394,Enterprise,1005.52,5,4806.33,0,11,Monthly,No
CUST-13395,Starter,33.49,29,975.78,1,9,Monthly,No
CUST-13396,Professional,136.57,4,568.59,3,8,Annual,No
CUST-13397,Enterprise,540.93,7,3784.57,3,20,Monthly,No
CUST-13398,Professional,106.51,29,3061.38,3,14,Annual,No
CUST-13399,Professional,144.49,24,3145.16,3,10,Two-Year,No
CUST-13400,Professional,126.58,44,5144.12,2,25,Two-Year,No
CUST-13401,Professional,120.85,12,1335.13,1,30,Monthly,No
CUST-13402,Starter,44.63,33,1395.62,1,16,Monthly,No
CUST-13403,Enterprise,1131.37,42,47398.03,6,24,Annual,No
CUST-13404,Starter,34.26,12,417.88,0,37,Monthly,No
CUST-13405,Starter,45.34,26,1163.34,2,5,Monthly,No
CUST-13406,Enterprise,1002.71,9,8475.3,2,3,Monthly,No
CUST-13407,Professional,102.42,3,321.53,2,34,Monthly,No
CUST-13408,Professional,129.98,4,529.39,0,23,Monthly,No
CUST-13409,Professional,108.72,16,1682.36,5,22,Monthly,Yes
CUST-13410,Starter,34.68,10,316.82,0,9,Monthly,No
CUST-13411,Enterprise,1088.66,41,41942.99,3,28,Monthly,No
CUST-13412,Professional,114.34,15,1748.26,2,18,Monthly,No
CUST-13413,Professional,111.38,27,2916.0,2,37,Monthly,No
CUST-13414,Starter,38.45,17,595.42,4,19,Annual,Yes
CUST-13415,Professional,124.78,28,3217.8,2,29,Monthly,No
CUST-13416,Starter,38.44,3,103.8,4,24,Annual,Yes
CUST-13417,Starter,30.2,1,27.45,1,37,Annual,No
CUST-13418,Professional,135.06,28,3522.24,0,4,Monthly,No
CUST-13419,Starter,38.15,16,575.74,3,25,Monthly,No
CUST-13420,Professional,141.52,17,2346.44,2,36,Monthly,No
CUST-13421,Professional,136.84,46,5831.37,0,16,Monthly,No
CUST-13422,Professional,143.41,25,3444.17,4,37,Monthly,Yes
CUST-13423,Professional,145.08,14,1931.95,4,35,Monthly,Yes
CUST-13424,Professional,133.89,30,4213.08,3,17,Annual,No
CUST-13425,Professional,99.92,2,208.72,3,6,Monthly,No
CUST-13426,Professional,106.06,39,3894.08,3,38,Annual,No
CUST-13427,Starter,46.62,30,1344.11,4,10,Annual,No
CUST-13428,Professional,131.43,3,358.02,4,38,Monthly,No
CUST-13429,Professional,146.35,16,2166.53,4,33,Annual,No
CUST-13430,Starter,38.8,32,1172.41,2,4,Monthly,No
CUST-13431,Starter,40.98,22,865.89,6,29,Annual,Yes
CUST-13432,Starter,40.06,44,1770.68,1,25,Monthly,No
CUST-13433,Professional,145.37,20,2795.03,3,37,Monthly,No
CUST-13434,Starter,32.48,8,248.67,5,18,Monthly,No
CUST-13435,Starter,37.85,18,684.14,3,29,Annual,No
CUST-13436,Enterprise,1147.29,34,39025.6,2,23,Monthly,No
CUST-13437,Starter,41.0,9,369.9,0,37,Annual,No
CUST-13438,Professional,140.56,4,549.84,1,18,Monthly,No
CUST-13439,Enterprise,692.32,14,9815.35,1,23,Annual,No
CUST-13440,Starter,32.72,17,535.2,3,5,Monthly,No
CUST-13441,Professional,120.59,29,3424.47,2,33,Annual,No
CUST-13442,Professional,113.85,26,2901.02,6,32,Monthly,Yes
CUST-13443,Starter,46.35,35,1494.81,2,18,Monthly,Yes
CUST-13444,Starter,38.98,42,1658.41,0,39,Annual,No
CUST-13445,Professional,131.36,23,2861.49,3,1,Annual,No
CUST-13446,Starter,40.86,37,1444.45,2,7,Monthly,No
CUST-13447,Starter,40.98,38,1440.6,0,24,Annual,No
CUST-13448,Professional,145.99,19,2501.34,2,38,Annual,No
CUST-13449,Starter,30.33,39,1066.4,2,37,Annual,No
CUST-13450,Professional,118.1,23,2686.81,0,30,Two-Year,No
CUST-13451,Starter,32.65,20,615.32,3,6,Annual,No
CUST-13452,Professional,104.8,14,1489.95,1,21,Monthly,No
CUST-13453,Professional,147.12,44,5946.74,6,31,Monthly,No
CUST-13454,Starter,32.55,9,298.46,5,19,Monthly,No
CUST-13455,Professional,140.2,38,5560.04,1,21,Annual,No
CUST-13456,Starter,30.16,11,332.85,1,19,Monthly,No
CUST-13457,Professional,132.48,12,1539.05,2,27,Monthly,No
CUST-13458,Enterprise,1104.89,31,35097.07,4,15,Annual,No
CUST-13459,Starter,44.8,18,787.5,3,5,Annual,No
CUST-13460,Professional,101.01,29,2957.18,3,21,Monthly,Yes
CUST-13461,Professional,136.55,17,2413.61,3,39,Monthly,Yes
CUST-13462,Starter,42.61,6,234.04,0,9,Monthly,No
CUST-13463,Professional,112.81,7,750.11,0,22,Monthly,No
CUST-13464,Starter,43.88,45,1978.47,2,10,Monthly,No
CUST-13465,Professional,128.7,9,1138.77,0,5,Annual,No
CUST-13466,Starter,42.2,33,1302.95,3,14,Monthly,No
CUST-13467,Enterprise,755.17,41,29113.52,6,4,Annual,No
CUST-13468,Enterprise,1087.68,22,22757.97,5,37,Monthly,No
CUST-13469,Enterprise,748.27,11,8068.05,1,30,Annual,No
CUST-13470,Starter,44.33,18,826.06,3,23,Annual,Yes
CUST-13471,Professional,113.13,8,926.41,2,10,Monthly,No
CUST-13472,Starter,38.03,18,617.37,2,19,Monthly,Yes
CUST-13473,Starter,41.9,46,1811.88,4,18,Monthly,No
CUST-13474,Professional,131.76,40,5241.48,3,22,Two-Year,No
CUST-13475,Starter,34.26,16,533.67,2,6,Two-Year,No
CUST-13476,Professional,108.42,18,2033.75,3,13,Annual,No
CUST-13477,Professional,120.18,30,3478.88,6,11,Monthly,No
CUST-13478,Starter,29.79,18,490.47,2,17,Monthly,No
CUST-13479,Starter,42.91,28,1256.01,4,3,Annual,No
CUST-13480,Enterprise,799.44,45,35145.17,3,26,Annual,No
CUST-13481,Starter,48.8,22,1037.9,7,18,Monthly,No
CUST-13482,Professional,102.07,14,1435.03,2,33,Annual,No
CUST-13483,Starter,48.55,42,1855.46,3,14,Monthly,No
CUST-13484,Starter,46.92,30,1412.13,5,14,Monthly,Yes
CUST-13485,Starter,38.07,1,34.73,3,6,Monthly,No
CUST-13486,Professional,148.28,5,675.82,2,31,Monthly,No
CUST-13487,Enterprise,1004.21,16,14915.21,1,4,Monthly,No
CUST-13488,Starter,30.14,22,665.29,2,21,Monthly,No
CUST-13489,Professional,146.37,12,1601.95,1,17,Annual,No
CUST-13490,Starter,43.89,11,458.12,0,36,Monthly,No
CUST-13491,Starter,38.44,43,1615.32,0,21,Monthly,No
CUST-13492,Enterprise,1073.6,37,41324.02,2,8,Annual,No
CUST-13493,Enterprise,796.23,40,29602.96,3,37,Two-Year,No
CUST-13494,Starter,30.13,32,905.67,0,8,Annual,No
CUST-13495,Starter,33.55,43,1465.22,4,19,Monthly,No
CUST-13496,Professional,103.59,2,202.91,3,24,Annual,No
CUST-13497,Starter,46.46,14,630.63,4,39,Annual,No
CUST-13498,Professional,102.37,45,4287.1,1,13,Two-Year,No
CUST-13499,Professional,136.99,27,3421.33,5,38,Annual,Yes
CUST-13500,Professional,108.55,7,721.67,5,17,Monthly,Yes
CUST-13501,Professional,128.76,43,5788.89,7,4,Monthly,No
CUST-13502,Professional,131.15,29,3636.26,2,25,Monthly,No
CUST-13503,Professional,108.53,42,4401.62,3,22,Monthly,No
CUST-13504,Enterprise,648.94,33,22050.78,4,10,Monthly,No
CUST-13505,Professional,139.44,28,4084.79,5,20,Monthly,Yes
CUST-13506,Starter,42.87,40,1632.06,6,13,Monthly,No
CUST-13507,Starter,47.28,9,440.79,4,32,Monthly,Yes
CUST-13508,Starter,47.85,27,1266.58,3,21,Two-Year,No
CUST-13509,Starter,32.91,11,364.65,1,3,Annual,No
CUST-13510,Starter,41.9,3,124.17,4,22,Two-Year,No
CUST-13511,Professional,144.87,10,1332.95,3,29,Annual,No
CUST-13512,Starter,45.04,5,228.08,1,37,Monthly,No
CUST-13513,Starter,33.35,36,1132.42,2,28,Monthly,No
CUST-13514,Starter,39.75,16,615.66,2,10,Monthly,No
CUST-13515,Enterprise,980.11,7,7134.1,2,12,Monthly,Yes
CUST-13516,Professional,107.63,36,3599.19,1,35,Monthly,No
CUST-13517,Starter,41.82,31,1177.41,1,32,Annual,No
CUST-13518,Starter,34.76,35,1247.91,1,27,Monthly,No
CUST-13519,Starter,31.84,9,264.33,6,35,Annual,No
CUST-13520,Starter,42.65,31,1202.01,3,22,Monthly,No
CUST-13521,Starter,40.25,45,1636.2,2,16,Annual,No
CUST-13522,Enterprise,929.1,22,19272.05,2,3,Monthly,No
CUST-13523,Starter,42.39,25,991.26,3,12,Monthly,No
CUST-13524,Professional,109.46,8,860.1,0,37,Monthly,Yes
CUST-13525,Starter,40.17,44,1597.59,1,12,Monthly,No
CUST-13526,Starter,32.89,2,63.89,4,7,Monthly,No
CUST-13527,Enterprise,786.84,39,32124.91,2,17,Annual,No
CUST-13528,Enterprise,766.03,12,8402.36,5,35,Annual,Yes
CUST-13529,Starter,41.04,11,431.26,2,7,Monthly,No
CUST-13530,Starter,30.36,41,1237.0,2,17,Monthly,No
CUST-13531,Professional,100.65,21,1920.93,8,29,Monthly,No
CUST-13532,Professional,137.38,32,3967.84,4,29,Monthly,Yes
CUST-13533,Starter,38.52,3,110.86,4,37,Annual,Yes
CUST-13534,Professional,111.61,13,1486.09,3,1,Annual,Yes
CUST-13535,Starter,43.09,33,1404.29,3,23,Monthly,No
CUST-13536,Starter,42.48,35,1387.51,1,6,Monthly,No
CUST-13537,Professional,123.38,14,1686.97,2,5,Monthly,No
CUST-13538,Starter,41.77,1,42.89,2,16,Monthly,Yes
CUST-13539,Professional,145.36,38,5246.23,3,24,Monthly,No
CUST-13540,Starter,30.97,31,934.87,2,2,Two-Year,No
CUST-13541,Starter,29.25,26,748.3,1,17,Two-Year,No
CUST-13542,Starter,47.29,17,783.56,1,38,Monthly,No
CUST-13543,Enterprise,1078.88,46,45670.66,3,1,Monthly,Yes
CUST-13544,Enterprise,926.18,29,24900.1,5,2,Monthly,No
CUST-13545,Professional,135.1,43,5312.27,3,24,Monthly,No
CUST-13546,Starter,47.23,14,617.94,1,19,Monthly,No
CUST-13547,Professional,105.32,5,482.76,3,30,Monthly,Yes
CUST-13548,Professional,103.53,24,2545.25,2,38,Annual,No
CUST-13549,Starter,46.61,34,1601.56,4,11,Monthly,No
CUST-13550,Professional,110.78,18,1876.64,1,3,Annual,No
CUST-13551,Starter,40.83,3,112.58,0,39,Monthly,No
CUST-13552,Enterprise,1108.96,43,43427.7,3,39,Monthly,No
CUST-13553,Starter,31.17,22,657.28,1,6,Monthly,No
CUST-13554,Starter,47.87,28,1236.35,3,17,Monthly,No
CUST-13555,Professional,131.71,21,2553.88,1,1,Monthly,No
CUST-13556,Enterprise,891.86,2,1804.96,1,3,Annual,No
CUST-13557,Professional,99.13,10,984.44,8,11,Monthly,No
CUST-13558,Starter,30.88,9,271.82,1,27,Monthly,No
CUST-13559,Starter,30.15,8,235.4,2,26,Annual,No
CUST-13560,Starter,46.98,25,1194.16,1,13,Annual,No
CUST-13561,Starter,43.97,3,120.73,5,31,Monthly,Yes
CUST-13562,Enterprise,1198.66,33,40254.6,1,22,Monthly,No
CUST-13563,Professional,109.13,1,99.51,1,8,Two-Year,No
CUST-13564,Professional,112.37,37,4281.14,4,23,Monthly,No
CUST-13565,Professional,133.42,14,1893.71,1,10,Monthly,No
CUST-13566,Professional,102.12,1,94.62,3,8,Annual,No
CUST-13567,Professional,132.89,11,1477.78,2,2,Annual,No
CUST-13568,Professional,124.55,41,5230.48,2,15,Annual,No
CUST-13569,Starter,45.81,47,2156.18,6,36,Annual,No
CUST-13570,Starter,44.87,3,127.24,2,26,Monthly,Yes
CUST-13571,Starter,30.21,28,817.11,1,34,Monthly,No
CUST-13572,Enterprise,793.44,5,3646.11,4,17,Monthly,No
CUST-13573,Starter,40.02,45,1740.4,2,22,Monthly,No
CUST-13574,Enterprise,927.66,13,12136.64,1,3,Monthly,No
CUST-13575,Starter,40.07,18,691.03,2,29,Monthly,No
CUST-13576,Enterprise,1109.0,20,23142.15,1,8,Monthly,No
CUST-13577,Enterprise,849.91,19,15550.45,2,1,Annual,No
CUST-13578,Professional,131.42,19,2257.31,5,20,Annual,Yes
CUST-13579,Professional,140.95,21,3069.77,3,3,Annual,No
CUST-13580,Starter,36.01,35,1137.23,0,35,Monthly,No
CUST-13581,Professional,114.51,31,3702.26,3,23,Annual,Yes
CUST-13582,Professional,123.75,30,3890.7,0,35,Annual,No
CUST-13583,Professional,145.89,13,1931.91,3,8,Annual,No
CUST-13584,Professional,112.5,43,4661.78,4,4,Annual,No
CUST-13585,Professional,107.14,4,432.56,1,39,Monthly,No
CUST-13586,Starter,35.32,17,622.42,1,38,Monthly,No
CUST-13587,Starter,31.11,27,803.95,4,39,Annual,No
CUST-13588,Starter,40.85,23,855.53,1,5,Monthly,Yes
CUST-13589,Professional,133.08,41,5333.0,1,31,Annual,No
CUST-13590,Professional,110.03,28,3146.92,1,21,Annual,No
CUST-13591,Starter,34.46,22,709.03,1,10,Monthly,No
CUST-13592,Starter,47.01,23,1027.78,2,12,Monthly,No
CUST-13593,Starter,42.98,5,194.66,3,4,Monthly,No
CUST-13594,Starter,39.85,21,795.3,4,19,Monthly,Yes
CUST-13595,Professional,100.23,6,561.43,3,21,Monthly,No
CUST-13596,Starter,42.15,23,940.2,0,28,Monthly,Yes
CUST-13597,Starter,43.34,13,591.43,3,23,Annual,No
CUST-13598,Enterprise,828.26,42,36055.15,3,4,Monthly,No
CUST-13599,Professional,110.68,4,445.67,3,13,Monthly,No
CUST-13600,Starter,44.66,15,674.89,3,16,Monthly,Yes
CUST-13601,Professional,111.64,32,3570.24,2,31,Two-Year,Yes
CUST-13602,Starter,31.13,46,1318.92,1,13,Monthly,No
CUST-13603,Starter,36.23,15,525.58,3,20,Monthly,No
CUST-13604,Enterprise,1112.22,42,47726.41,2,6,Annual,No
CUST-13605,Starter,48.7,43,2186.14,6,27,Annual,Yes
CUST-13606,Starter,31.22,2,62.16,1,8,Monthly,No
CUST-13607,Starter,29.59,23,672.03,6,25,Annual,Yes
CUST-13608,Professional,134.99,39,4925.11,1,30,Monthly,No
CUST-13609,Professional,138.69,2,284.48,1,25,Annual,No
CUST-13610,Enterprise,963.11,43,42800.3,1,35,Monthly,No
CUST-13611,Enterprise,860.45,32,26913.39,3,22,Annual,No
CUST-13612,Professional,128.5,2,246.77,5,12,Annual,No
CUST-13613,Starter,46.12,32,1503.38,2,20,Annual,No
CUST-13614,Starter,33.04,8,249.93,3,24,Annual,No
CUST-13615,Professional,126.75,25,3242.82,0,38,Annual,No
CUST-13616,Professional,131.91,16,1937.89,5,10,Two-Year,No
CUST-13617,Professional,108.86,32,3624.83,2,1,Monthly,No
CUST-13618,Starter,47.08,37,1717.39,3,17,Annual,No
CUST-13619,Enterprise,772.18,34,25285.46,4,23,Monthly,No
CUST-13620,Professional,124.04,38,4704.84,2,29,Annual,No
CUST-13621,Enterprise,662.43,19,12479.84,3,26,Two-Year,Yes
CUST-13622,Professional,118.45,6,641.17,1,1,Annual,No
CUST-13623,Enterprise,1173.78,17,20771.5,0,34,Two-Year,No
CUST-13624,Enterprise,523.25,33,16535.71,2,8,Monthly,No
CUST-13625,Professional,141.05,2,262.98,3,8,Monthly,Yes
CUST-13626,Enterprise,792.89,7,5718.59,1,10,Monthly,No
CUST-13627,Enterprise,960.98,45,41031.77,2,1,Annual,No
CUST-13628,Professional,136.35,36,4623.52,2,22,Monthly,No
CUST-13629,Starter,46.39,25,1063.3,0,36,Monthly,No
CUST-13630,Enterprise,839.43,5,3971.72,5,39,Monthly,No
CUST-13631,Professional,103.59,45,4281.23,6,34,Annual,No
CUST-13632,Starter,38.48,40,1391.0,3,27,Annual,No
CUST-13633,Enterprise,621.19,8,5146.87,3,6,Monthly,Yes
CUST-13634,Starter,41.31,37,1465.56,3,31,Annual,No
CUST-13635,Professional,116.31,39,4209.97,2,12,Monthly,No
CUST-13636,Professional,109.29,44,4787.12,4,27,Monthly,No
CUST-13637,Professional,124.97,43,5565.13,2,16,Monthly,Yes
CUST-13638,Enterprise,530.91,39,20662.72,1,7,Monthly,No
CUST-13639,Professional,124.08,6,724.85,4,16,Monthly,Yes
CUST-13640,Professional,104.26,20,2008.5,0,23,Monthly,No
CUST-13641,Professional,122.84,31,3810.47,3,23,Two-Year,Yes
CUST-13642,Enterprise,1024.12,37,38198.59,3,36,Monthly,No
CUST-13643,Enterprise,1047.56,18,17193.4,1,37,Monthly,No
CUST-13644,Enterprise,1162.84,9,10530.11,1,8,Annual,No
CUST-13645,Enterprise,840.94,42,31841.97,3,11,Monthly,No
CUST-13646,Starter,30.49,40,1143.34,2,23,Annual,No
CUST-13647,Professional,121.85,47,5772.74,3,38,Monthly,No
CUST-13648,Starter,42.54,14,540.48,2,16,Monthly,No
CUST-13649,Professional,99.94,7,688.24,1,30,Monthly,No
CUST-13650,Enterprise,1057.1,3,3273.0,3,14,Monthly,Yes
CUST-13651,Starter,43.7,15,621.4,3,19,Monthly,Yes
CUST-13652,Professional,128.0,19,2410.79,2,13,Two-Year,No
CUST-13653,Enterprise,1063.92,38,41683.87,3,1,Monthly,No
CUST-13654,Professional,105.49,10,1041.2,0,2,Monthly,No
CUST-13655,Professional,138.72,30,3846.87,1,35,Monthly,Yes
CUST-13656,Enterprise,586.63,38,21264.03,5,6,Annual,Yes
CUST-13657,Starter,37.15,7,236.88,4,32,Monthly,No
CUST-13658,Starter,47.47,16,693.98,2,6,Annual,No
CUST-13659,Enterprise,1109.52,18,19443.26,0,26,Annual,No
CUST-13660,Professional,136.32,41,5156.82,4,7,Annual,No
CUST-13661,Starter,38.63,2,76.2,2,4,Monthly,No
CUST-13662,Starter,46.72,45,2165.24,2,31,Monthly,Yes
CUST-13663,Professional,146.0,27,3682.06,2,15,Annual,No
CUST-13664,Starter,36.32,36,1205.34,2,15,Two-Year,No
CUST-13665,Starter,33.63,29,906.63,3,8,Monthly,No
CUST-13666,Starter,45.82,29,1200.76,4,6,Annual,No
CUST-13667,Starter,47.2,16,765.87,1,16,Monthly,No
CUST-13668,Starter,41.8,36,1509.06,4,19,Annual,No
CUST-13669,Enterprise,1107.58,44,49003.95,2,37,Monthly,No
CUST-13670,Professional,121.78,38,4682.25,2,7,Monthly,No
CUST-13671,Professional,99.75,39,3768.68,3,16,Annual,No
CUST-13672,Professional,127.02,7,876.43,0,29,Two-Year,No
CUST-13673,Professional,144.26,46,5997.9,2,11,Annual,No
CUST-13674,Starter,41.84,28,1122.26,3,8,Two-Year,No
CUST-13675,Starter,41.52,10,396.06,3,13,Monthly,No
CUST-13676,Starter,36.85,18,680.1,3,7,Monthly,No
CUST-13677,Professional,138.82,28,3686.99,5,23,Monthly,No
CUST-13678,Professional,125.06,46,5297.06,2,1,Monthly,No
CUST-13679,Enterprise,968.04,5,4620.39,3,5,Monthly,No
CUST-13680,Enterprise,636.43,41,26422.5,3,3,Monthly,No
CUST-13681,Enterprise,512.1,24,11686.57,2,1,Annual,No
CUST-13682,Professional,131.24,19,2449.8,1,16,Monthly,No
CUST-13683,Starter,41.97,42,1725.94,1,11,Annual,No
CUST-13684,Starter,48.72,31,1494.31,2,12,Annual,No
CUST-13685,Enterprise,972.97,3,2988.84,4,19,Monthly,Yes
CUST-13686,Professional,109.97,46,4655.77,2,9,Annual,No
CUST-13687,Starter,46.44,38,1643.31,2,1,Monthly,No
CUST-13688,Starter,46.06,12,504.15,3,12,Two-Year,No
CUST-13689,Starter,36.96,30,1039.19,0,27,Monthly,No
CUST-13690,Starter,44.43,31,1411.71,4,23,Monthly,Yes
CUST-13691,Starter,40.0,9,342.86,3,25,Annual,No
CUST-13692,Starter,42.95,4,156.88,0,25,Monthly,No
CUST-13693,Starter,37.92,22,778.24,4,17,Monthly,No
CUST-13694,Enterprise,530.05,44,21700.57,3,28,Annual,No
CUST-13695,Starter,33.55,27,874.05,1,15,Monthly,No
CUST-13696,Starter,31.05,26,803.08,1,10,Monthly,No
CUST-13697,Starter,32.74,16,472.29,3,12,Annual,No
CUST-13698,Starter,43.87,1,42.97,3,32,Monthly,No
CUST-13699,Enterprise,761.46,37,28915.68,2,27,Two-Year,No
CUST-13700,Professional,147.08,38,5336.32,2,33,Two-Year,No
CUST-13701,Professional,145.29,27,3663.89,2,16,Annual,No
CUST-13702,Starter,35.91,30,1038.3,2,23,Annual,No
CUST-13703,Starter,42.31,18,722.36,4,22,Annual,Yes
CUST-13704,Starter,36.32,47,1731.79,1,27,Annual,No
CUST-13705,Professional,124.53,44,5477.08,3,6,Annual,Yes
CUST-13706,Enterprise,1049.08,26,25635.14,1,31,Two-Year,No
CUST-13707,Professional,111.96,7,796.72,4,38,Annual,No
CUST-13708,Starter,37.26,32,1094.0,3,22,Annual,No
CUST-13709,Enterprise,1089.94,42,48041.67,1,37,Monthly,No
CUST-13710,Starter,41.7,11,425.33,5,24,Monthly,No
CUST-13711,Professional,107.41,37,3704.78,0,9,Monthly,No
CUST-13712,Professional,120.62,41,4743.79,3,33,Monthly,No
CUST-13713,Professional,128.22,47,5730.55,5,29,Monthly,Yes
CUST-13714,Enterprise,1042.29,20,21302.93,3,39,Monthly,Yes
CUST-13715,Starter,43.33,32,1264.83,3,21,Monthly,Yes
CUST-13716,Starter,45.74,30,1275.04,4,13,Two-Year,No
CUST-13717,Starter,47.83,24,1102.52,3,22,Monthly,No
CUST-13718,Professional,144.79,6,839.24,3,23,Monthly,Yes
CUST-13719,Starter,46.48,20,913.44,2,8,Monthly,No
CUST-13720,Starter,47.29,32,1545.3,2,6,Monthly,No
CUST-13721,Starter,36.15,11,406.04,0,9,Annual,No
CUST-13722,Professional,148.18,43,5993.99,1,6,Monthly,No
CUST-13723,Starter,45.39,29,1262.18,2,2,Monthly,Yes
CUST-13724,Starter,40.85,29,1067.93,2,7,Monthly,No
CUST-13725,Starter,32.31,17,561.22,1,33,Monthly,No
CUST-13726,Enterprise,789.22,46,36111.81,2,7,Monthly,No
CUST-13727,Starter,33.54,41,1274.18,3,30,Monthly,No
CUST-13728,Professional,121.94,28,3460.28,4,14,Annual,No
CUST-13729,Starter,29.8,30,814.08,2,8,Monthly,No
CUST-13730,Starter,44.92,14,590.13,2,38,Monthly,No
CUST-13731,Starter,43.88,27,1151.63,6,19,Monthly,No
CUST-13732,Starter,30.56,35,1008.64,3,33,Monthly,No
CUST-13733,Enterprise,752.42,20,14438.72,4,22,Monthly,No
CUST-13734,Professional,146.89,9,1224.02,2,14,Monthly,No
CUST-13735,Starter,43.02,24,969.3,4,34,Two-Year,No
CUST-13736,Starter,43.7,6,238.68,2,17,Annual,No
CUST-13737,Starter,30.68,16,454.73,3,4,Two-Year,No
CUST-13738,Professional,129.36,8,1039.34,4,9,Monthly,No
CUST-13739,Professional,126.49,12,1533.75,2,1,Annual,No
CUST-13740,Enterprise,1124.33,43,47982.58,0,21,Monthly,No
CUST-13741,Professional,141.02,19,2693.86,2,25,Annual,No
CUST-13742,Professional,100.52,2,200.62,4,11,Two-Year,No
CUST-13743,Starter,44.06,1,45.15,1,17,Annual,No
CUST-13744,Starter,44.4,27,1108.03,2,25,Monthly,No
CUST-13745,Starter,33.11,19,634.3,3,39,Two-Year,Yes
CUST-13746,Starter,41.66,13,515.37,3,36,Annual,No
CUST-13747,Starter,37.99,29,1105.67,2,37,Two-Year,No
CUST-13748,Enterprise,702.31,22,14797.32,0,13,Monthly,No
CUST-13749,Starter,47.86,27,1298.92,5,4,Monthly,Yes
CUST-13750,Professional,101.38,39,3825.3,0,25,Monthly,No
CUST-13751,Starter,47.33,34,1601.47,2,20,Monthly,No
CUST-13752,Professional,114.17,19,2006.6,1,15,Annual,No
CUST-13753,Enterprise,860.26,36,32236.33,0,25,Monthly,No
CUST-13754,Enterprise,1044.08,25,24769.81,4,18,Monthly,Yes
CUST-13755,Starter,38.38,36,1304.52,2,35,Monthly,Yes
CUST-13756,Starter,32.78,45,1518.69,3,7,Monthly,No
CUST-13757,Professional,148.46,12,1825.37,3,25,Annual,No
CUST-13758,Professional,138.54,12,1570.38,2,27,Two-Year,No
CUST-13759,Enterprise,818.01,9,7364.66,1,24,Two-Year,No
CUST-13760,Starter,42.36,21,882.57,6,29,Monthly,No
CUST-13761,Starter,44.26,14,639.67,3,11,Monthly,No
CUST-13762,Professional,108.55,18,1973.08,1,8,Annual,No
CUST-13763,Professional,133.13,47,5890.35,2,5,Annual,No
CUST-13764,Enterprise,726.28,40,27197.4,1,14,Annual,No
CUST-13765,Starter,44.28,44,1862.76,2,5,Two-Year,No
CUST-13766,Enterprise,896.19,41,33799.22,4,9,Annual,No
CUST-13767,Starter,43.07,11,477.75,0,34,Monthly,No
CUST-13768,Professional,110.93,39,4154.81,0,39,Annual,No
CUST-13769,Starter,47.17,32,1557.64,4,27,Two-Year,Yes
CUST-13770,Starter,39.07,4,160.1,5,31,Monthly,No
CUST-13771,Professional,118.37,26,3181.02,4,18,Annual,No
CUST-13772,Professional,130.74,20,2399.07,2,21,Monthly,Yes
CUST-13773,Starter,42.28,47,2064.05,4,12,Two-Year,Yes
CUST-13774,Enterprise,1173.8,37,45401.37,1,39,Two-Year,No
CUST-13775,Professional,138.1,5,655.21,3,27,Two-Year,No
CUST-13776,Starter,40.72,9,372.28,1,33,Annual,No
CUST-13777,Professional,124.97,20,2506.01,2,8,Monthly,No
CUST-13778,Enterprise,986.07,22,21812.65,0,26,Monthly,No
CUST-13779,Starter,42.29,38,1447.56,2,37,Monthly,No
CUST-13780,Professional,146.03,31,4645.44,2,38,Annual,No
CUST-13781,Professional,119.47,46,5640.18,0,24,Annual,No
CUST-13782,Professional,122.79,44,4912.81,3,12,Monthly,No
CUST-13783,Professional,140.15,11,1388.13,3,13,Annual,Yes
CUST-13784,Enterprise,577.84,30,17566.45,0,25,Monthly,No
CUST-13785,Starter,45.51,9,425.11,2,16,Annual,No
CUST-13786,Professional,114.39,16,1831.75,4,27,Annual,Yes
CUST-13787,Starter,31.58,34,1006.8,0,7,Two-Year,No
CUST-13788,Starter,37.76,26,1016.09,3,11,Annual,No
CUST-13789,Enterprise,582.08,9,4736.36,4,31,Annual,No
CUST-13790,Starter,36.87,10,375.0,2,35,Monthly,No
CUST-13791,Professional,108.93,29,3227.32,5,19,Monthly,Yes
CUST-13792,Professional,122.71,34,3845.07,1,4,Monthly,No
CUST-13793,Enterprise,649.88,42,27710.44,3,36,Monthly,No
CUST-13794,Starter,35.54,11,402.91,2,31,Two-Year,No
CUST-13795,Starter,40.17,37,1428.77,2,27,Annual,No
CUST-13796,Professional,112.19,28,2955.15,2,10,Monthly,No
CUST-13797,Professional,142.34,20,2950.9,1,32,Monthly,No
CUST-13798,Enterprise,617.49,14,8702.72,1,36,Annual,No
CUST-13799,Starter,29.61,2,56.91,2,24,Annual,No
CUST-13800,Professional,112.38,25,2586.9,4,7,Annual,Yes
CUST-13801,Starter,38.08,13,483.3,1,39,Annual,No
CUST-13802,Starter,40.92,34,1441.98,2,37,Annual,No
CUST-13803,Professional,142.96,33,4627.28,0,32,Monthly,No
CUST-13804,Starter,46.24,31,1292.92,3,12,Annual,No
CUST-13805,Starter,31.66,18,554.98,2,17,Monthly,No
CUST-13806,Starter,29.56,38,1168.83,2,32,Annual,No
CUST-13807,Professional,140.51,27,3713.09,2,6,Annual,No
CUST-13808,Professional,104.66,34,3605.18,3,29,Monthly,No
CUST-13809,Starter,29.93,45,1226.42,2,34,Monthly,No
CUST-13810,Enterprise,1009.35,27,24689.92,5,10,Monthly,Yes
CUST-13811,Starter,35.09,3,109.78,4,29,Monthly,Yes
CUST-13812,Starter,39.25,19,706.07,3,14,Annual,Yes
CUST-13813,Starter,38.64,47,1826.02,2,37,Monthly,No
CUST-13814,Starter,30.91,34,1093.1,1,35,Monthly,Yes
CUST-13815,Professional,103.33,7,717.77,4,37,Monthly,No
CUST-13816,Starter,38.5,4,151.62,2,24,Monthly,No
CUST-13817,Enterprise,852.57,2,1773.02,4,29,Annual,No
CUST-13818,Starter,46.47,28,1336.66,5,23,Monthly,No
CUST-13819,Starter,41.12,32,1304.92,1,30,Monthly,No
CUST-13820,Starter,37.19,8,269.26,0,32,Monthly,No
CUST-13821,Professional,138.63,47,6795.81,1,1,Monthly,No
CUST-13822,Professional,126.07,34,4228.34,0,28,Two-Year,No
CUST-13823,Professional,129.43,11,1354.5,2,11,Monthly,Yes
CUST-13824,Starter,35.03,40,1416.63,0,23,Monthly,No
CUST-13825,Starter,45.95,43,2069.72,1,15,Annual,No
CUST-13826,Professional,123.86,39,4891.59,3,18,Two-Year,No
CUST-13827,Starter,31.72,2,60.87,2,16,Monthly,No
CUST-13828,Professional,143.45,44,6270.61,1,38,Annual,No
CUST-13829,Professional,141.2,13,1716.32,4,30,Annual,No
CUST-13830,Enterprise,1167.58,25,28234.67,5,19,Monthly,Yes
CUST-13831,Starter,33.31,25,769.05,1,25,Monthly,No
CUST-13832,Professional,103.7,19,1912.26,2,7,Annual,No
CUST-13833,Professional,113.34,33,3463.71,3,26,Annual,No
CUST-13834,Professional,112.9,15,1615.48,1,5,Annual,No
CUST-13835,Enterprise,887.85,15,13043.81,2,3,Monthly,No
CUST-13836,Enterprise,776.98,4,3187.31,3,37,Annual,Yes
CUST-13837,Starter,47.82,14,629.28,0,21,Annual,No
CUST-13838,Starter,42.97,32,1388.94,2,16,Monthly,No
CUST-13839,Starter,41.57,10,379.87,4,12,Monthly,Yes
CUST-13840,Professional,113.09,42,4406.65,2,4,Monthly,No
CUST-13841,Professional,112.07,12,1289.48,4,7,Two-Year,No
CUST-13842,Professional,107.03,31,3255.2,6,7,Monthly,No
CUST-13843,Starter,41.54,13,549.69,1,5,Monthly,No
CUST-13844,Professional,142.6,47,6526.72,2,23,Monthly,No
CUST-13845,Professional,145.71,2,285.11,1,17,Two-Year,No
CUST-13846,Enterprise,1113.56,13,14697.39,5,25,Monthly,No
CUST-13847,Starter,33.29,33,1028.18,4,22,Two-Year,No
CUST-13848,Starter,38.56,28,1021.94,1,12,Monthly,No
CUST-13849,Starter,42.44,46,1988.57,6,17,Annual,No
CUST-13850,Starter,48.98,43,1992.41,3,11,Two-Year,Yes
CUST-13851,Starter,29.49,21,628.37,3,29,Monthly,No
CUST-13852,Enterprise,1118.75,4,4462.63,4,4,Monthly,Yes
CUST-13853,Professional,137.79,26,3607.29,2,24,Annual,Yes
CUST-13854,Starter,47.17,14,598.76,2,21,Monthly,No
CUST-13855,Professional,106.87,42,4283.85,2,10,Monthly,No
CUST-13856,Starter,33.05,36,1072.74,0,31,Monthly,No
CUST-13857,Enterprise,903.37,39,36062.79,2,38,Annual,No
CUST-13858,Professional,145.09,23,3084.24,4,1,Monthly,No
CUST-13859,Professional,115.24,6,696.0,0,11,Annual,No
CUST-13860,Starter,33.39,38,1299.08,4,20,Monthly,Yes
CUST-13861,Enterprise,763.0,47,34510.67,3,2,Annual,No
CUST-13862,Starter,46.67,36,1584.94,5,35,Monthly,Yes
CUST-13863,Enterprise,514.76,42,20863.01,3,7,Annual,No
CUST-13864,Starter,33.64,31,1026.46,0,10,Annual,No
CUST-13865,Enterprise,977.37,30,27864.81,4,23,Monthly,Yes
CUST-13866,Starter,43.18,27,1185.59,1,5,Monthly,No
CUST-13867,Enterprise,747.8,20,14010.15,2,16,Monthly,No
CUST-13868,Professional,115.88,16,1670.78,2,4,Annual,No
CUST-13869,Enterprise,632.73,2,1300.6,3,10,Monthly,No
CUST-13870,Starter,46.0,15,707.84,3,12,Annual,Yes
CUST-13871,Starter,47.05,27,1261.17,2,33,Monthly,No
CUST-13872,Professional,119.47,7,770.16,3,19,Monthly,No
CUST-13873,Starter,38.7,22,872.74,1,37,Monthly,No
CUST-13874,Enterprise,1016.69,6,5945.51,3,29,Monthly,No
CUST-13875,Starter,30.64,29,855.23,1,3,Monthly,No
CUST-13876,Enterprise,511.79,30,15912.59,5,32,Annual,Yes
CUST-13877,Professional,103.07,33,3388.37,1,23,Annual,No
CUST-13878,Starter,48.41,20,950.44,3,6,Monthly,Yes
CUST-13879,Starter,32.92,36,1205.22,4,6,Monthly,No
CUST-13880,Starter,35.62,14,467.75,3,28,Monthly,No
CUST-13881,Starter,45.74,10,440.34,1,18,Annual,No
CUST-13882,Professional,122.64,7,841.17,3,21,Two-Year,Yes
CUST-13883,Professional,148.51,35,4913.32,5,9,Annual,Yes
CUST-13884,Professional,122.11,6,731.43,1,14,Annual,No
CUST-13885,Professional,112.22,46,4930.69,1,7,Two-Year,No
CUST-13886,Starter,41.43,43,1818.98,3,17,Monthly,No
CUST-13887,Professional,127.6,4,514.52,1,17,Annual,No
CUST-13888,Starter,29.27,5,140.7,2,35,Monthly,No
CUST-13889,Professional,122.2,43,5496.49,5,13,Annual,No
CUST-13890,Starter,47.89,31,1516.54,0,18,Monthly,No
CUST-13891,Professional,126.52,7,839.95,4,16,Monthly,No
CUST-13892,Enterprise,658.98,35,23853.54,5,11,Monthly,No
CUST-13893,Enterprise,1186.93,47,53602.89,2,15,Monthly,No
CUST-13894,Starter,48.89,35,1725.66,6,31,Monthly,Yes
CUST-13895,Enterprise,817.58,45,36905.48,2,15,Two-Year,No
CUST-13896,Professional,107.39,20,1961.98,4,15,Monthly,Yes
CUST-13897,Starter,31.08,6,177.8,1,10,Annual,No
CUST-13898,Starter,32.98,31,971.19,2,33,Monthly,No
CUST-13899,Professional,147.73,33,4465.9,2,13,Two-Year,No
CUST-13900,Enterprise,1038.74,32,32516.65,2,19,Two-Year,No
CUST-13901,Enterprise,530.68,40,19719.23,3,23,Monthly,No
CUST-13902,Starter,39.61,19,742.59,1,13,Monthly,Yes
CUST-13903,Starter,39.14,26,983.45,2,23,Two-Year,No
CUST-13904,Professional,120.88,35,4025.46,4,28,Monthly,No
CUST-13905,Starter,34.16,8,270.44,3,17,Annual,Yes
CUST-13906,Professional,126.38,11,1324.62,2,3,Annual,Yes
CUST-13907,Starter,37.07,25,878.4,4,15,Annual,No
CUST-13908,Starter,33.04,10,343.23,1,5,Monthly,No
CUST-13909,Enterprise,1194.96,47,54348.3,3,9,Monthly,No
CUST-13910,Starter,44.67,19,783.69,3,21,Annual,No
CUST-13911,Enterprise,1058.77,33,32740.52,3,4,Annual,Yes
CUST-13912,Professional,117.69,4,459.93,4,17,Annual,No
CUST-13913,Enterprise,660.5,34,22598.24,2,30,Two-Year,No
CUST-13914,Enterprise,501.17,15,7536.55,1,22,Two-Year,No
CUST-13915,Enterprise,969.64,16,16170.26,2,4,Monthly,Yes
CUST-13916,Professional,106.21,41,4368.66,3,1,Monthly,No
CUST-13917,Professional,114.37,47,5383.53,3,6,Monthly,No
CUST-13918,Professional,128.85,5,648.51,1,24,Monthly,No
CUST-13919,Starter,47.58,14,649.03,2,37,Annual,Yes
CUST-13920,Professional,135.73,2,276.83,3,39,Monthly,Yes
CUST-13921,Professional,102.22,2,203.69,2,12,Monthly,Yes
CUST-13922,Enterprise,630.0,30,18176.56,2,8,Monthly,No
CUST-13923,Professional,133.59,40,5175.32,4,33,Monthly,Yes
CUST-13924,Starter,40.99,20,839.14,3,35,Monthly,No
CUST-13925,Starter,37.64,18,683.98,6,18,Monthly,Yes
CUST-13926,Starter,35.36,36,1328.33,2,8,Monthly,Yes
CUST-13927,Enterprise,941.87,26,24467.51,1,9,Annual,No
CUST-13928,Professional,111.5,42,4880.27,3,3,Monthly,Yes
CUST-13929,Enterprise,586.66,33,18311.66,4,24,Annual,Yes
CUST-13930,Professional,116.41,10,1108.52,0,6,Monthly,No
CUST-13931,Starter,32.8,28,835.88,0,19,Annual,No
CUST-13932,Starter,47.93,17,760.76,4,14,Annual,No
CUST-13933,Starter,34.45,9,280.26,0,34,Monthly,No
CUST-13934,Starter,39.58,11,433.73,2,13,Monthly,No
CUST-13935,Enterprise,904.19,38,32768.7,0,1,Annual,No
CUST-13936,Professional,122.54,23,2623.51,2,16,Monthly,No
CUST-13937,Starter,47.49,44,1889.84,5,26,Monthly,Yes
CUST-13938,Starter,33.51,25,831.4,1,11,Annual,No
CUST-13939,Starter,40.2,13,539.44,2,24,Monthly,No
CUST-13940,Starter,35.4,35,1237.01,3,38,Annual,Yes
CUST-13941,Professional,134.46,14,1758.01,3,30,Annual,No
CUST-13942,Starter,29.78,41,1131.42,4,29,Monthly,No
CUST-13943,Professional,117.18,22,2608.66,1,12,Monthly,No
CUST-13944,Professional,109.07,16,1652.89,3,34,Two-Year,No
CUST-13945,Professional,132.4,26,3458.76,0,37,Monthly,No
CUST-13946,Starter,33.11,16,531.97,4,19,Annual,No
CUST-13947,Starter,34.39,42,1478.34,4,19,Annual,No
CUST-13948,Starter,39.07,35,1331.13,1,14,Monthly,No
CUST-13949,Professional,107.49,34,3469.88,4,37,Annual,Yes
CUST-13950,Starter,41.06,23,923.34,1,16,Annual,No
CUST-13951,Enterprise,912.58,39,33373.1,2,19,Monthly,No
CUST-13952,Starter,29.61,34,1001.02,2,13,Monthly,No
CUST-13953,Starter,43.47,34,1425.5,2,7,Monthly,No
CUST-13954,Starter,44.32,24,1099.4,1,25,Monthly,No
CUST-13955,Professional,135.86,26,3685.56,2,29,Monthly,No
CUST-13956,Enterprise,976.4,35,35519.03,5,20,Annual,No
CUST-13957,Enterprise,651.03,27,17819.29,1,26,Monthly,No
CUST-13958,Starter,35.93,19,688.24,1,33,Monthly,No
CUST-13959,Starter,31.25,38,1206.59,2,12,Annual,No
CUST-13960,Professional,115.81,10,1075.42,2,20,Monthly,No
CUST-13961,Professional,127.65,15,1853.29,6,28,Monthly,No
CUST-13962,Enterprise,1065.5,28,28854.71,7,12,Annual,No
CUST-13963,Professional,143.22,32,4790.77,2,29,Annual,No
CUST-13964,Starter,39.61,9,344.87,2,22,Annual,No
CUST-13965,Professional,109.65,28,3065.08,4,15,Monthly,No
CUST-13966,Starter,33.12,21,715.7,0,4,Annual,No
CUST-13967,Professional,145.14,8,1209.33,1,9,Annual,No
CUST-13968,Starter,35.12,35,1110.65,3,6,Annual,No
CUST-13969,Starter,29.05,5,145.45,3,6,Monthly,No
CUST-13970,Starter,44.75,14,598.19,5,28,Two-Year,Yes
CUST-13971,Starter,48.45,11,532.27,1,1,Monthly,Yes
CUST-13972,Professional,111.3,25,2709.65,4,11,Monthly,No
CUST-13973,Starter,43.22,37,1571.72,2,6,Annual,No
CUST-13974,Starter,39.34,9,327.43,2,14,Annual,No
CUST-13975,Starter,39.85,12,480.11,4,35,Annual,No
CUST-13976,Starter,30.02,13,392.53,1,25,Annual,No
CUST-13977,Professional,126.68,25,3023.02,3,15,Annual,No
CUST-13978,Enterprise,927.57,39,34775.43,3,8,Two-Year,No
CUST-13979,Professional,137.43,13,1856.81,3,21,Annual,No
CUST-13980,Starter,30.32,39,1191.38,6,28,Monthly,No
CUST-13981,Professional,108.06,7,771.97,1,20,Annual,No
CUST-13982,Starter,37.03,28,939.71,1,38,Monthly,No
CUST-13983,Starter,48.13,25,1111.37,4,17,Annual,No
CUST-13984,Professional,135.97,10,1296.6,0,24,Annual,No
CUST-13985,Starter,30.81,25,761.54,3,38,Annual,Yes
CUST-13986,Starter,39.16,33,1253.33,5,1,Annual,No
CUST-13987,Starter,48.98,13,586.8,4,3,Monthly,No
CUST-13988,Enterprise,1075.86,5,5130.74,5,17,Monthly,No
CUST-13989,Professional,103.16,35,3576.87,2,7,Monthly,No
CUST-13990,Starter,29.51,19,515.62,4,18,Monthly,Yes
CUST-13991,Starter,29.05,9,268.9,5,29,Monthly,Yes
CUST-13992,Professional,134.19,21,2917.83,2,12,Monthly,No
CUST-13993,Starter,31.88,12,400.46,7,12,Monthly,No
CUST-13994,Enterprise,767.71,1,737.44,4,29,Two-Year,No
CUST-13995,Starter,41.94,31,1248.24,2,14,Annual,Yes
CUST-13996,Professional,110.14,21,2238.71,1,27,Monthly,No
CUST-13997,Starter,47.09,36,1725.08,4,27,Monthly,No
CUST-13998,Starter,39.5,45,1727.38,2,21,Annual,No
CUST-13999,Starter,44.58,39,1659.63,1,39,Annual,Yes
CUST-14000,Starter,45.99,12,553.96,4,24,Annual,No
CUST-14001,Starter,33.8,46,1460.04,1,11,Monthly,No
CUST-14002,Starter,30.35,41,1185.56,6,5,Monthly,Yes
CUST-14003,Starter,29.66,9,243.8,1,31,Annual,No
CUST-14004,Starter,41.91,15,611.95,3,31,Two-Year,No
CUST-14005,Professional,112.31,6,705.91,3,39,Monthly,Yes
CUST-14006,Starter,29.33,32,951.29,3,31,Two-Year,No
CUST-14007,Starter,32.22,13,406.92,1,29,Annual,No
CUST-14008,Starter,45.03,4,179.68,2,16,Monthly,No
CUST-14009,Starter,39.72,30,1199.74,2,29,Monthly,No
CUST-14010,Professional,109.15,38,3852.94,0,33,Annual,No
CUST-14011,Starter,48.0,21,925.79,2,28,Annual,No
CUST-14012,Professional,99.68,22,2264.69,4,38,Annual,No
CUST-14013,Starter,33.78,33,1057.18,2,28,Monthly,No
CUST-14014,Professional,124.87,25,2881.32,2,39,Monthly,No
CUST-14015,Professional,111.0,29,3176.97,3,30,Two-Year,Yes
CUST-14016,Professional,134.97,22,2896.84,1,4,Monthly,No
CUST-14017,Starter,36.78,16,555.76,4,32,Monthly,No
CUST-14018,Enterprise,825.96,11,9246.56,5,38,Monthly,Yes
CUST-14019,Starter,43.39,30,1175.26,3,4,Annual,Yes
CUST-14020,Starter,48.93,42,1894.22,3,3,Annual,No
CUST-14021,Enterprise,571.65,11,6467.78,1,5,Monthly,No
CUST-14022,Starter,43.67,38,1599.48,1,26,Annual,No
CUST-14023,Professional,118.34,29,3292.71,1,14,Annual,No
CUST-14024,Starter,41.89,37,1625.21,2,16,Monthly,No
CUST-14025,Professional,140.84,17,2296.71,6,37,Annual,Yes
CUST-14026,Starter,44.22,26,1051.75,8,6,Monthly,Yes
CUST-14027,Starter,48.5,39,1853.24,3,37,Two-Year,No
CUST-14028,Professional,102.09,14,1419.49,1,17,Monthly,No
CUST-14029,Starter,36.6,35,1272.31,4,25,Monthly,No
CUST-14030,Professional,123.85,36,4321.52,4,15,Annual,No
CUST-14031,Enterprise,704.8,11,7899.18,2,12,Annual,No
CUST-14032,Starter,37.74,35,1268.55,3,14,Annual,No
CUST-14033,Professional,131.12,14,1750.36,4,18,Monthly,No
CUST-14034,Starter,32.59,34,1083.97,1,1,Monthly,No
CUST-14035,Professional,146.52,40,5505.46,2,21,Annual,No
CUST-14036,Starter,47.61,40,1724.1,4,11,Monthly,Yes
CUST-14037,Professional,130.35,33,4093.44,2,15,Monthly,No
CUST-14038,Starter,34.19,22,723.2,4,15,Monthly,No
CUST-14039,Starter,43.21,8,362.65,4,3,Monthly,No
CUST-14040,Starter,35.28,7,227.62,5,28,Annual,Yes
CUST-14041,Starter,33.54,14,464.34,1,5,Monthly,No
CUST-14042,Professional,134.55,43,6063.06,3,18,Monthly,No
CUST-14043,Starter,46.59,13,604.04,3,19,Monthly,Yes
CUST-14044,Starter,40.29,43,1774.02,4,7,Annual,No
CUST-14045,Enterprise,664.52,11,6640.47,1,36,Monthly,No
CUST-14046,Professional,135.19,9,1265.02,4,2,Annual,No
CUST-14047,Professional,147.66,1,140.33,1,30,Monthly,Yes
CUST-14048,Professional,129.53,12,1511.78,1,10,Annual,No
CUST-14049,Starter,48.34,20,916.82,4,16,Monthly,No
CUST-14050,Starter,42.11,29,1186.49,6,6,Monthly,No
CUST-14051,Professional,148.89,37,5568.77,1,20,Monthly,No
CUST-14052,Starter,30.25,37,1058.79,1,24,Two-Year,No
CUST-14053,Starter,35.82,42,1437.21,2,26,Monthly,Yes
CUST-14054,Starter,45.03,24,986.8,4,27,Annual,No
CUST-14055,Starter,32.72,34,1146.24,6,32,Monthly,No
CUST-14056,Starter,41.16,43,1662.12,2,20,Monthly,No
CUST-14057,Starter,36.4,7,241.72,2,32,Monthly,Yes
CUST-14058,Professional,123.61,23,2658.71,2,9,Monthly,No
CUST-14059,Starter,37.92,21,739.16,1,19,Monthly,No
CUST-14060,Professional,133.7,39,5116.83,3,23,Annual,No
CUST-14061,Professional,100.2,19,1983.64,1,22,Annual,No
CUST-14062,Professional,105.78,15,1507.22,4,16,Monthly,No
CUST-14063,Professional,114.89,11,1189.59,4,3,Annual,No
CUST-14064,Professional,104.61,21,2153.23,1,9,Monthly,No
CUST-14065,Starter,42.2,22,841.27,1,25,Annual,No
CUST-14066,Starter,39.43,8,315.89,2,14,Monthly,No
CUST-14067,Professional,136.33,36,5022.51,2,37,Monthly,No
CUST-14068,Starter,33.3,33,1010.6,2,27,Two-Year,No
CUST-14069,Professional,110.4,6,679.6,0,34,Monthly,No
CUST-14070,Starter,29.59,2,59.66,4,9,Two-Year,Yes
CUST-14071,Starter,37.07,14,475.21,4,37,Monthly,Yes
CUST-14072,Starter,33.08,18,596.7,4,1,Two-Year,No
CUST-14073,Starter,36.22,43,1585.95,4,34,Monthly,No
CUST-14074,Professional,130.97,29,3859.42,6,27,Annual,No
CUST-14075,Professional,143.55,6,810.35,3,15,Annual,No
CUST-14076,Starter,32.98,36,1105.38,1,10,Two-Year,No
CUST-14077,Enterprise,555.44,7,3620.54,1,28,Monthly,No
CUST-14078,Professional,138.11,29,3612.09,5,17,Annual,Yes
CUST-14079,Professional,147.04,36,5367.49,6,38,Monthly,No
CUST-14080,Starter,32.54,9,266.48,2,11,Monthly,No
CUST-14081,Enterprise,987.43,35,34766.13,1,6,Monthly,No
CUST-14082,Professional,118.41,22,2709.26,4,19,Monthly,Yes
CUST-14083,Enterprise,845.69,16,12611.51,1,15,Annual,No
CUST-14084,Starter,33.46,31,973.21,2,35,Monthly,No
CUST-14085,Starter,39.67,33,1370.7,1,28,Monthly,No
CUST-14086,Professional,141.5,39,5517.13,2,29,Monthly,No
CUST-14087,Starter,42.27,23,961.09,1,22,Annual,No
CUST-14088,Enterprise,854.39,39,31257.23,1,33,Two-Year,No
CUST-14089,Starter,47.71,34,1647.49,3,36,Monthly,Yes
CUST-14090,Enterprise,1047.67,39,40056.65,3,8,Annual,No
CUST-14091,Starter,36.6,8,293.36,5,6,Monthly,No
CUST-14092,Professional,133.68,42,5615.5,3,8,Annual,No
CUST-14093,Starter,43.83,47,2027.75,2,17,Monthly,No
CUST-14094,Starter,39.37,6,246.76,3,13,Two-Year,No
CUST-14095,Professional,138.09,29,3946.99,4,32,Two-Year,No
CUST-14096,Starter,41.65,41,1789.78,2,39,Two-Year,No
CUST-14097,Enterprise,629.52,14,8076.15,2,6,Annual,No
CUST-14098,Starter,29.79,10,270.24,2,37,Monthly,Yes
CUST-14099,Starter,47.44,3,143.76,3,20,Annual,No
CUST-14100,Starter,41.94,1,40.24,1,7,Annual,No
CUST-14101,Enterprise,1082.77,2,2196.38,2,23,Annual,No
CUST-14102,Starter,39.29,45,1854.2,4,21,Monthly,No
CUST-14103,Enterprise,505.49,20,9909.25,0,26,Annual,No
CUST-14104,Enterprise,555.29,3,1586.08,3,26,Monthly,No
CUST-14105,Professional,108.01,17,1759.55,1,10,Monthly,No
CUST-14106,Enterprise,832.63,7,6106.63,1,16,Annual,No
CUST-14107,Starter,48.6,10,487.11,2,26,Monthly,Yes
CUST-14108,Starter,40.58,28,1149.96,2,39,Annual,No
CUST-14109,Starter,48.12,5,237.19,6,39,Monthly,Yes
CUST-14110,Professional,135.13,28,3568.3,2,28,Monthly,No
CUST-14111,Starter,44.14,42,1851.31,4,39,Monthly,No
CUST-14112,Professional,139.46,17,2462.12,5,34,Monthly,No
CUST-14113,Starter,41.85,14,531.11,1,37,Monthly,No
CUST-14114,Enterprise,738.86,24,16376.1,2,36,Two-Year,No
CUST-14115,Starter,46.34,9,425.97,2,16,Annual,No
CUST-14116,Professional,100.95,35,3566.11,3,20,Monthly,Yes
CUST-14117,Enterprise,1088.8,31,32263.95,1,35,Monthly,No
CUST-14118,Starter,29.74,9,247.58,2,20,Monthly,No
CUST-14119,Starter,29.08,21,597.56,1,37,Annual,No
CUST-14120,Starter,32.75,14,471.76,2,27,Annual,No
CUST-14121,Enterprise,634.81,12,7991.32,3,1,Monthly,Yes
CUST-14122,Starter,34.06,46,1603.89,1,15,Annual,No
CUST-14123,Starter,40.21,9,349.02,1,34,Monthly,No
CUST-14124,Starter,37.86,32,1158.84,3,29,Monthly,No
CUST-14125,Starter,34.23,20,660.23,7,30,Annual,Yes
CUST-14126,Professional,132.58,41,4968.03,1,14,Two-Year,No
CUST-14127,Enterprise,1052.69,8,8557.06,1,38,Two-Year,No
CUST-14128,Professional,114.75,6,703.95,4,39,Annual,Yes
CUST-14129,Starter,34.43,15,518.66,1,24,Annual,No
CUST-14130,Starter,31.91,20,637.57,3,29,Monthly,No
CUST-14131,Starter,37.02,11,419.93,4,11,Monthly,No
CUST-14132,Professional,134.82,12,1476.06,2,20,Annual,No
CUST-14133,Professional,108.51,30,2995.47,3,25,Annual,No
CUST-14134,Starter,42.18,35,1544.96,2,23,Monthly,No
CUST-14135,Starter,38.86,46,1669.4,5,19,Two-Year,No
CUST-14136,Starter,30.52,36,1011.74,4,12,Two-Year,No
CUST-14137,Starter,36.8,14,500.28,5,34,Two-Year,No
CUST-14138,Starter,29.99,12,363.24,1,1,Annual,No
CUST-14139,Professional,113.18,39,4592.13,2,3,Monthly,No
CUST-14140,Enterprise,929.29,43,41581.53,2,30,Monthly,No
CUST-14141,Starter,29.46,27,756.43,1,20,Monthly,No
CUST-14142,Starter,40.47,17,682.52,1,36,Annual,No
CUST-14143,Enterprise,1089.06,30,31042.46,2,1,Monthly,No
CUST-14144,Starter,37.4,39,1465.27,1,2,Monthly,No
CUST-14145,Professional,101.24,32,3164.31,0,8,Monthly,No
CUST-14146,Professional,99.58,33,3324.69,3,11,Two-Year,No
CUST-14147,Starter,33.21,32,992.13,0,35,Monthly,No
CUST-14148,Starter,37.24,32,1124.61,4,23,Annual,No
CUST-14149,Professional,123.66,22,2745.2,2,9,Annual,No
CUST-14150,Starter,46.84,44,2131.4,1,26,Monthly,No
CUST-14151,Starter,41.07,8,344.85,3,24,Monthly,No
CUST-14152,Starter,48.75,34,1546.69,1,23,Annual,No
CUST-14153,Professional,147.26,33,4445.25,2,34,Two-Year,Yes
CUST-14154,Starter,42.16,6,254.79,1,23,Monthly,No
CUST-14155,Enterprise,1115.9,18,19156.83,0,29,Two-Year,No
CUST-14156,Enterprise,915.95,36,29942.27,3,39,Monthly,No
CUST-14157,Enterprise,1139.45,38,43582.86,1,32,Annual,No
CUST-14158,Professional,129.3,32,4305.23,2,15,Monthly,No
CUST-14159,Professional,112.19,6,641.53,0,13,Annual,No
CUST-14160,Starter,30.13,43,1224.11,2,37,Monthly,No
CUST-14161,Professional,120.67,6,672.6,4,24,Annual,Yes
CUST-14162,Professional,142.93,25,3734.61,4,38,Annual,No
CUST-14163,Starter,40.85,29,1215.73,2,5,Annual,No
CUST-14164,Starter,45.1,29,1313.82,6,17,Annual,No
CUST-14165,Enterprise,1068.23,24,23324.56,5,20,Annual,No
CUST-14166,Starter,40.9,20,851.57,2,23,Monthly,No
CUST-14167,Starter,32.75,13,397.53,2,23,Monthly,No
CUST-14168,Professional,109.77,30,3270.07,3,2,Annual,No
CUST-14169,Starter,40.6,29,1212.13,3,12,Annual,No
CUST-14170,Starter,46.07,12,516.29,4,3,Monthly,No
CUST-14171,Starter,31.64,32,930.1,3,20,Monthly,No
CUST-14172,Professional,144.12,27,3610.73,4,6,Annual,No
CUST-14173,Starter,37.33,42,1420.25,4,1,Monthly,No
CUST-14174,Professional,132.85,39,5135.62,5,5,Annual,No
CUST-14175,Starter,41.31,5,201.56,5,15,Annual,Yes
CUST-14176,Professional,116.67,27,3154.65,2,4,Monthly,Yes
CUST-14177,Professional,113.19,23,2523.92,1,5,Monthly,Yes
CUST-14178,Professional,132.18,38,5117.13,4,3,Annual,No
CUST-14179,Starter,41.76,12,483.26,2,29,Annual,Yes
CUST-14180,Enterprise,499.71,7,3408.56,3,35,Annual,No
CUST-14181,Professional,145.45,4,571.14,3,22,Monthly,No
CUST-14182,Professional,146.85,4,611.62,1,37,Monthly,No
CUST-14183,Starter,39.06,47,1834.51,0,22,Monthly,No
CUST-14184,Starter,42.15,2,81.97,3,6,Monthly,No
CUST-14185,Professional,102.29,9,836.5,3,5,Monthly,No
CUST-14186,Starter,32.6,24,759.26,2,36,Monthly,Yes
CUST-14187,Starter,37.44,43,1610.27,3,19,Monthly,No
CUST-14188,Starter,40.56,27,1108.15,2,9,Two-Year,No
CUST-14189,Starter,32.98,18,537.85,4,34,Annual,Yes
CUST-14190,Professional,133.09,38,4733.91,1,21,Monthly,No
CUST-14191,Professional,115.98,39,4341.32,6,4,Annual,Yes
CUST-14192,Starter,35.97,17,612.89,1,4,Monthly,No
CUST-14193,Enterprise,743.35,12,8185.81,2,35,Annual,Yes
CUST-14194,Professional,114.95,10,1145.51,4,36,Monthly,No
CUST-14195,Enterprise,1049.83,21,20178.58,1,20,Monthly,No
CUST-14196,Professional,113.28,16,1876.73,4,34,Monthly,Yes
CUST-14197,Enterprise,972.16,3,2656.28,6,19,Monthly,Yes
CUST-14198,Starter,48.19,33,1604.93,5,27,Monthly,No
CUST-14199,Starter,41.44,35,1432.07,1,38,Annual,No
CUST-14200,Professional,112.85,1,108.97,1,22,Annual,No
CUST-14201,Professional,118.69,15,1712.42,0,23,Monthly,No
CUST-14202,Starter,31.77,35,1087.43,5,19,Monthly,Yes
CUST-14203,Starter,29.22,20,570.29,1,3,Monthly,No
CUST-14204,Enterprise,875.12,26,23022.64,5,15,Monthly,No
CUST-14205,Enterprise,1131.24,1,1153.72,0,8,Monthly,No
CUST-14206,Starter,42.93,1,43.09,4,11,Two-Year,Yes
CUST-14207,Starter,42.92,21,818.66,3,12,Annual,Yes
CUST-14208,Professional,107.42,13,1429.87,1,35,Annual,No
CUST-14209,Enterprise,705.86,9,5933.34,3,22,Annual,Yes
CUST-14210,Professional,125.65,37,4702.87,4,3,Annual,Yes
CUST-14211,Starter,38.81,40,1478.19,4,19,Monthly,Yes
CUST-14212,Starter,37.65,26,997.04,4,26,Annual,No
CUST-14213,Starter,32.67,46,1509.03,1,3,Monthly,No
CUST-14214,Professional,111.2,36,4029.54,3,35,Monthly,No
CUST-14215,Starter,41.16,24,905.13,2,28,Monthly,No
CUST-14216,Professional,104.52,1,101.78,2,14,Two-Year,Yes
CUST-14217,Professional,104.42,21,2123.86,1,9,Monthly,No
CUST-14218,Professional,106.44,30,2984.17,0,36,Monthly,No
CUST-14219,Starter,43.7,28,1205.19,2,20,Monthly,No
CUST-14220,Professional,136.46,43,5566.93,3,1,Monthly,No
CUST-14221,Starter,30.68,31,973.8,2,11,Annual,No
CUST-14222,Starter,36.97,39,1341.77,2,25,Monthly,No
CUST-14223,Starter,31.38,9,255.5,5,6,Annual,No
CUST-14224,Professional,133.2,38,5313.62,2,12,Two-Year,No
CUST-14225,Enterprise,748.65,36,27833.85,5,18,Annual,No
CUST-14226,Enterprise,923.93,26,24786.25,3,38,Monthly,No
CUST-14227,Enterprise,1101.44,26,25846.75,5,19,Annual,Yes
CUST-14228,Professional,118.36,40,4617.03,1,18,Annual,No
CUST-14229,Starter,42.54,42,1755.33,3,39,Monthly,No
CUST-14230,Starter,34.02,12,420.08,2,18,Two-Year,No
CUST-14231,Starter,30.27,32,946.74,1,11,Annual,No
CUST-14232,Enterprise,751.57,41,31964.37,3,16,Monthly,No
CUST-14233,Professional,107.29,7,687.53,6,32,Annual,No
CUST-14234,Starter,47.56,41,1782.57,0,2,Annual,Yes
CUST-14235,Professional,102.52,42,3925.11,0,26,Monthly,No
CUST-14236,Professional,114.38,28,3190.1,1,35,Monthly,Yes
CUST-14237,Starter,35.65,38,1409.61,3,31,Monthly,No
CUST-14238,Enterprise,551.49,38,19816.84,4,32,Annual,No
CUST-14239,Starter,45.9,45,2165.8,2,32,Monthly,No
CUST-14240,Starter,42.48,38,1587.06,3,23,Monthly,No
CUST-14241,Enterprise,760.71,21,14591.26,1,35,Monthly,No
CUST-14242,Starter,32.03,43,1440.84,2,6,Monthly,No
CUST-14243,Starter,45.77,45,2157.48,1,23,Monthly,No
CUST-14244,Professional,104.47,4,430.55,3,14,Monthly,No
CUST-14245,Starter,36.48,12,453.36,2,31,Annual,No
CUST-14246,Starter,37.63,16,558.12,2,21,Annual,No
CUST-14247,Starter,31.08,46,1472.03,4,37,Annual,No
CUST-14248,Professional,143.75,40,5933.11,2,22,Monthly,No
CUST-14249,Starter,31.25,17,531.8,3,21,Two-Year,No
CUST-14250,Starter,29.84,22,657.16,1,21,Monthly,No
CUST-14251,Starter,34.41,9,311.24,5,38,Annual,Yes
CUST-14252,Enterprise,1088.65,37,42153.53,3,7,Annual,No
CUST-14253,Starter,43.38,6,270.71,1,31,Annual,No
CUST-14254,Starter,37.86,29,1020.06,2,6,Monthly,Yes
CUST-14255,Professional,140.62,30,3956.07,1,21,Monthly,No
CUST-14256,Starter,35.12,16,533.75,5,20,Monthly,No
CUST-14257,Enterprise,1063.3,2,2205.64,3,2,Monthly,Yes
CUST-14258,Starter,46.19,14,630.39,4,3,Monthly,No
CUST-14259,Enterprise,607.44,32,18642.82,3,6,Monthly,No
CUST-14260,Starter,30.99,5,157.8,4,17,Monthly,Yes
CUST-14261,Professional,131.74,37,5018.48,5,38,Two-Year,Yes
CUST-14262,Professional,110.44,37,4265.82,4,22,Two-Year,No
CUST-14263,Professional,117.03,46,5276.11,2,15,Annual,No
CUST-14264,Professional,104.11,5,492.78,2,36,Annual,No
CUST-14265,Professional,140.63,47,6867.84,2,6,Monthly,No
CUST-14266,Starter,34.4,9,304.28,2,7,Annual,No
CUST-14267,Professional,117.49,31,3752.57,1,39,Monthly,No
CUST-14268,Professional,141.23,12,1664.94,4,35,Monthly,Yes
CUST-14269,Starter,33.19,23,703.73,3,14,Monthly,No
CUST-14270,Starter,45.26,21,869.32,4,20,Monthly,No
CUST-14271,Professional,130.38,3,376.47,1,16,Monthly,No
CUST-14272,Starter,47.14,38,1742.24,1,21,Monthly,No
CUST-14273,Starter,47.17,8,356.53,3,36,Annual,No
CUST-14274,Professional,140.58,3,428.59,2,8,Annual,No
CUST-14275,Professional,122.04,20,2542.76,2,17,Monthly,No
CUST-14276,Starter,39.81,18,678.64,1,20,Annual,No
CUST-14277,Professional,124.46,44,5654.58,3,32,Monthly,No
CUST-14278,Professional,104.7,38,3694.06,1,2,Monthly,No
CUST-14279,Starter,44.46,41,1763.72,5,26,Two-Year,Yes
CUST-14280,Professional,135.75,8,1016.54,3,4,Monthly,No
CUST-14281,Starter,32.5,12,389.45,2,28,Monthly,Yes
CUST-14282,Starter,44.04,34,1411.26,2,34,Two-Year,Yes
CUST-14283,Professional,136.57,5,688.03,4,1,Monthly,No
CUST-14284,Professional,105.52,32,3144.18,3,30,Monthly,No
CUST-14285,Starter,37.58,35,1375.13,5,36,Monthly,Yes
CUST-14286,Enterprise,1195.02,12,13495.98,4,32,Monthly,No
CUST-14287,Professional,147.82,29,4269.15,1,14,Annual,No
CUST-14288,Professional,110.26,33,3400.94,2,10,Monthly,No
CUST-14289,Starter,42.25,15,590.94,2,20,Monthly,No
CUST-14290,Professional,140.65,33,4418.34,3,4,Monthly,Yes
CUST-14291,Professional,99.54,42,4121.7,1,34,Annual,No
CUST-14292,Enterprise,539.5,37,19203.0,4,3,Annual,No
CUST-14293,Professional,99.18,42,4111.34,3,6,Monthly,No
CUST-14294,Professional,148.1,46,6724.86,2,24,Monthly,No
CUST-14295,Professional,118.47,13,1401.0,2,12,Monthly,Yes
CUST-14296,Starter,37.7,26,945.32,2,36,Monthly,No
CUST-14297,Professional,124.83,20,2248.97,2,7,Two-Year,No
CUST-14298,Starter,39.74,28,1050.99,0,16,Annual,No
CUST-14299,Professional,144.19,33,4583.26,6,20,Annual,Yes
CUST-14300,Starter,43.2,30,1168.84,2,29,Annual,No
CUST-14301,Enterprise,672.37,36,23789.02,0,17,Monthly,No
CUST-14302,Starter,46.43,30,1388.57,2,29,Monthly,No
CUST-14303,Professional,105.06,23,2197.69,2,12,Annual,No
CUST-14304,Starter,32.54,33,981.12,1,31,Annual,No
CUST-14305,Professional,113.9,6,626.52,3,5,Monthly,No
CUST-14306,Enterprise,671.7,28,19114.55,3,17,Annual,No
CUST-14307,Starter,31.41,5,154.82,7,15,Annual,Yes
CUST-14308,Professional,108.36,7,772.34,2,21,Monthly,No
CUST-14309,Starter,48.08,38,1793.69,2,13,Monthly,No
CUST-14310,Professional,147.35,2,299.56,2,34,Two-Year,No
CUST-14311,Starter,39.12,42,1676.77,2,32,Two-Year,No
CUST-14312,Enterprise,816.39,28,23430.89,5,11,Annual,Yes
CUST-14313,Professional,112.44,40,4679.61,2,27,Monthly,No
CUST-14314,Professional,105.09,23,2321.85,2,36,Monthly,No
CUST-14315,Enterprise,631.31,23,14867.49,1,1,Two-Year,No
CUST-14316,Professional,136.71,44,5680.54,3,11,Monthly,No
CUST-14317,Professional,135.79,39,5266.01,4,35,Monthly,Yes
CUST-14318,Professional,121.02,1,111.74,2,22,Annual,Yes
CUST-14319,Professional,145.48,36,5394.96,0,32,Annual,No
CUST-14320,Starter,29.65,22,623.71,3,12,Monthly,No
CUST-14321,Professional,118.51,15,1762.98,5,36,Monthly,No
CUST-14322,Starter,31.19,17,487.37,4,6,Monthly,No
CUST-14323,Starter,31.07,45,1454.48,5,11,Monthly,No
CUST-14324,Starter,30.14,21,627.52,6,33,Annual,Yes
CUST-14325,Starter,42.5,12,498.95,1,5,Monthly,No
CUST-14326,Starter,36.02,20,700.12,1,1,Monthly,No
CUST-14327,Professional,115.76,3,346.46,4,29,Monthly,Yes
CUST-14328,Professional,146.29,46,6637.08,3,4,Monthly,No
CUST-14329,Enterprise,1146.1,36,43134.06,3,33,Annual,No
CUST-14330,Professional,102.58,44,4411.43,3,21,Monthly,No
CUST-14331,Starter,39.84,20,795.85,1,16,Monthly,No
CUST-14332,Starter,31.12,3,89.41,2,29,Monthly,No
CUST-14333,Professional,102.25,6,577.27,3,10,Monthly,No
CUST-14334,Starter,43.85,5,211.66,2,38,Annual,Yes
CUST-14335,Starter,30.31,3,94.97,3,29,Monthly,Yes
CUST-14336,Enterprise,1117.9,47,54130.07,3,30,Monthly,No
CUST-14337,Professional,119.1,26,2932.44,4,27,Monthly,No
CUST-14338,Enterprise,873.11,17,14587.13,3,9,Monthly,Yes
CUST-14339,Professional,131.56,4,476.26,5,29,Annual,No
CUST-14340,Starter,43.19,6,254.22,2,35,Monthly,No
CUST-14341,Enterprise,527.28,2,1082.57,4,23,Annual,No
CUST-14342,Professional,141.9,43,5913.81,3,1,Annual,No
CUST-14343,Starter,47.75,16,750.52,1,37,Annual,No
CUST-14344,Professional,121.15,3,340.24,2,10,Two-Year,Yes
CUST-14345,Professional,130.54,8,1005.84,3,36,Monthly,Yes
CUST-14346,Professional,107.02,12,1237.64,1,1,Monthly,No
CUST-14347,Professional,126.97,33,4115.39,2,15,Annual,No
CUST-14348,Professional,113.2,38,4020.97,1,24,Annual,No
CUST-14349,Starter,30.29,16,465.08,3,32,Monthly,No
CUST-14350,Starter,31.16,23,728.29,3,22,Monthly,No
CUST-14351,Enterprise,719.01,31,22331.76,1,35,Two-Year,No
CUST-14352,Starter,42.47,22,851.09,5,14,Annual,No
CUST-14353,Starter,29.19,10,280.16,3,1,Annual,No
CUST-14354,Professional,118.89,43,4906.17,3,17,Annual,No
CUST-14355,Professional,140.63,26,3697.31,2,8,Monthly,Yes
CUST-14356,Professional,129.22,11,1459.01,4,30,Annual,No
CUST-14357,Professional,113.02,1,109.06,4,8,Monthly,Yes
CUST-14358,Professional,133.82,45,6092.02,3,32,Annual,No
CUST-14359,Professional,137.28,38,5018.33,5,33,Annual,No
CUST-14360,Enterprise,783.04,41,29228.64,5,6,Annual,No
CUST-14361,Professional,124.86,14,1826.28,3,28,Monthly,Yes
CUST-14362,Professional,99.39,21,2034.74,1,20,Monthly,No
CUST-14363,Enterprise,626.01,9,5319.41,2,33,Two-Year,No
CUST-14364,Starter,36.67,40,1504.46,0,21,Monthly,No
CUST-14365,Enterprise,534.52,8,4257.57,2,7,Monthly,No
CUST-14366,Professional,135.46,3,369.98,2,30,Monthly,No
CUST-14367,Professional,115.69,18,1874.73,4,8,Annual,No
CUST-14368,Starter,31.65,34,1095.24,5,5,Monthly,No
CUST-14369,Professional,137.18,46,5836.66,2,28,Monthly,No
CUST-14370,Starter,45.96,29,1373.26,2,39,Monthly,No
CUST-14371,Enterprise,1196.19,16,19846.35,3,24,Annual,No
CUST-14372,Professional,105.49,2,221.4,2,11,Annual,Yes
CUST-14373,Starter,33.35,11,348.02,2,33,Annual,Yes
CUST-14374,Enterprise,637.35,4,2529.29,1,33,Annual,No
CUST-14375,Enterprise,1067.24,41,42250.71,1,14,Annual,Yes
CUST-14376,Professional,113.14,22,2596.77,5,24,Monthly,Yes
CUST-14377,Professional,123.16,6,740.7,0,14,Two-Year,No
CUST-14378,Enterprise,663.54,25,16835.59,3,18,Annual,No
CUST-14379,Professional,126.58,9,1140.1,4,13,Monthly,Yes
CUST-14380,Professional,137.75,9,1197.48,2,31,Monthly,No
CUST-14381,Enterprise,911.31,20,17191.1,0,24,Annual,No
CUST-14382,Professional,118.52,41,4757.05,2,39,Monthly,No
CUST-14383,Starter,39.42,6,214.77,2,22,Two-Year,Yes
CUST-14384,Starter,33.24,7,221.68,1,39,Annual,No
CUST-14385,Starter,41.4,25,1053.82,0,16,Two-Year,No
CUST-14386,Starter,42.78,35,1389.88,2,5,Monthly,No
CUST-14387,Professional,111.27,29,3020.61,2,12,Annual,No
CUST-14388,Professional,141.22,18,2618.98,3,16,Monthly,No
CUST-14389,Starter,41.7,37,1525.71,3,12,Monthly,No
CUST-14390,Starter,29.82,20,537.85,1,27,Annual,No
CUST-14391,Starter,36.01,40,1503.98,2,6,Annual,No
CUST-14392,Enterprise,708.43,40,28731.58,0,8,Monthly,No
CUST-14393,Starter,33.91,20,700.73,2,11,Monthly,Yes
CUST-14394,Professional,119.09,13,1520.75,4,36,Annual,No
CUST-14395,Starter,39.4,3,122.15,2,23,Monthly,No
CUST-14396,Professional,126.3,22,2538.45,0,9,Monthly,No
CUST-14397,Starter,29.82,41,1140.75,1,25,Annual,No
CUST-14398,Professional,123.71,3,370.03,5,33,Annual,No
CUST-14399,Starter,40.77,30,1160.35,0,5,Annual,No
CUST-14400,Professional,114.79,1,109.37,5,18,Annual,No
CUST-14401,Professional,148.44,20,3015.57,2,14,Monthly,No
CUST-14402,Professional,126.52,47,5694.74,3,29,Monthly,No
CUST-14403,Starter,40.58,40,1528.95,3,18,Monthly,No
CUST-14404,Enterprise,860.91,32,28209.8,4,11,Monthly,Yes
CUST-14405,Starter,43.41,30,1272.52,3,12,Annual,No
CUST-14406,Enterprise,1063.26,13,13221.1,2,4,Monthly,No
CUST-14407,Professional,121.86,14,1763.07,3,10,Monthly,No
CUST-14408,Professional,136.93,41,5670.6,2,31,Monthly,No
CUST-14409,Enterprise,851.71,11,9331.27,2,16,Monthly,No
CUST-14410,Enterprise,678.12,20,12444.21,5,16,Monthly,Yes
CUST-14411,Professional,132.32,26,3214.62,6,19,Annual,No
CUST-14412,Starter,30.62,25,764.26,2,27,Annual,No
CUST-14413,Starter,47.71,10,433.63,0,30,Monthly,No
CUST-14414,Starter,40.87,38,1496.61,1,22,Annual,No
CUST-14415,Starter,31.69,21,621.57,0,31,Monthly,No
CUST-14416,Professional,136.5,43,5708.77,3,10,Monthly,No
CUST-14417,Professional,122.74,27,3239.16,2,18,Annual,No
CUST-14418,Starter,32.01,40,1276.02,6,10,Monthly,Yes
CUST-14419,Professional,130.28,31,4135.66,2,17,Annual,No
CUST-14420,Starter,37.6,43,1616.25,1,4,Annual,No
CUST-14421,Professional,114.89,31,3215.73,0,25,Monthly,No
CUST-14422,Enterprise,555.99,35,17780.97,0,18,Monthly,No
CUST-14423,Professional,143.26,32,4178.13,3,16,Annual,No
CUST-14424,Professional,137.92,34,4820.34,3,32,Annual,No
CUST-14425,Starter,32.68,22,726.92,2,19,Two-Year,No
CUST-14426,Enterprise,538.12,16,7840.08,2,19,Monthly,No
CUST-14427,Enterprise,934.91,21,18045.19,1,7,Monthly,No
CUST-14428,Starter,47.09,40,1794.09,1,35,Monthly,No
CUST-14429,Professional,100.16,20,2049.64,5,7,Annual,No
CUST-14430,Professional,107.98,30,3165.51,1,29,Annual,No
CUST-14431,Starter,42.8,7,274.72,2,11,Monthly,No
CUST-14432,Professional,131.24,4,485.99,2,27,Monthly,No
CUST-14433,Professional,129.46,15,1983.24,1,20,Annual,Yes
CUST-14434,Professional,128.78,7,873.52,6,35,Annual,No
CUST-14435,Professional,110.27,2,216.61,1,15,Monthly,No
CUST-14436,Starter,40.13,35,1269.71,0,25,Monthly,No
CUST-14437,Starter,31.2,9,284.44,2,31,Monthly,No
CUST-14438,Professional,131.92,22,3039.22,3,17,Annual,Yes
CUST-14439,Starter,36.8,6,200.16,4,37,Annual,No
CUST-14440,Professional,117.4,42,4969.66,3,35,Annual,Yes
CUST-14441,Starter,44.52,45,2027.69,1,36,Annual,No
CUST-14442,Starter,29.48,29,882.49,4,31,Monthly,Yes
CUST-14443,Professional,107.68,47,4717.37,2,22,Annual,No
CUST-14444,Enterprise,559.04,13,7056.41,4,21,Annual,No
CUST-14445,Starter,41.18,22,921.02,11,36,Two-Year,No
CUST-14446,Starter,32.27,34,1065.83,2,29,Monthly,No
CUST-14447,Starter,30.35,14,421.57,2,25,Monthly,Yes
CUST-14448,Professional,117.94,12,1343.93,6,28,Monthly,Yes
CUST-14449,Starter,34.74,30,973.65,5,25,Annual,Yes
CUST-14450,Enterprise,536.28,42,21203.97,7,25,Monthly,No
CUST-14451,Professional,137.26,28,3639.65,0,11,Monthly,No
CUST-14452,Starter,47.36,3,134.88,0,38,Monthly,No
CUST-14453,Professional,121.57,26,3315.77,1,31,Monthly,No
CUST-14454,Professional,115.16,43,4756.41,0,25,Monthly,No
CUST-14455,Professional,136.94,35,4451.26,3,34,Monthly,No
CUST-14456,Professional,143.78,18,2589.14,3,37,Monthly,No
CUST-14457,Professional,143.39,15,2074.29,1,23,Monthly,No
CUST-14458,Enterprise,691.5,2,1299.88,2,20,Monthly,No
CUST-14459,Professional,114.1,15,1635.49,4,16,Two-Year,No
CUST-14460,Starter,35.11,13,421.64,3,28,Monthly,Yes
CUST-14461,Enterprise,941.54,43,41862.02,6,38,Monthly,No
CUST-14462,Professional,133.09,32,4261.52,3,39,Monthly,No
CUST-14463,Enterprise,871.92,19,17126.92,4,27,Annual,Yes
CUST-14464,Professional,120.93,8,923.99,4,3,Annual,Yes
CUST-14465,Starter,45.74,4,189.34,1,25,Annual,No
CUST-14466,Starter,35.64,27,915.77,0,14,Two-Year,No
CUST-14467,Starter,39.35,31,1109.02,3,10,Monthly,No
CUST-14468,Professional,145.85,27,4064.72,6,6,Annual,Yes
CUST-14469,Enterprise,764.18,13,10055.79,1,24,Annual,No
CUST-14470,Starter,31.68,16,516.16,3,32,Monthly,No
CUST-14471,Starter,32.5,19,572.05,0,21,Monthly,No
CUST-14472,Professional,138.59,1,144.19,5,30,Annual,No
CUST-14473,Enterprise,1178.18,35,38536.42,4,13,Monthly,No
CUST-14474,Enterprise,743.81,41,30092.23,2,21,Annual,No
CUST-14475,Enterprise,1176.44,16,17256.79,7,5,Annual,No
CUST-14476,Starter,31.71,4,127.84,1,28,Monthly,No
CUST-14477,Enterprise,964.73,46,41680.89,3,9,Annual,No
CUST-14478,Starter,36.29,13,441.22,6,2,Monthly,No
CUST-14479,Starter,44.98,30,1405.99,4,10,Monthly,No
CUST-14480,Professional,143.62,21,3138.29,2,26,Monthly,No
CUST-14481,Starter,44.56,41,1868.18,4,20,Two-Year,Yes
CUST-14482,Professional,135.92,22,2943.52,2,13,Monthly,No
CUST-14483,Professional,108.63,15,1667.08,4,19,Monthly,No
CUST-14484,Professional,121.45,30,3491.46,3,15,Monthly,No
CUST-14485,Starter,34.34,34,1177.19,5,34,Annual,Yes
CUST-14486,Professional,108.93,1,104.86,3,34,Monthly,Yes
CUST-14487,Professional,111.51,28,2878.61,2,22,Two-Year,No
CUST-14488,Enterprise,506.48,2,943.87,4,21,Monthly,No
CUST-14489,Enterprise,1143.9,7,7380.86,3,34,Two-Year,Yes
CUST-14490,Starter,37.98,3,108.99,2,18,Monthly,No
CUST-14491,Starter,39.51,23,936.69,2,21,Annual,No
CUST-14492,Starter,47.02,32,1482.62,3,39,Monthly,No
CUST-14493,Professional,134.96,32,4414.59,4,17,Annual,Yes
CUST-14494,Starter,41.28,7,260.8,5,3,Monthly,Yes
CUST-14495,Enterprise,1101.53,24,26318.14,3,19,Annual,No
CUST-14496,Enterprise,834.74,33,26285.51,2,1,Annual,No
CUST-14497,Professional,146.7,15,2153.36,0,29,Monthly,No
CUST-14498,Starter,41.97,21,825.69,3,21,Monthly,No
CUST-14499,Enterprise,680.2,38,25992.87,1,29,Annual,No
CUST-14500,Professional,126.91,1,115.43,1,15,Monthly,No
CUST-14501,Enterprise,1018.33,17,18007.39,1,7,Monthly,No
CUST-14502,Starter,46.54,2,88.86,3,12,Annual,Yes
CUST-14503,Enterprise,768.23,41,31569.89,2,25,Monthly,No
CUST-14504,Professional,142.17,18,2459.2,5,18,Monthly,Yes
CUST-14505,Starter,38.28,28,977.66,2,33,Monthly,No
CUST-14506,Starter,41.26,40,1563.38,0,36,Monthly,No
CUST-14507,Enterprise,1016.09,1,967.76,3,33,Annual,No
CUST-14508,Professional,127.95,14,1831.21,5,17,Monthly,Yes
CUST-14509,Starter,30.11,17,526.33,8,2,Monthly,Yes
CUST-14510,Enterprise,1071.96,15,14918.91,4,4,Annual,No
CUST-14511,Professional,133.24,17,2201.02,4,33,Monthly,No
CUST-14512,Starter,43.86,38,1646.06,4,16,Annual,No
CUST-14513,Starter,38.55,11,426.4,4,38,Annual,Yes
CUST-14514,Professional,111.15,4,412.28,2,12,Annual,No
CUST-14515,Starter,47.2,8,353.78,2,33,Monthly,No
CUST-14516,Starter,43.94,38,1504.56,2,39,Annual,No
CUST-14517,Professional,115.84,27,3272.06,2,12,Monthly,No
CUST-14518,Enterprise,664.18,5,3027.58,6,22,Annual,No
CUST-14519,Professional,114.5,41,4437.41,1,31,Monthly,No
CUST-14520,Enterprise,1189.67,8,9239.29,3,21,Monthly,No
CUST-14521,Professional,139.86,39,5340.09,2,14,Monthly,No
CUST-14522,Starter,40.1,4,158.69,3,14,Two-Year,Yes
CUST-14523,Starter,40.66,18,674.77,2,39,Monthly,No
CUST-14524,Professional,146.34,26,3632.02,4,38,Annual,No
CUST-14525,Enterprise,1125.89,2,2037.05,1,27,Monthly,No
CUST-14526,Professional,126.39,32,3815.04,3,18,Monthly,No
CUST-14527,Starter,47.67,47,2231.19,4,17,Two-Year,Yes
CUST-14528,Enterprise,519.33,2,962.23,1,34,Monthly,No
CUST-14529,Enterprise,1150.57,8,9524.24,1,21,Annual,No
CUST-14530,Enterprise,1000.6,17,17385.68,2,28,Annual,No
CUST-14531,Enterprise,692.14,23,15528.42,3,12,Monthly,No
CUST-14532,Enterprise,1062.93,43,47071.88,0,5,Annual,No
CUST-14533,Professional,144.13,31,4663.83,5,6,Monthly,No
CUST-14534,Starter,41.58,33,1370.41,7,39,Monthly,Yes
CUST-14535,Professional,138.71,11,1389.31,3,26,Monthly,No
CUST-14536,Professional,128.89,10,1164.56,3,32,Monthly,Yes
CUST-14537,Starter,34.66,20,708.19,2,7,Annual,No
CUST-14538,Starter,29.07,46,1318.55,2,2,Monthly,Yes
CUST-14539,Enterprise,1178.18,19,22550.8,0,26,Monthly,No
CUST-14540,Enterprise,1131.96,13,13956.27,2,30,Annual,No
CUST-14541,Professional,137.33,26,3422.18,4,14,Monthly,No
CUST-14542,Starter,34.04,27,860.29,0,12,Annual,No
CUST-14543,Professional,111.4,44,4579.75,3,12,Monthly,No
CUST-14544,Professional,123.34,15,1759.62,3,16,Monthly,No
CUST-14545,Starter,42.86,16,664.31,4,30,Monthly,No
CUST-14546,Starter,47.22,9,392.2,1,9,Monthly,No
CUST-14547,Starter,31.06,8,257.04,3,37,Monthly,No
CUST-14548,Starter,40.73,42,1663.56,1,9,Annual,No
CUST-14549,Starter,33.15,39,1260.82,1,21,Monthly,No
CUST-14550,Professional,120.63,15,1673.69,1,1,Annual,No
CUST-14551,Enterprise,641.02,32,18784.68,2,20,Annual,Yes
CUST-14552,Enterprise,499.7,11,5533.38,4,29,Annual,No
CUST-14553,Starter,34.02,40,1398.61,3,15,Monthly,Yes
CUST-14554,Professional,120.04,11,1365.9,4,10,Annual,No
CUST-14555,Professional,111.99,40,4541.8,2,36,Monthly,No
CUST-14556,Enterprise,565.39,46,24288.19,3,10,Monthly,Yes
CUST-14557,Starter,34.42,15,514.15,2,29,Annual,No
CUST-14558,Starter,48.46,11,548.36,2,19,Two-Year,Yes
CUST-14559,Starter,37.61,15,585.3,4,8,Monthly,Yes
CUST-14560,Starter,48.68,8,374.36,0,13,Annual,No
CUST-14561,Starter,31.48,17,557.23,3,11,Annual,No
CUST-14562,Starter,40.71,2,76.0,2,25,Monthly,No
CUST-14563,Professional,130.04,4,481.51,3,28,Annual,Yes
CUST-14564,Professional,134.32,11,1511.05,5,26,Annual,Yes
CUST-14565,Professional,136.11,22,2789.99,6,5,Annual,No
CUST-14566,Enterprise,778.14,45,33126.38,0,5,Annual,No
CUST-14567,Professional,147.46,9,1295.59,6,23,Monthly,Yes
CUST-14568,Starter,39.52,25,942.5,1,3,Annual,No
CUST-14569,Enterprise,974.06,47,47874.77,2,37,Monthly,No
CUST-14570,Professional,142.81,11,1444.29,0,14,Annual,No
CUST-14571,Starter,31.49,1,30.5,4,33,Monthly,Yes
CUST-14572,Professional,117.88,1,118.87,4,8,Monthly,Yes
CUST-14573,Professional,103.17,37,3863.84,2,17,Annual,No
CUST-14574,Enterprise,667.6,37,25259.59,5,31,Monthly,No
CUST-14575,Starter,48.68,16,730.64,4,25,Monthly,Yes
CUST-14576,Starter,31.02,37,1062.75,3,9,Annual,No
CUST-14577,Starter,45.87,28,1213.74,3,2,Monthly,No
CUST-14578,Starter,37.16,22,767.64,5,21,Monthly,No
CUST-14579,Starter,47.12,42,1843.64,2,12,Annual,Yes
CUST-14580,Starter,38.12,1,36.0,2,21,Monthly,No
CUST-14581,Starter,38.83,31,1123.02,5,2,Annual,No
CUST-14582,Starter,41.14,39,1658.08,0,37,Annual,No
CUST-14583,Starter,32.26,9,298.28,2,36,Monthly,No
CUST-14584,Professional,143.12,20,2712.65,3,9,Annual,No
CUST-14585,Enterprise,1148.65,23,25197.28,3,23,Monthly,No
CUST-14586,Professional,104.71,35,3691.69,1,39,Annual,No
CUST-14587,Starter,39.2,47,1762.28,2,18,Monthly,No
CUST-14588,Starter,30.74,7,216.81,4,39,Monthly,No
CUST-14589,Professional,107.18,46,4984.38,2,29,Annual,No
CUST-14590,Starter,34.0,8,277.89,4,2,Monthly,No
CUST-14591,Enterprise,1024.89,26,25940.58,0,4,Monthly,No
CUST-14592,Enterprise,805.73,2,1597.7,1,37,Monthly,No
CUST-14593,Starter,43.81,33,1309.64,1,3,Monthly,No
CUST-14594,Professional,132.34,3,402.25,5,37,Monthly,Yes
CUST-14595,Enterprise,596.55,41,24795.2,1,34,Monthly,No
CUST-14596,Professional,106.86,32,3086.44,3,4,Annual,Yes
CUST-14597,Professional,143.44,38,5602.6,2,30,Monthly,No
CUST-14598,Starter,45.55,27,1253.35,2,29,Monthly,No
CUST-14599,Starter,36.19,24,886.05,2,12,Two-Year,Yes
CUST-14600,Enterprise,832.11,42,33906.68,1,17,Monthly,No
CUST-14601,Starter,44.36,38,1754.9,3,1,Two-Year,No
CUST-14602,Starter,30.5,20,622.39,0,37,Monthly,No
CUST-14603,Professional,133.19,29,3479.85,4,10,Monthly,Yes
CUST-14604,Professional,100.49,36,3500.9,3,26,Annual,No
CUST-14605,Starter,44.95,31,1415.21,2,1,Annual,No
CUST-14606,Starter,48.72,2,89.06,4,37,Monthly,No
CUST-14607,Starter,35.74,32,1121.23,1,38,Monthly,No
CUST-14608,Starter,30.43,18,523.12,1,39,Monthly,No
CUST-14609,Professional,145.71,47,6953.22,6,39,Two-Year,Yes
CUST-14610,Enterprise,882.77,43,35277.71,0,16,Monthly,No
CUST-14611,Starter,29.42,38,1025.88,2,32,Annual,No
CUST-14612,Starter,48.34,30,1355.09,4,33,Annual,No
CUST-14613,Starter,30.82,10,304.87,2,36,Annual,Yes
CUST-14614,Starter,40.27,27,1137.98,4,9,Monthly,No
CUST-14615,Starter,29.08,29,803.06,4,19,Monthly,No
CUST-14616,Starter,29.07,33,870.42,2,20,Monthly,No
CUST-14617,Professional,104.28,44,4660.4,1,33,Monthly,No
CUST-14618,Starter,45.2,32,1436.14,1,10,Monthly,No
CUST-14619,Professional,123.72,27,3103.67,2,31,Annual,No
CUST-14620,Starter,33.19,44,1368.35,3,17,Annual,No
CUST-14621,Enterprise,928.28,14,12366.86,3,11,Annual,Yes
CUST-14622,Enterprise,1030.52,46,46915.27,0,4,Monthly,No
CUST-14623,Enterprise,1163.28,40,43336.71,3,20,Annual,No
CUST-14624,Professional,134.37,15,2002.24,4,15,Monthly,Yes
CUST-14625,Starter,32.57,21,705.53,3,35,Monthly,No
CUST-14626,Starter,41.48,33,1386.12,2,38,Annual,No
CUST-14627,Enterprise,931.96,23,20497.1,4,16,Annual,No
CUST-14628,Starter,39.54,5,190.66,2,34,Monthly,No
CUST-14629,Professional,113.6,6,659.03,2,25,Monthly,No
CUST-14630,Starter,40.79,45,1853.74,1,39,Monthly,No
CUST-14631,Enterprise,1013.43,20,20977.98,4,12,Monthly,No
CUST-14632,Starter,45.4,45,1982.18,3,39,Monthly,No
CUST-14633,Starter,38.65,6,211.9,0,4,Two-Year,No
CUST-14634,Professional,128.58,21,2618.82,3,21,Monthly,No
CUST-14635,Starter,40.31,1,37.51,1,37,Annual,Yes
CUST-14636,Starter,31.99,35,1016.07,1,37,Monthly,No
CUST-14637,Starter,43.65,20,810.09,1,17,Annual,No
CUST-14638,Starter,47.33,43,2087.21,1,21,Monthly,No
CUST-14639,Starter,29.45,8,245.77,4,35,Monthly,Yes
CUST-14640,Professional,100.92,16,1597.34,3,30,Annual,No
CUST-14641,Professional,124.86,6,717.97,1,23,Monthly,Yes
CUST-14642,Starter,29.6,31,863.53,0,38,Monthly,No
CUST-14643,Enterprise,818.63,32,26266.31,1,21,Monthly,No
CUST-14644,Professional,125.5,26,3094.22,3,13,Monthly,No
CUST-14645,Starter,37.8,3,115.24,2,11,Monthly,No
CUST-14646,Professional,121.43,26,2945.15,3,36,Monthly,Yes
CUST-14647,Professional,127.46,24,2911.64,3,27,Monthly,No
CUST-14648,Professional,107.96,3,300.42,3,23,Annual,No
CUST-14649,Professional,148.61,37,5302.1,0,21,Annual,No
CUST-14650,Starter,32.81,17,504.75,4,5,Annual,No
CUST-14651,Professional,143.79,13,1698.33,2,29,Annual,No
CUST-14652,Starter,39.5,1,37.4,3,31,Monthly,Yes
CUST-14653,Starter,34.8,37,1246.38,6,9,Two-Year,No
CUST-14654,Starter,34.59,37,1204.83,0,28,Annual,No
CUST-14655,Starter,35.16,36,1161.27,2,4,Two-Year,No
CUST-14656,Enterprise,774.22,44,35103.34,4,35,Annual,Yes
CUST-14657,Starter,32.1,12,395.58,1,19,Monthly,No
CUST-14658,Professional,106.48,22,2136.88,6,28,Monthly,Yes
CUST-14659,Professional,127.26,9,1095.65,3,32,Annual,No
CUST-14660,Starter,34.94,4,136.0,1,39,Monthly,Yes
CUST-14661,Starter,44.78,29,1341.55,2,10,Monthly,No
CUST-14662,Professional,107.84,16,1726.02,2,36,Annual,No
CUST-14663,Starter,46.23,40,1827.91,3,35,Monthly,No
CUST-14664,Starter,39.36,37,1470.33,0,6,Monthly,No
CUST-14665,Starter,37.97,19,749.97,1,15,Two-Year,No
CUST-14666,Starter,44.35,36,1604.45,2,20,Annual,No
CUST-14667,Starter,37.53,41,1456.37,5,34,Monthly,No
CUST-14668,Professional,102.95,32,3453.5,1,15,Monthly,No
CUST-14669,Professional,117.95,17,1879.65,5,21,Two-Year,No
CUST-14670,Starter,39.57,10,356.92,4,21,Annual,Yes
CUST-14671,Professional,116.74,35,4028.86,1,6,Two-Year,No
CUST-14672,Starter,32.19,17,497.19,1,13,Monthly,No
CUST-14673,Enterprise,616.25,3,1747.55,1,8,Monthly,No
CUST-14674,Starter,29.08,37,1050.03,2,17,Annual,No
CUST-14675,Professional,134.1,19,2571.48,5,29,Monthly,No
CUST-14676,Starter,35.98,24,812.07,3,29,Annual,No
CUST-14677,Starter,32.22,16,493.05,4,21,Monthly,Yes
CUST-14678,Professional,132.24,18,2413.02,2,2,Annual,No
CUST-14679,Starter,40.68,13,508.81,1,14,Monthly,No
CUST-14680,Professional,123.73,32,3768.6,2,8,Monthly,No
CUST-14681,Professional,148.88,9,1299.23,1,26,Annual,No
CUST-14682,Starter,40.02,16,596.45,1,39,Monthly,No
CUST-14683,Professional,128.92,8,1004.16,1,21,Monthly,No
CUST-14684,Professional,107.74,13,1469.79,4,17,Monthly,Yes
CUST-14685,Starter,35.13,40,1406.93,1,10,Monthly,No
CUST-14686,Enterprise,1119.11,33,38389.13,5,2,Monthly,Yes
CUST-14687,Starter,29.91,2,59.87,2,36,Annual,No
CUST-14688,Starter,44.83,3,137.03,2,38,Annual,No
CUST-14689,Enterprise,779.94,1,787.83,4,24,Monthly,No
CUST-14690,Starter,32.93,25,831.42,1,4,Monthly,No
CUST-14691,Enterprise,1010.77,25,25716.14,5,1,Annual,Yes
CUST-14692,Starter,36.86,23,769.26,1,6,Two-Year,No
CUST-14693,Professional,108.68,24,2707.2,2,5,Monthly,No
CUST-14694,Enterprise,886.65,25,22403.84,3,11,Annual,No
CUST-14695,Professional,127.27,26,3154.77,3,19,Two-Year,No
CUST-14696,Enterprise,1178.07,4,4554.71,3,9,Monthly,No
CUST-14697,Enterprise,950.68,16,15058.24,2,31,Annual,No
CUST-14698,Starter,34.26,14,470.04,5,21,Monthly,No
CUST-14699,Starter,34.27,37,1161.42,1,35,Annual,No
CUST-14700,Professional,142.76,44,6558.32,1,3,Monthly,No
CUST-14701,Professional,107.23,11,1101.47,3,1,Monthly,No
CUST-14702,Enterprise,631.4,13,7514.32,3,32,Annual,No
CUST-14703,Starter,42.02,21,846.89,1,30,Monthly,Yes
CUST-14704,Professional,139.26,17,2145.37,4,24,Monthly,No
CUST-14705,Professional,113.17,29,3279.82,3,11,Monthly,No
CUST-14706,Starter,39.2,44,1597.79,1,29,Annual,No
CUST-14707,Enterprise,682.46,1,617.94,3,22,Monthly,No
CUST-14708,Professional,135.94,45,6254.97,2,28,Monthly,Yes
CUST-14709,Professional,100.72,30,3031.61,4,26,Monthly,No
CUST-14710,Professional,137.97,38,4829.74,2,34,Monthly,No
CUST-14711,Enterprise,811.36,47,38935.56,2,1,Annual,No
CUST-14712,Starter,43.46,11,436.38,3,2,Monthly,No
CUST-14713,Enterprise,1185.71,39,46629.94,0,3,Two-Year,No
CUST-14714,Professional,137.3,21,3000.51,1,9,Monthly,No
CUST-14715,Starter,42.52,10,422.62,2,18,Annual,No
CUST-14716,Professional,106.62,27,2666.68,3,24,Two-Year,No
CUST-14717,Enterprise,1113.95,35,36999.02,2,17,Two-Year,No
CUST-14718,Starter,32.21,43,1371.12,0,6,Monthly,No
CUST-14719,Enterprise,633.69,10,6355.02,1,34,Annual,No
CUST-14720,Starter,40.37,22,903.28,2,3,Annual,No
CUST-14721,Professional,101.5,18,1911.4,2,27,Monthly,No
CUST-14722,Professional,123.07,29,3412.18,2,1,Annual,No
CUST-14723,Professional,127.97,44,5230.21,1,10,Monthly,No
CUST-14724,Professional,115.1,14,1545.73,1,33,Annual,No
CUST-14725,Professional,109.67,40,4251.96,4,24,Monthly,No
CUST-14726,Starter,48.96,21,1067.27,0,28,Two-Year,No
CUST-14727,Starter,35.54,47,1615.14,2,35,Monthly,No
CUST-14728,Starter,33.01,30,921.38,1,17,Monthly,No
CUST-14729,Professional,110.63,39,4345.83,3,7,Annual,No
CUST-14730,Starter,45.25,23,1060.05,3,6,Annual,No
CUST-14731,Enterprise,751.77,30,23054.28,3,3,Annual,No
CUST-14732,Starter,30.9,36,1099.89,3,8,Annual,No
CUST-14733,Professional,122.84,12,1497.4,2,19,Annual,No
CUST-14734,Enterprise,817.74,17,12613.31,3,37,Monthly,No
CUST-14735,Starter,35.98,4,140.57,3,17,Monthly,No
CUST-14736,Enterprise,587.11,42,25391.37,1,34,Monthly,No
CUST-14737,Professional,139.99,13,1906.74,2,6,Annual,No
CUST-14738,Starter,30.19,31,981.46,5,3,Monthly,Yes
CUST-14739,Professional,140.24,38,5179.99,1,17,Annual,No
CUST-14740,Enterprise,841.14,44,37968.77,5,15,Monthly,No
CUST-14741,Enterprise,845.23,5,4223.31,4,36,Annual,No
CUST-14742,Starter,43.78,17,724.46,3,39,Monthly,No
CUST-14743,Starter,32.73,30,921.51,2,27,Monthly,No
CUST-14744,Professional,129.61,37,4468.06,2,26,Monthly,No
CUST-14745,Enterprise,869.13,13,10995.36,2,26,Monthly,No
CUST-14746,Starter,36.3,27,994.43,2,27,Monthly,No
CUST-14747,Professional,134.37,12,1579.91,3,6,Annual,Yes
CUST-14748,Professional,116.41,9,971.67,4,18,Monthly,Yes
CUST-14749,Professional,132.18,13,1734.74,2,1,Monthly,No
CUST-14750,Starter,40.79,44,1705.3,4,23,Two-Year,No
CUST-14751,Enterprise,1030.83,1,949.3,4,7,Monthly,Yes
CUST-14752,Starter,39.56,19,705.93,1,19,Annual,No
CUST-14753,Starter,46.7,38,1676.58,4,25,Two-Year,No
CUST-14754,Starter,32.84,8,245.4,2,10,Annual,No
CUST-14755,Starter,39.48,15,535.95,2,1,Annual,No
CUST-14756,Enterprise,578.78,42,24914.11,2,32,Two-Year,No
CUST-14757,Professional,107.73,40,4446.19,3,22,Annual,No
CUST-14758,Starter,37.21,40,1341.52,3,35,Annual,Yes
CUST-14759,Enterprise,624.11,26,15611.87,4,37,Monthly,No
CUST-14760,Enterprise,983.64,38,37898.77,2,1,Annual,No
CUST-14761,Professional,102.16,23,2196.41,0,35,Annual,No
CUST-14762,Professional,137.44,19,2423.4,5,23,Monthly,Yes
CUST-14763,Starter,34.75,2,63.57,2,27,Monthly,No
CUST-14764,Professional,109.48,9,1015.5,7,23,Annual,No
CUST-14765,Starter,30.45,9,263.34,5,17,Annual,Yes
CUST-14766,Starter,44.04,29,1298.94,4,3,Monthly,No
CUST-14767,Starter,46.75,42,2061.05,5,24,Monthly,No
CUST-14768,Starter,34.84,1,35.54,3,20,Monthly,No
CUST-14769,Starter,32.65,5,170.18,1,8,Monthly,No
CUST-14770,Starter,46.27,13,543.42,3,1,Monthly,No
CUST-14771,Enterprise,621.91,38,21516.68,6,11,Annual,Yes
CUST-14772,Professional,140.72,46,5959.96,2,15,Annual,No
CUST-14773,Professional,125.15,2,234.28,2,25,Annual,No
CUST-14774,Starter,43.83,31,1415.13,2,11,Annual,No
CUST-14775,Enterprise,978.64,46,43439.01,1,6,Annual,No
CUST-14776,Professional,128.87,37,4785.67,9,21,Monthly,Yes
CUST-14777,Starter,33.94,36,1155.89,0,37,Monthly,No
CUST-14778,Professional,139.37,8,1038.22,4,18,Monthly,No
CUST-14779,Starter,41.12,28,1069.91,2,24,Monthly,No
CUST-14780,Starter,36.82,2,73.67,3,35,Monthly,Yes
CUST-14781,Professional,101.44,21,2112.15,1,25,Monthly,No
CUST-14782,Starter,43.31,2,82.02,7,39,Monthly,No
CUST-14783,Starter,44.95,13,534.86,3,1,Annual,No
CUST-14784,Starter,29.28,28,747.08,4,15,Two-Year,No
CUST-14785,Professional,111.72,45,4709.1,3,6,Monthly,No
CUST-14786,Professional,144.53,16,2201.89,1,32,Monthly,No
CUST-14787,Professional,140.63,38,5512.38,2,1,Monthly,No
CUST-14788,Professional,130.49,7,892.81,3,21,Monthly,Yes
CUST-14789,Enterprise,728.5,3,2142.0,3,22,Monthly,No
CUST-14790,Professional,119.23,9,1103.8,4,32,Monthly,Yes
CUST-14791,Starter,29.29,17,500.99,2,37,Two-Year,No
CUST-14792,Professional,145.84,8,1203.46,3,4,Two-Year,Yes
CUST-14793,Starter,43.86,6,258.79,7,36,Annual,Yes
CUST-14794,Professional,133.44,21,2795.54,1,9,Monthly,No
CUST-14795,Professional,100.52,11,1073.98,2,32,Annual,Yes
CUST-14796,Starter,44.7,10,411.05,1,3,Monthly,No
CUST-14797,Professional,126.94,25,3233.9,4,37,Monthly,No
CUST-14798,Professional,103.47,46,4852.15,4,4,Two-Year,Yes
CUST-14799,Professional,144.4,12,1721.78,2,31,Annual,No
CUST-14800,Professional,120.54,2,235.35,3,3,Monthly,No
CUST-14801,Starter,42.95,12,508.69,3,35,Monthly,Yes
CUST-14802,Starter,32.43,11,355.95,2,30,Annual,No
CUST-14803,Starter,31.22,24,721.71,0,12,Monthly,No
CUST-14804,Professional,129.82,31,4095.24,4,17,Monthly,No
CUST-14805,Enterprise,680.97,41,27138.86,5,13,Monthly,No
CUST-14806,Enterprise,1094.89,27,27237.16,2,15,Monthly,No
CUST-14807,Professional,107.87,4,435.17,1,11,Two-Year,No
CUST-14808,Enterprise,903.11,7,6595.4,1,34,Monthly,No
CUST-14809,Starter,44.68,22,925.15,4,28,Monthly,No
CUST-14810,Professional,138.12,41,5569.4,2,23,Monthly,No
CUST-14811,Professional,124.98,29,3695.54,1,8,Annual,No
CUST-14812,Enterprise,722.45,18,12699.44,4,30,Annual,No
CUST-14813,Professional,147.88,32,4864.61,0,18,Two-Year,No
CUST-14814,Starter,33.91,21,668.62,0,32,Annual,No
CUST-14815,Starter,39.65,32,1303.6,2,21,Annual,No
CUST-14816,Starter,30.68,3,88.02,3,7,Two-Year,No
CUST-14817,Starter,30.82,43,1348.9,2,9,Monthly,No
CUST-14818,Enterprise,1121.36,38,42608.29,2,16,Monthly,No
CUST-14819,Professional,114.7,2,208.23,6,20,Annual,Yes
CUST-14820,Professional,116.63,12,1295.09,3,32,Monthly,Yes
CUST-14821,Enterprise,835.61,5,4374.53,2,21,Annual,No
CUST-14822,Professional,107.57,40,3996.73,4,30,Monthly,Yes
CUST-14823,Enterprise,1130.58,45,45928.26,2,16,Monthly,No
CUST-14824,Professional,114.74,24,2761.25,2,2,Monthly,No
CUST-14825,Starter,35.58,4,132.36,2,37,Annual,Yes
CUST-14826,Starter,40.22,37,1434.5,6,31,Monthly,Yes
CUST-14827,Starter,42.03,25,964.87,5,18,Monthly,No
CUST-14828,Starter,31.5,7,219.09,1,3,Monthly,No
CUST-14829,Professional,141.72,22,3003.61,1,37,Monthly,No
CUST-14830,Starter,37.63,36,1332.54,3,21,Monthly,No
CUST-14831,Enterprise,875.8,6,5241.58,3,15,Annual,No
CUST-14832,Starter,43.53,24,1048.37,1,26,Monthly,Yes
CUST-14833,Starter,36.32,30,982.33,3,21,Monthly,No
CUST-14834,Enterprise,712.2,41,26623.82,1,25,Monthly,No
CUST-14835,Enterprise,556.59,21,11027.01,1,3,Monthly,No
CUST-14836,Starter,34.05,43,1342.01,5,26,Monthly,Yes
CUST-14837,Professional,136.72,29,3800.51,3,23,Annual,No
CUST-14838,Professional,104.55,14,1513.96,0,39,Monthly,No
CUST-14839,Professional,111.78,1,112.68,3,27,Annual,No
CUST-14840,Starter,41.11,5,214.42,4,29,Annual,No
CUST-14841,Starter,43.51,40,1712.75,1,9,Monthly,No
CUST-14842,Starter,36.71,38,1405.59,2,18,Monthly,No
CUST-14843,Professional,139.68,8,1032.95,2,1,Two-Year,No
CUST-14844,Professional,110.04,21,2121.95,1,28,Monthly,No
CUST-14845,Professional,132.69,7,845.64,2,37,Two-Year,No
CUST-14846,Starter,35.08,43,1555.19,1,36,Annual,No
CUST-14847,Professional,103.35,29,2970.05,3,39,Annual,No
CUST-14848,Professional,119.11,4,460.25,2,15,Monthly,No
CUST-14849,Starter,47.62,22,964.87,4,21,Two-Year,No
CUST-14850,Starter,47.94,5,228.57,5,4,Monthly,No
CUST-14851,Starter,39.28,39,1481.61,1,9,Monthly,No
CUST-14852,Starter,41.56,40,1729.83,2,24,Monthly,No
CUST-14853,Starter,38.49,5,194.04,2,8,Monthly,No
CUST-14854,Starter,32.89,20,618.24,1,20,Monthly,No
CUST-14855,Starter,38.42,44,1630.71,4,26,Annual,Yes
CUST-14856,Starter,29.61,26,805.68,3,36,Annual,Yes
CUST-14857,Professional,131.54,6,716.44,5,36,Annual,No
CUST-14858,Starter,38.21,27,1072.89,3,39,Monthly,No
CUST-14859,Starter,41.77,31,1313.92,2,33,Annual,No
CUST-14860,Starter,36.59,45,1707.12,6,23,Monthly,Yes
CUST-14861,Professional,126.2,18,2182.28,3,2,Monthly,No
CUST-14862,Professional,148.44,41,5846.62,1,4,Annual,No
CUST-14863,Starter,43.03,44,1791.67,3,24,Monthly,No
CUST-14864,Starter,45.03,19,779.38,2,4,Monthly,No
CUST-14865,Professional,133.75,41,5016.25,1,21,Two-Year,No
CUST-14866,Starter,29.93,31,883.65,1,26,Annual,No
CUST-14867,Enterprise,499.72,33,15677.46,2,10,Two-Year,No
CUST-14868,Professional,112.06,8,809.67,4,30,Monthly,Yes
CUST-14869,Starter,47.94,8,371.61,3,6,Monthly,No
CUST-14870,Professional,131.44,31,3849.22,5,9,Monthly,No
CUST-14871,Professional,122.42,44,5267.8,3,36,Two-Year,No
CUST-14872,Starter,48.81,38,1827.23,2,7,Monthly,No
CUST-14873,Professional,134.63,12,1597.07,5,11,Monthly,No
CUST-14874,Enterprise,1171.77,9,9956.12,3,22,Monthly,No
CUST-14875,Starter,36.4,15,517.69,2,23,Annual,No
CUST-14876,Starter,34.97,16,573.61,1,14,Monthly,No
CUST-14877,Enterprise,698.87,21,14206.64,0,28,Annual,Yes
CUST-14878,Starter,35.78,12,420.3,3,21,Two-Year,No
CUST-14879,Professional,125.49,35,4196.99,0,30,Monthly,No
CUST-14880,Enterprise,1066.69,17,17512.56,2,9,Monthly,No
CUST-14881,Enterprise,1099.93,44,48413.74,7,14,Monthly,No
CUST-14882,Professional,127.88,19,2270.13,3,4,Annual,Yes
CUST-14883,Professional,142.55,11,1551.98,2,9,Annual,No
CUST-14884,Professional,114.27,41,4490.38,3,29,Monthly,No
CUST-14885,Enterprise,853.03,34,30416.54,4,32,Annual,No
CUST-14886,Starter,33.65,40,1402.19,0,22,Annual,No
CUST-14887,Enterprise,1164.36,28,33031.11,4,20,Annual,No
CUST-14888,Enterprise,678.78,43,27242.91,3,26,Annual,No
CUST-14889,Starter,37.23,31,1095.86,4,15,Monthly,Yes
CUST-14890,Professional,139.28,45,5706.07,3,27,Monthly,No
CUST-14891,Professional,105.62,46,4966.01,1,38,Annual,No
CUST-14892,Starter,42.82,43,1679.98,1,29,Annual,No
CUST-14893,Starter,39.22,45,1704.26,2,2,Monthly,No
CUST-14894,Professional,127.88,32,4189.99,4,26,Monthly,Yes
CUST-14895,Professional,104.37,37,3922.63,4,10,Annual,Yes
CUST-14896,Starter,31.23,36,1056.27,6,26,Monthly,No
CUST-14897,Professional,140.33,34,4451.32,1,1,Annual,No
CUST-14898,Starter,40.55,4,165.24,2,24,Annual,Yes
CUST-14899,Starter,30.2,10,297.18,2,38,Monthly,No
CUST-14900,Starter,44.74,11,461.31,4,4,Monthly,No
CUST-14901,Professional,145.11,45,6783.93,3,28,Two-Year,Yes
CUST-14902,Starter,46.17,1,46.1,0,24,Monthly,No
CUST-14903,Professional,114.3,21,2169.85,0,5,Monthly,No
CUST-14904,Enterprise,512.94,25,12645.51,4,26,Monthly,Yes
CUST-14905,Professional,111.81,13,1480.34,4,23,Annual,Yes
CUST-14906,Starter,44.38,5,215.36,2,16,Annual,No
CUST-14907,Starter,30.07,39,1076.61,0,28,Annual,No
CUST-14908,Enterprise,778.42,12,8568.35,1,8,Monthly,No
CUST-14909,Starter,40.95,3,111.97,3,16,Monthly,No
CUST-14910,Starter,47.63,20,977.84,1,2,Monthly,No
CUST-14911,Professional,117.65,39,4559.48,3,32,Annual,No
CUST-14912,Starter,29.34,17,450.7,4,17,Annual,Yes
CUST-14913,Starter,48.07,43,2069.34,3,22,Monthly,No
CUST-14914,Professional,123.83,6,706.51,3,32,Annual,No
CUST-14915,Professional,123.75,15,1920.05,1,10,Monthly,No
CUST-14916,Professional,104.15,23,2428.68,2,28,Monthly,No
CUST-14917,Professional,100.53,17,1785.98,3,9,Monthly,No
CUST-14918,Starter,43.19,26,1105.9,2,7,Annual,Yes
CUST-14919,Starter,44.79,37,1509.91,3,39,Monthly,No
CUST-14920,Starter,48.2,16,808.67,2,29,Monthly,No
CUST-14921,Professional,112.8,23,2451.99,4,21,Monthly,Yes
CUST-14922,Starter,40.14,44,1760.0,4,2,Monthly,Yes
CUST-14923,Starter,31.27,12,384.21,1,7,Monthly,No
CUST-14924,Professional,125.67,9,1181.2,2,27,Monthly,No
CUST-14925,Professional,117.26,18,1925.96,0,25,Annual,No
CUST-14926,Starter,40.89,40,1665.1,2,27,Annual,No
CUST-14927,Starter,43.95,10,439.83,2,37,Monthly,No
CUST-14928,Professional,131.92,39,4871.56,9,1,Annual,Yes
CUST-14929,Enterprise,1182.14,27,28820.72,3,8,Annual,No
CUST-14930,Professional,130.89,14,1850.86,3,17,Monthly,No
CUST-14931,Enterprise,1155.01,25,29798.84,1,8,Annual,Yes
CUST-14932,Professional,99.66,43,4013.68,5,24,Monthly,No
CUST-14933,Starter,40.06,35,1365.68,4,30,Monthly,No
CUST-14934,Professional,133.44,27,3453.96,4,9,Annual,No
CUST-14935,Professional,129.66,24,2813.19,0,16,Annual,No
CUST-14936,Enterprise,1184.99,13,15472.24,2,39,Monthly,No
CUST-14937,Starter,32.5,21,695.93,3,28,Monthly,No
CUST-14938,Starter,30.53,35,1106.05,5,20,Annual,Yes
CUST-14939,Professional,130.44,6,744.58,4,32,Annual,No
CUST-14940,Starter,33.19,41,1316.87,1,13,Annual,No
CUST-14941,Professional,130.05,36,4794.38,3,4,Monthly,No
CUST-14942,Starter,39.26,35,1430.19,2,13,Monthly,No
CUST-14943,Starter,40.23,46,1780.28,3,19,Monthly,No
CUST-14944,Enterprise,932.63,11,9649.8,2,3,Annual,No
CUST-14945,Professional,132.33,3,367.23,2,2,Monthly,No
CUST-14946,Starter,44.55,13,527.49,3,13,Annual,No
CUST-14947,Starter,36.05,3,104.04,3,10,Monthly,No
CUST-14948,Starter,31.96,10,318.58,3,14,Monthly,No
CUST-14949,Starter,41.33,35,1463.1,3,29,Annual,No
CUST-14950,Enterprise,571.97,35,20448.21,2,16,Annual,No
CUST-14951,Professional,148.09,29,4204.08,3,33,Annual,No
CUST-14952,Professional,131.63,28,3666.7,2,17,Annual,No
CUST-14953,Starter,44.13,17,762.25,3,33,Annual,No
CUST-14954,Enterprise,884.45,14,11591.86,5,11,Monthly,No
CUST-14955,Starter,41.67,20,840.42,1,17,Monthly,No
CUST-14956,Starter,43.66,35,1474.75,4,15,Monthly,No
CUST-14957,Enterprise,842.13,4,3515.24,3,38,Monthly,No
CUST-14958,Professional,113.19,1,111.3,1,11,Monthly,No
CUST-14959,Enterprise,1041.19,27,26011.77,1,24,Annual,No
CUST-14960,Starter,39.11,11,433.85,2,21,Two-Year,No
CUST-14961,Professional,142.09,42,5376.99,5,20,Monthly,No
CUST-14962,Professional,142.29,45,5786.9,1,39,Annual,No
CUST-14963,Professional,118.14,42,4619.67,2,11,Annual,Yes
CUST-14964,Starter,42.7,14,554.11,3,6,Monthly,Yes
CUST-14965,Starter,31.33,19,596.64,6,25,Monthly,Yes
CUST-14966,Starter,41.26,25,1066.2,2,17,Monthly,No
CUST-14967,Professional,147.47,2,293.9,1,39,Monthly,No
CUST-14968,Starter,47.85,40,1758.52,1,11,Monthly,No
CUST-14969,Starter,43.32,3,130.94,2,8,Annual,No
CUST-14970,Professional,136.19,26,3204.34,1,8,Monthly,No
CUST-14971,Professional,136.94,32,4593.97,2,28,Annual,No
CUST-14972,Starter,48.56,43,1903.43,3,16,Monthly,Yes
CUST-14973,Enterprise,911.59,32,26453.27,2,8,Monthly,No
CUST-14974,Starter,42.07,26,1015.33,3,28,Monthly,Yes
CUST-14975,Professional,120.36,22,2671.11,1,11,Monthly,No
CUST-14976,Professional,102.41,14,1368.72,4,20,Annual,No
CUST-14977,Starter,32.46,44,1368.31,3,31,Annual,No
CUST-14978,Starter,36.84,47,1779.97,1,34,Monthly,No
CUST-14979,Starter,46.89,43,1896.41,3,22,Monthly,No
CUST-14980,Starter,29.04,2,58.47,2,35,Monthly,No
CUST-14981,Starter,38.52,30,1111.73,3,39,Annual,No
CUST-14982,Enterprise,655.91,21,12974.37,2,17,Two-Year,No
CUST-14983,Professional,139.57,46,6103.18,3,35,Monthly,Yes
CUST-14984,Professional,119.9,36,4262.85,1,8,Annual,No
CUST-14985,Professional,114.32,5,536.55,2,36,Monthly,Yes
CUST-14986,Professional,116.49,28,3093.25,3,7,Monthly,No
CUST-14987,Professional,108.32,19,2097.06,2,25,Annual,No
CUST-14988,Professional,118.36,23,2653.49,3,32,Monthly,Yes
CUST-14989,Starter,45.22,10,440.35,2,27,Annual,No
CUST-14990,Enterprise,524.41,41,19515.17,1,6,Monthly,No
CUST-14991,Starter,39.31,5,188.16,2,36,Monthly,No
CUST-14992,Enterprise,954.81,47,42647.94,1,37,Monthly,No
CUST-14993,Starter,43.12,44,1795.62,2,4,Monthly,No
CUST-14994,Starter,48.28,1,43.61,6,7,Monthly,Yes
CUST-14995,Starter,33.29,36,1141.93,5,5,Monthly,Yes
CUST-14996,Starter,31.0,20,583.51,4,7,Annual,Yes
CUST-14997,Professional,135.49,20,2613.49,1,7,Monthly,No
CUST-14998,Professional,106.31,12,1209.08,1,13,Annual,No
CUST-14999,Enterprise,848.2,7,6123.98,1,35,Monthly,No
CUST-15000,Starter,39.08,39,1474.67,4,27,Monthly,No
CUST-15001,Starter,40.51,35,1332.89,4,1,Monthly,No
CUST-15002,Starter,31.51,44,1433.5,3,4,Annual,No
CUST-15003,Starter,34.41,14,441.51,2,12,Annual,No
CUST-15004,Enterprise,1110.0,17,19739.36,4,33,Monthly,No
CUST-15005,Starter,43.69,13,572.67,3,17,Monthly,Yes
CUST-15006,Enterprise,1053.08,13,12666.95,3,30,Annual,No
CUST-15007,Professional,118.18,13,1467.35,3,3,Annual,Yes
CUST-15008,Starter,33.45,37,1145.37,0,30,Annual,No
CUST-15009,Starter,37.69,20,723.77,2,25,Monthly,No
CUST-15010,Starter,39.6,32,1224.74,3,20,Annual,Yes
CUST-15011,Starter,34.22,31,1095.91,2,27,Annual,No
CUST-15012,Starter,32.29,31,1038.03,0,15,Monthly,No
CUST-15013,Professional,124.33,10,1121.94,3,36,Monthly,No
CUST-15014,Professional,117.45,5,593.32,1,5,Monthly,No
CUST-15015,Professional,131.63,31,4180.59,2,16,Monthly,No
CUST-15016,Enterprise,575.73,35,20026.98,1,15,Monthly,Yes
CUST-15017,Professional,123.14,12,1539.85,1,18,Monthly,Yes
CUST-15018,Professional,126.56,20,2374.64,2,18,Monthly,No
CUST-15019,Starter,39.93,11,403.3,1,20,Monthly,No
CUST-15020,Starter,48.24,30,1391.97,2,15,Annual,No
CUST-15021,Professional,142.31,44,6271.03,1,29,Monthly,No
CUST-15022,Professional,116.5,11,1284.66,4,1,Monthly,No
CUST-15023,Professional,132.11,19,2309.11,2,5,Monthly,No
CUST-15024,Starter,45.68,5,232.88,4,11,Monthly,Yes
CUST-15025,Starter,44.39,15,659.99,3,18,Annual,No
CUST-15026,Professional,106.18,20,2074.75,1,38,Annual,No
CUST-15027,Professional,134.17,27,3759.18,6,6,Annual,Yes
CUST-15028,Professional,126.65,1,121.44,3,27,Monthly,Yes
CUST-15029,Starter,42.47,26,1016.41,6,1,Monthly,Yes
CUST-15030,Starter,44.99,8,361.0,3,36,Monthly,Yes
CUST-15031,Starter,48.48,13,581.25,3,3,Two-Year,No
CUST-15032,Starter,32.44,16,521.35,2,34,Two-Year,No
CUST-15033,Starter,39.08,28,1127.5,2,7,Monthly,No
CUST-15034,Starter,43.81,2,88.89,3,26,Annual,No
CUST-15035,Enterprise,879.69,27,21619.9,0,29,Annual,No
CUST-15036,Professional,115.51,27,3066.77,3,23,Monthly,No
CUST-15037,Starter,29.13,19,552.31,1,28,Monthly,No
CUST-15038,Starter,36.07,36,1258.68,7,16,Monthly,No
CUST-15039,Enterprise,929.25,31,28398.71,0,5,Monthly,No
CUST-15040,Starter,40.97,25,1048.21,2,32,Annual,No
CUST-15041,Starter,33.45,45,1423.34,1,36,Annual,No
CUST-15042,Starter,29.87,4,112.14,3,25,Monthly,Yes
CUST-15043,Starter,43.77,37,1530.34,4,15,Two-Year,No
CUST-15044,Starter,34.93,27,916.89,1,7,Monthly,No
CUST-15045,Professional,110.01,18,1795.11,1,10,Annual,No
CUST-15046,Professional,107.96,11,1118.78,2,11,Monthly,No
CUST-15047,Enterprise,617.25,32,18216.46,2,2,Two-Year,No
CUST-15048,Starter,48.52,38,1810.06,3,4,Monthly,No
CUST-15049,Starter,29.62,32,880.07,2,8,Monthly,Yes
CUST-15050,Starter,35.1,22,754.31,5,18,Monthly,Yes
CUST-15051,Professional,112.34,37,4179.79,4,36,Monthly,No
CUST-15052,Enterprise,916.75,24,21949.57,3,4,Monthly,No
CUST-15053,Enterprise,667.39,31,20348.17,3,10,Annual,No
CUST-15054,Enterprise,661.08,2,1241.52,4,30,Monthly,Yes
CUST-15055,Professional,107.89,7,691.63,3,35,Monthly,No
CUST-15056,Professional,144.89,6,794.78,0,10,Monthly,No
CUST-15057,Starter,48.12,44,2002.45,3,32,Annual,No
CUST-15058,Enterprise,892.32,32,28327.84,5,13,Monthly,No
CUST-15059,Professional,126.39,24,2969.83,3,20,Monthly,No
CUST-15060,Starter,36.17,14,501.02,2,33,Monthly,No
CUST-15061,Starter,35.62,15,512.23,1,34,Two-Year,No
CUST-15062,Professional,147.02,14,1921.19,2,29,Annual,No
CUST-15063,Professional,135.95,20,2613.78,4,18,Monthly,No
CUST-15064,Starter,46.66,36,1594.2,4,4,Monthly,No
CUST-15065,Starter,34.5,6,195.05,1,6,Monthly,No
CUST-15066,Enterprise,1126.98,39,43009.36,4,7,Two-Year,Yes
CUST-15067,Professional,139.46,5,699.22,2,19,Annual,No
CUST-15068,Professional,133.18,15,2023.33,3,38,Annual,Yes
CUST-15069,Starter,31.74,25,746.74,0,2,Monthly,No
CUST-15070,Professional,113.11,23,2497.92,4,26,Monthly,No
CUST-15071,Enterprise,868.01,20,17223.97,2,7,Two-Year,No
CUST-15072,Starter,45.85,26,1075.72,3,20,Monthly,No
CUST-15073,Professional,148.49,16,2334.02,2,28,Monthly,No
CUST-15074,Starter,30.14,42,1143.39,3,19,Monthly,No
CUST-15075,Professional,121.49,23,2624.56,1,12,Monthly,No
CUST-15076,Starter,30.75,43,1366.23,5,16,Two-Year,No
CUST-15077,Professional,127.73,14,1816.52,4,3,Monthly,No
CUST-15078,Enterprise,589.11,12,7242.21,2,27,Two-Year,No
CUST-15079,Professional,127.75,47,6027.62,2,2,Monthly,No
CUST-15080,Enterprise,690.28,40,25655.73,4,29,Monthly,No
CUST-15081,Professional,122.97,29,3414.09,1,15,Annual,No
CUST-15082,Starter,32.11,44,1309.8,2,6,Annual,No
CUST-15083,Enterprise,1144.46,15,16540.39,2,6,Monthly,No
CUST-15084,Professional,123.85,8,914.27,1,31,Monthly,No
CUST-15085,Starter,42.52,34,1486.46,0,32,Monthly,No
CUST-15086,Enterprise,1111.53,16,17948.41,2,2,Monthly,No
CUST-15087,Enterprise,772.83,37,28457.96,3,9,Annual,No
CUST-15088,Starter,37.06,27,1026.63,1,2,Monthly,Yes
CUST-15089,Professional,122.77,11,1380.61,3,33,Monthly,No
CUST-15090,Enterprise,1134.47,39,45246.74,4,13,Annual,Yes
CUST-15091,Starter,29.75,41,1155.06,1,18,Monthly,No
CUST-15092,Professional,122.02,11,1392.38,5,6,Monthly,No
CUST-15093,Starter,47.67,19,850.29,6,16,Monthly,Yes
CUST-15094,Enterprise,733.8,22,16497.19,4,17,Monthly,No
CUST-15095,Professional,126.34,6,792.15,5,15,Monthly,Yes
CUST-15096,Professional,109.98,39,4269.01,2,25,Monthly,No
CUST-15097,Professional,115.16,38,4393.4,4,37,Annual,No
CUST-15098,Professional,121.55,17,1998.58,3,22,Monthly,Yes
CUST-15099,Professional,115.25,19,2293.57,1,7,Monthly,No
CUST-15100,Professional,137.58,42,5410.27,1,6,Monthly,No
CUST-15101,Starter,45.68,31,1295.24,1,27,Annual,No
CUST-15102,Starter,35.04,39,1412.15,2,34,Annual,No
CUST-15103,Starter,31.84,1,29.58,1,18,Annual,No
CUST-15104,Enterprise,739.73,29,22423.18,1,35,Two-Year,No
CUST-15105,Starter,36.79,24,882.29,1,37,Annual,No
CUST-15106,Starter,41.43,1,38.55,1,3,Monthly,No
CUST-15107,Enterprise,943.16,34,33021.49,3,5,Monthly,No
CUST-15108,Enterprise,646.21,46,30547.37,5,1,Monthly,Yes
CUST-15109,Professional,142.06,10,1371.68,1,32,Annual,Yes
CUST-15110,Starter,39.16,23,884.47,1,1,Annual,No
CUST-15111,Professional,122.15,12,1377.35,2,30,Annual,No
CUST-15112,Professional,116.29,16,1862.69,0,4,Annual,No
CUST-15113,Professional,142.78,34,4492.84,2,29,Monthly,No
CUST-15114,Starter,46.88,26,1157.89,0,38,Monthly,No
CUST-15115,Enterprise,568.86,10,5312.44,2,37,Monthly,No
CUST-15116,Starter,45.24,24,1020.45,4,31,Two-Year,Yes
CUST-15117,Professional,141.07,12,1578.88,2,25,Monthly,No
CUST-15118,Starter,36.42,42,1416.23,3,8,Annual,Yes
CUST-15119,Starter,31.86,22,694.26,2,8,Monthly,No
CUST-15120,Starter,32.64,20,657.42,4,17,Monthly,Yes
CUST-15121,Starter,32.45,46,1455.15,2,36,Annual,No
CUST-15122,Starter,37.72,21,737.8,3,35,Monthly,Yes
CUST-15123,Professional,107.21,30,3289.54,2,26,Annual,No
CUST-15124,Starter,33.88,18,565.34,1,20,Two-Year,No
CUST-15125,Professional,147.68,14,1970.36,2,13,Monthly,No
CUST-15126,Starter,34.67,14,481.03,2,7,Monthly,No
CUST-15127,Enterprise,728.69,22,15362.7,4,7,Monthly,Yes
CUST-15128,Enterprise,730.94,19,12582.66,1,5,Annual,No
CUST-15129,Professional,118.52,46,5278.71,6,10,Annual,No
CUST-15130,Enterprise,588.94,22,12267.95,6,17,Annual,No
CUST-15131,Professional,103.85,30,3195.05,5,24,Monthly,No
CUST-15132,Professional,139.31,28,3689.88,5,27,Annual,No
CUST-15133,Professional,107.72,28,2859.19,6,20,Monthly,Yes
CUST-15134,Starter,36.33,32,1132.53,2,37,Monthly,No
CUST-15135,Starter,29.79,38,1034.95,4,39,Monthly,No
CUST-15136,Starter,29.62,29,861.92,6,5,Annual,Yes
CUST-15137,Professional,146.91,7,1020.6,1,32,Monthly,No
CUST-15138,Professional,116.72,4,459.34,2,26,Monthly,No
CUST-15139,Starter,30.97,20,625.73,5,23,Annual,No
CUST-15140,Starter,29.44,26,703.63,2,16,Monthly,No
CUST-15141,Professional,127.93,38,5076.66,2,19,Monthly,No
CUST-15142,Professional,105.77,45,4324.65,2,32,Monthly,No
CUST-15143,Starter,31.71,21,675.37,2,11,Monthly,No
CUST-15144,Starter,32.57,35,1195.83,5,13,Annual,No
CUST-15145,Professional,113.5,33,3441.82,1,5,Annual,No
CUST-15146,Professional,109.55,46,4566.3,8,37,Monthly,No
CUST-15147,Professional,122.83,21,2640.02,2,2,Monthly,No
CUST-15148,Starter,43.78,25,986.34,3,32,Annual,No
CUST-15149,Professional,124.14,28,3397.62,3,1,Annual,Yes
CUST-15150,Professional,109.25,20,1971.67,2,3,Annual,No
CUST-15151,Starter,44.96,7,301.79,4,9,Monthly,No
CUST-15152,Starter,47.0,38,1682.7,5,11,Monthly,No
CUST-15153,Professional,142.1,47,6369.87,5,9,Monthly,Yes
CUST-15154,Professional,107.32,3,311.91,0,13,Annual,No
CUST-15155,Professional,136.86,42,5768.28,0,13,Annual,No
CUST-15156,Professional,137.81,2,286.43,3,10,Monthly,No
CUST-15157,Enterprise,808.69,7,5870.78,2,5,Monthly,Yes
CUST-15158,Starter,31.82,13,390.73,5,31,Monthly,No
CUST-15159,Enterprise,501.51,27,13191.02,1,15,Monthly,No
CUST-15160,Enterprise,890.21,1,928.92,1,33,Annual,Yes
CUST-15161,Enterprise,677.21,30,19959.74,4,34,Monthly,No
CUST-15162,Enterprise,802.3,19,15774.87,1,12,Monthly,No
CUST-15163,Professional,122.39,31,3712.71,1,32,Annual,No
CUST-15164,Starter,44.39,23,1009.02,2,32,Annual,No
CUST-15165,Starter,36.48,15,565.36,2,4,Monthly,No
CUST-15166,Professional,100.55,34,3395.9,6,27,Annual,No
CUST-15167,Starter,33.26,35,1071.27,3,11,Monthly,No
CUST-15168,Professional,124.36,26,3335.22,3,16,Monthly,No
CUST-15169,Professional,99.06,25,2502.0,2,18,Monthly,No
CUST-15170,Starter,34.06,36,1245.78,1,3,Monthly,No
CUST-15171,Starter,45.45,25,1152.04,4,37,Annual,Yes
CUST-15172,Enterprise,709.38,32,21232.66,3,6,Annual,No
CUST-15173,Professional,110.49,7,712.74,1,2,Annual,No
CUST-15174,Starter,38.41,1,39.89,1,24,Annual,No
CUST-15175,Starter,36.15,45,1475.03,3,22,Two-Year,No
CUST-15176,Starter,31.86,12,394.18,3,25,Annual,No
CUST-15177,Starter,32.29,44,1378.09,0,16,Monthly,No
CUST-15178,Starter,42.91,14,597.33,2,15,Monthly,Yes
CUST-15179,Professional,130.32,37,4857.36,2,28,Monthly,No
CUST-15180,Professional,105.62,7,708.83,2,26,Monthly,No
CUST-15181,Professional,108.35,35,3858.47,0,21,Monthly,Yes
CUST-15182,Professional,117.54,35,4305.09,2,6,Monthly,No
CUST-15183,Enterprise,561.12,22,11416.73,1,28,Monthly,No
CUST-15184,Starter,42.26,4,166.71,1,11,Monthly,No
CUST-15185,Enterprise,643.38,43,26272.33,2,10,Monthly,No
CUST-15186,Starter,40.46,38,1473.97,4,31,Monthly,No
CUST-15187,Enterprise,633.46,39,23520.41,3,36,Annual,No
CUST-15188,Starter,40.38,42,1619.36,4,18,Monthly,No
CUST-15189,Enterprise,1080.8,30,30004.64,1,5,Annual,No
CUST-15190,Starter,33.48,24,729.59,2,12,Monthly,No
CUST-15191,Professional,146.99,32,4932.71,4,11,Monthly,No
CUST-15192,Starter,36.6,38,1404.26,2,19,Two-Year,No
CUST-15193,Enterprise,944.75,31,30692.88,3,38,Annual,No
CUST-15194,Starter,35.84,22,779.84,1,11,Two-Year,No
CUST-15195,Starter,32.14,19,623.04,0,14,Monthly,No
CUST-15196,Professional,145.81,10,1338.9,2,36,Monthly,No
CUST-15197,Starter,48.12,26,1284.65,2,13,Monthly,No
CUST-15198,Starter,43.28,13,584.09,3,17,Monthly,Yes
CUST-15199,Starter,30.74,12,343.19,6,21,Annual,Yes
