student_id,faculty,study_hours_weekly,attendance_percentage,midterm_score,final_exam_score,engagement_level,status
STU-50000,Business & Economics,25.2,95.4,93.4,100.0,High,Passed
STU-50001,Engineering,22.4,71.5,74.1,79.3,Medium,Passed
STU-50002,Engineering,5.7,82.0,77.4,82.9,Medium,Passed
STU-50003,Data Science,21.6,72.9,81.8,87.6,Medium,Passed
STU-50004,Business & Economics,12.9,81.6,75.1,80.4,Medium,Passed
STU-50005,Business & Economics,12.4,90.5,82.3,88.1,Medium,Passed
STU-50006,Business & Economics,12.2,99.2,82.5,88.3,Medium,Passed
STU-50007,Computer Science,31.5,80.2,93.4,100.0,Medium,Passed
STU-50008,Computer Science,28.2,80.3,83.9,89.8,Medium,Passed
STU-50009,Engineering,4.3,95.4,69.7,74.6,Medium,Passed
STU-50010,Humanities,7.6,100.0,68.8,73.7,Medium,Passed
STU-50011,Computer Science,15.9,75.2,85.5,91.5,Medium,Passed
STU-50012,Computer Science,20.3,81.7,93.4,100.0,Medium,Passed
STU-50013,Data Science,17.1,91.6,78.3,83.8,Medium,Passed
STU-50014,Engineering,11.5,86.2,74.6,79.9,Medium,Passed
STU-50015,Data Science,20.3,77.3,82.4,88.2,Medium,Passed
STU-50016,Computer Science,21.3,100.0,93.4,100.0,High,Passed
STU-50017,Engineering,23.6,81.5,81.3,87.0,Medium,Passed
STU-50018,Business & Economics,4.4,67.0,51.5,55.1,Low,Passed
STU-50019,Computer Science,18.4,90.8,93.4,100.0,Medium,Passed
STU-50020,Business & Economics,11.2,72.0,83.4,89.3,Medium,Passed
STU-50021,Computer Science,25.8,100.0,93.4,100.0,High,Passed
STU-50022,Business & Economics,18.6,82.4,86.2,92.3,Medium,Passed
STU-50023,Computer Science,16.3,69.3,78.1,83.6,Low,Passed
STU-50024,Computer Science,10.9,60.5,58.1,62.2,Low,Passed
STU-50025,Engineering,22.7,100.0,89.1,95.4,High,Passed
STU-50026,Computer Science,20.3,85.7,89.7,96.0,High,Passed
STU-50027,Humanities,22.5,47.7,74.2,79.4,Low,Passed
STU-50028,Data Science,7.1,65.8,62.7,67.1,Low,Passed
STU-50029,Data Science,6.3,65.2,58.0,62.1,Low,Passed
STU-50030,Computer Science,20.3,94.2,84.1,90.0,High,Passed
STU-50031,Data Science,23.0,70.3,79.3,84.9,Medium,Passed
STU-50032,Data Science,21.7,64.7,69.3,74.2,Low,Passed
STU-50033,Business & Economics,30.3,78.7,87.6,93.8,Medium,Passed
STU-50034,Computer Science,16.1,89.6,82.3,88.1,Medium,Passed
STU-50035,Engineering,11.6,74.3,64.4,68.9,Medium,Passed
STU-50036,Humanities,16.5,67.1,69.7,74.6,Low,Passed
STU-50037,Engineering,25.7,83.0,93.1,99.7,Medium,Passed
STU-50038,Business & Economics,19.1,94.8,84.8,90.8,Medium,Passed
STU-50039,Engineering,22.3,71.0,87.1,93.2,Medium,Passed
STU-50040,Engineering,24.2,99.9,87.0,93.1,High,Passed
STU-50041,Computer Science,11.6,100.0,75.8,81.2,Medium,Passed
STU-50042,Humanities,22.1,73.0,77.2,82.6,Medium,Passed
STU-50043,Business & Economics,11.2,85.8,65.6,70.2,Medium,Passed
STU-50044,Computer Science,8.4,94.6,76.3,81.7,Medium,Passed
STU-50045,Computer Science,9.5,90.0,75.3,80.6,Medium,Passed
STU-50046,Engineering,8.3,80.9,68.6,73.4,Medium,Passed
STU-50047,Computer Science,2.5,84.6,82.3,88.1,Medium,Passed
STU-50048,Data Science,18.2,99.6,93.4,100.0,Medium,Passed
STU-50049,Business & Economics,22.1,92.4,89.7,96.0,High,Passed
STU-50050,Humanities,23.6,97.6,92.7,99.2,High,Passed
STU-50051,Computer Science,24.0,82.1,89.8,96.1,Medium,Passed
STU-50052,Computer Science,11.0,87.0,68.7,73.6,Medium,Passed
STU-50053,Computer Science,21.4,75.5,75.6,80.9,Medium,Passed
STU-50054,Engineering,25.0,92.9,91.4,97.9,High,Passed
STU-50055,Business & Economics,7.2,72.4,72.9,78.1,Medium,Passed
STU-50056,Computer Science,24.0,77.9,80.7,86.4,Medium,Passed
STU-50057,Computer Science,8.0,62.9,65.9,70.6,Low,Passed
STU-50058,Computer Science,20.4,61.9,69.3,74.2,Low,Passed
STU-50059,Computer Science,9.3,74.6,60.2,64.5,Medium,Passed
STU-50060,Computer Science,29.9,78.2,88.5,94.8,Medium,Passed
STU-50061,Data Science,16.7,75.1,78.6,84.1,Medium,Passed
STU-50062,Computer Science,8.2,100.0,73.9,79.1,Medium,Passed
STU-50063,Computer Science,22.9,82.7,81.8,87.6,Medium,Passed
STU-50064,Computer Science,12.8,87.2,70.4,75.4,Medium,Passed
STU-50065,Business & Economics,25.5,100.0,93.2,99.8,High,Passed
STU-50066,Humanities,25.8,100.0,93.4,100.0,High,Passed
STU-50067,Computer Science,21.5,78.7,84.9,90.9,Medium,Passed
STU-50068,Business & Economics,8.5,90.7,73.8,79.0,Medium,Passed
STU-50069,Engineering,13.0,72.6,74.2,79.4,Medium,Passed
STU-50070,Computer Science,15.9,78.0,80.9,86.6,Medium,Passed
STU-50071,Humanities,11.4,99.6,88.3,94.5,Medium,Passed
STU-50072,Humanities,26.7,79.8,81.8,87.6,Medium,Passed
STU-50073,Business & Economics,19.3,68.6,78.6,84.1,Low,Passed
STU-50074,Engineering,16.0,90.5,79.2,84.8,Medium,Passed
STU-50075,Engineering,19.0,100.0,86.5,92.6,Medium,Passed
STU-50076,Business & Economics,13.3,83.7,65.4,70.0,Medium,Passed
STU-50077,Computer Science,18.9,83.8,80.1,85.8,Medium,Passed
STU-50078,Computer Science,24.3,90.3,88.9,95.2,High,Passed
STU-50079,Business & Economics,18.9,86.6,84.0,89.9,Medium,Passed
STU-50080,Humanities,25.4,85.7,93.4,100.0,High,Passed
STU-50081,Humanities,23.5,79.1,82.0,87.8,Medium,Passed
STU-50082,Engineering,20.3,73.5,85.0,91.0,Medium,Passed
STU-50083,Computer Science,22.3,78.4,87.1,93.3,Medium,Passed
STU-50084,Engineering,5.0,72.0,64.2,68.7,Medium,Passed
STU-50085,Computer Science,32.7,63.5,85.7,91.7,Low,Passed
STU-50086,Computer Science,9.4,86.4,71.1,76.1,Medium,Passed
STU-50087,Business & Economics,13.6,86.0,78.0,83.5,Medium,Passed
STU-50088,Computer Science,12.4,91.1,72.4,77.5,Medium,Passed
STU-50089,Computer Science,29.3,85.5,93.4,100.0,High,Passed
STU-50090,Business & Economics,17.4,82.1,82.5,88.3,Medium,Passed
STU-50091,Humanities,28.2,63.2,93.4,100.0,Low,Passed
STU-50092,Data Science,17.2,82.2,75.8,81.1,Medium,Passed
STU-50093,Engineering,21.2,100.0,88.8,95.1,High,Passed
STU-50094,Humanities,21.9,93.4,82.7,88.5,High,Passed
STU-50095,Engineering,15.7,85.9,77.2,82.6,Medium,Passed
STU-50096,Humanities,18.8,94.0,92.1,98.6,Medium,Passed
STU-50097,Engineering,20.1,77.9,90.3,96.7,Medium,Passed
STU-50098,Computer Science,28.0,79.1,90.5,96.9,Medium,Passed
STU-50099,Engineering,14.8,100.0,81.8,87.6,Medium,Passed
STU-50100,Computer Science,27.7,78.6,90.5,96.9,Medium,Passed
STU-50101,Engineering,12.1,97.7,81.3,87.0,Medium,Passed
STU-50102,Engineering,18.9,63.1,78.5,84.0,Low,Passed
STU-50103,Business & Economics,23.6,81.7,88.2,94.4,Medium,Passed
STU-50104,Humanities,10.1,88.8,64.4,68.9,Medium,Passed
STU-50105,Computer Science,13.9,56.7,59.4,63.6,Low,Passed
STU-50106,Business & Economics,6.8,91.7,85.8,91.9,Medium,Passed
STU-50107,Computer Science,19.8,78.2,81.5,87.3,Medium,Passed
STU-50108,Computer Science,15.9,100.0,91.4,97.9,Medium,Passed
STU-50109,Business & Economics,9.3,71.5,66.1,70.8,Medium,Passed
STU-50110,Computer Science,9.9,67.4,67.1,71.8,Low,Passed
STU-50111,Engineering,24.1,82.3,84.2,90.1,Medium,Passed
STU-50112,Humanities,16.6,70.7,72.6,77.7,Medium,Passed
STU-50113,Engineering,16.3,82.0,79.4,85.0,Medium,Passed
STU-50114,Humanities,26.4,100.0,93.0,99.6,High,Passed
STU-50115,Engineering,23.6,76.8,83.5,89.4,Medium,Passed
STU-50116,Computer Science,24.5,89.9,93.4,100.0,High,Passed
STU-50117,Computer Science,17.9,86.9,85.6,91.6,Medium,Passed
STU-50118,Engineering,11.6,80.7,75.1,80.4,Medium,Passed
STU-50119,Humanities,20.0,100.0,93.4,100.0,Medium,Passed
STU-50120,Engineering,19.5,85.3,75.7,81.0,Medium,Passed
STU-50121,Computer Science,8.4,84.7,73.7,78.9,Medium,Passed
STU-50122,Business & Economics,14.6,78.9,78.4,83.9,Medium,Passed
STU-50123,Computer Science,30.4,98.4,93.4,100.0,High,Passed
STU-50124,Computer Science,26.2,89.8,93.4,100.0,High,Passed
STU-50125,Humanities,9.0,86.1,60.2,64.4,Medium,Passed
STU-50126,Computer Science,16.8,84.6,71.8,76.9,Medium,Passed
STU-50127,Engineering,8.7,45.4,63.1,67.6,Low,Passed
STU-50128,Computer Science,17.4,81.6,78.3,83.8,Medium,Passed
STU-50129,Business & Economics,13.5,56.4,77.0,82.4,Low,Passed
STU-50130,Computer Science,12.8,74.3,75.8,81.2,Medium,Passed
STU-50131,Computer Science,14.5,85.9,83.6,89.5,Medium,Passed
STU-50132,Computer Science,12.8,99.5,73.7,78.9,Medium,Passed
STU-50133,Computer Science,13.1,80.2,68.7,73.6,Medium,Passed
STU-50134,Humanities,27.0,70.8,78.8,84.4,Medium,Passed
STU-50135,Data Science,15.4,67.3,71.5,76.6,Low,Passed
STU-50136,Business & Economics,21.6,68.4,80.7,86.4,Low,Passed
STU-50137,Humanities,14.1,85.1,81.6,87.4,Medium,Passed
STU-50138,Engineering,28.4,87.3,93.4,100.0,High,Passed
STU-50139,Computer Science,16.5,87.0,83.0,88.9,Medium,Passed
STU-50140,Data Science,27.6,75.4,93.4,100.0,Medium,Passed
STU-50141,Business & Economics,6.6,71.2,68.2,73.0,Medium,Passed
STU-50142,Business & Economics,14.2,91.2,80.2,85.9,Medium,Passed
STU-50143,Humanities,21.8,95.1,90.6,97.0,High,Passed
STU-50144,Business & Economics,24.4,71.3,82.9,88.7,Medium,Passed
STU-50145,Business & Economics,22.3,66.9,76.3,81.7,Low,Passed
STU-50146,Engineering,12.9,91.1,86.4,92.5,Medium,Passed
STU-50147,Data Science,20.8,50.8,67.1,71.8,Low,Passed
STU-50148,Computer Science,21.4,84.9,88.8,95.1,Medium,Passed
STU-50149,Computer Science,13.7,87.1,76.5,81.9,Medium,Passed
STU-50150,Humanities,16.1,59.3,71.1,76.1,Low,Passed
STU-50151,Computer Science,25.0,96.4,82.7,88.5,High,Passed
STU-50152,Data Science,11.4,91.8,79.0,84.6,Medium,Passed
STU-50153,Engineering,18.5,80.8,89.7,96.0,Medium,Passed
STU-50154,Data Science,23.2,73.3,81.6,87.4,Medium,Passed
STU-50155,Business & Economics,6.2,96.6,71.5,76.6,Medium,Passed
STU-50156,Humanities,26.8,73.1,85.7,91.8,Medium,Passed
STU-50157,Engineering,21.0,80.7,78.6,84.1,Medium,Passed
STU-50158,Humanities,23.4,70.1,82.4,88.2,Medium,Passed
STU-50159,Data Science,11.3,91.2,78.6,84.1,Medium,Passed
STU-50160,Humanities,2.0,62.8,61.1,65.4,Low,Passed
STU-50161,Humanities,14.3,70.2,84.1,90.0,Medium,Passed
STU-50162,Business & Economics,21.5,73.8,81.8,87.6,Medium,Passed
STU-50163,Engineering,24.5,84.7,87.6,93.8,Medium,Passed
STU-50164,Engineering,22.0,79.0,77.3,82.8,Medium,Passed
STU-50165,Computer Science,26.9,62.2,71.4,76.4,Low,Passed
STU-50166,Computer Science,20.6,90.4,93.4,100.0,High,Passed
STU-50167,Computer Science,25.3,84.8,87.2,93.4,Medium,Passed
STU-50168,Computer Science,26.6,80.5,88.4,94.6,Medium,Passed
STU-50169,Engineering,19.2,74.4,80.9,86.6,Medium,Passed
STU-50170,Humanities,26.4,80.5,85.7,91.8,Medium,Passed
STU-50171,Engineering,19.7,81.5,87.6,93.8,Medium,Passed
STU-50172,Engineering,21.0,80.4,88.2,94.4,Medium,Passed
STU-50173,Engineering,23.6,86.0,89.1,95.4,High,Passed
STU-50174,Engineering,19.4,72.3,77.2,82.6,Medium,Passed
STU-50175,Business & Economics,27.2,91.5,75.1,80.4,High,Passed
STU-50176,Engineering,16.6,59.3,59.4,63.6,Low,Passed
STU-50177,Computer Science,17.9,83.9,80.0,85.7,Medium,Passed
STU-50178,Computer Science,16.0,79.7,72.6,77.7,Medium,Passed
STU-50179,Business & Economics,7.1,95.4,81.9,87.7,Medium,Passed
STU-50180,Computer Science,23.3,79.7,81.5,87.3,Medium,Passed
STU-50181,Business & Economics,2.0,75.9,47.8,51.2,Medium,Passed
STU-50182,Engineering,19.8,68.0,84.6,90.6,Low,Passed
STU-50183,Business & Economics,19.1,90.4,82.5,88.3,Medium,Passed
STU-50184,Engineering,15.5,85.2,86.6,92.7,Medium,Passed
STU-50185,Engineering,15.0,75.9,71.0,76.0,Medium,Passed
STU-50186,Business & Economics,22.8,65.4,80.6,86.3,Low,Passed
STU-50187,Business & Economics,15.8,86.2,79.6,85.2,Medium,Passed
STU-50188,Computer Science,26.1,64.7,73.1,78.3,Low,Passed
STU-50189,Business & Economics,18.5,91.4,74.8,80.1,Medium,Passed
STU-50190,Engineering,23.5,86.6,85.9,92.0,High,Passed
STU-50191,Computer Science,25.6,100.0,93.4,100.0,High,Passed
STU-50192,Computer Science,23.0,82.4,78.4,83.9,Medium,Passed
STU-50193,Engineering,19.9,74.0,74.0,79.2,Medium,Passed
STU-50194,Business & Economics,23.4,71.8,85.5,91.5,Medium,Passed
STU-50195,Engineering,19.3,100.0,85.3,91.3,Medium,Passed
STU-50196,Computer Science,15.9,96.4,88.5,94.7,Medium,Passed
STU-50197,Engineering,29.7,58.9,88.2,94.4,Low,Passed
STU-50198,Engineering,20.2,61.5,71.5,76.6,Low,Passed
STU-50199,Business & Economics,21.9,59.4,76.8,82.2,Low,Passed
STU-50200,Computer Science,16.7,88.9,84.1,90.0,Medium,Passed
STU-50201,Computer Science,15.1,77.9,72.0,77.1,Medium,Passed
STU-50202,Business & Economics,12.3,77.2,69.9,74.8,Medium,Passed
STU-50203,Business & Economics,13.8,91.7,78.4,83.9,Medium,Passed
STU-50204,Computer Science,25.5,100.0,93.4,100.0,High,Passed
STU-50205,Engineering,13.7,93.6,82.1,87.9,Medium,Passed
STU-50206,Computer Science,17.8,78.6,73.8,79.0,Medium,Passed
STU-50207,Engineering,23.1,83.3,85.9,92.0,Medium,Passed
STU-50208,Computer Science,22.0,48.8,78.9,84.5,Low,Passed
STU-50209,Engineering,25.5,80.2,88.3,94.5,Medium,Passed
STU-50210,Business & Economics,20.2,93.0,82.3,88.1,High,Passed
STU-50211,Computer Science,18.2,80.5,82.0,87.8,Medium,Passed
STU-50212,Business & Economics,19.5,86.5,85.2,91.2,Medium,Passed
STU-50213,Engineering,16.3,82.3,81.7,87.5,Medium,Passed
STU-50214,Engineering,23.9,89.1,93.4,100.0,High,Passed
STU-50215,Engineering,18.4,84.2,79.3,84.9,Medium,Passed
STU-50216,Engineering,14.8,67.7,74.0,79.2,Low,Passed
STU-50217,Humanities,10.0,54.7,68.0,72.8,Low,Passed
STU-50218,Engineering,10.7,88.4,78.6,84.1,Medium,Passed
STU-50219,Computer Science,21.6,70.4,78.6,84.1,Medium,Passed
STU-50220,Data Science,28.1,83.3,93.4,100.0,Medium,Passed
STU-50221,Computer Science,11.5,70.0,63.2,67.7,Low,Passed
STU-50222,Humanities,14.4,56.9,62.7,67.1,Low,Passed
STU-50223,Computer Science,18.8,62.2,74.8,80.1,Low,Passed
STU-50224,Computer Science,25.2,81.8,93.4,100.0,Medium,Passed
STU-50225,Data Science,15.5,50.8,54.5,58.3,Low,Passed
STU-50226,Computer Science,21.5,86.6,88.9,95.2,High,Passed
STU-50227,Data Science,6.2,100.0,67.4,72.2,Medium,Passed
STU-50228,Engineering,22.5,68.8,80.2,85.9,Low,Passed
STU-50229,Engineering,21.6,100.0,93.4,100.0,High,Passed
STU-50230,Engineering,13.3,80.4,72.4,77.5,Medium,Passed
STU-50231,Engineering,12.4,67.6,72.3,77.4,Low,Passed
STU-50232,Computer Science,20.0,85.0,80.7,86.4,Medium,Passed
STU-50233,Computer Science,10.7,93.7,79.1,84.7,Medium,Passed
STU-50234,Business & Economics,21.0,73.9,86.9,93.0,Medium,Passed
STU-50235,Business & Economics,14.2,85.6,79.7,85.3,Medium,Passed
STU-50236,Business & Economics,14.8,91.3,84.0,89.9,Medium,Passed
STU-50237,Data Science,25.4,99.2,93.4,100.0,High,Passed
STU-50238,Business & Economics,17.8,71.6,71.1,76.1,Medium,Passed
STU-50239,Data Science,20.8,75.0,85.4,91.4,Medium,Passed
STU-50240,Computer Science,11.9,67.8,63.3,67.8,Low,Passed
STU-50241,Humanities,18.0,83.1,82.7,88.5,Medium,Passed
STU-50242,Engineering,25.5,84.0,88.7,95.0,Medium,Passed
STU-50243,Data Science,22.6,89.0,92.9,99.5,High,Passed
STU-50244,Computer Science,11.5,90.5,73.8,79.0,Medium,Passed
STU-50245,Data Science,24.4,65.3,79.8,85.4,Low,Passed
STU-50246,Business & Economics,17.4,85.3,80.6,86.3,Medium,Passed
STU-50247,Engineering,20.0,76.3,80.2,85.9,Medium,Passed
STU-50248,Computer Science,16.4,78.9,79.6,85.2,Medium,Passed
STU-50249,Computer Science,26.7,86.3,93.4,100.0,High,Passed
STU-50250,Humanities,6.2,82.3,76.9,82.3,Medium,Passed
STU-50251,Computer Science,19.3,84.5,83.1,89.0,Medium,Passed
STU-50252,Humanities,23.7,86.9,84.4,90.4,High,Passed
STU-50253,Data Science,22.7,94.1,92.0,98.5,High,Passed
STU-50254,Business & Economics,7.2,79.3,63.8,68.3,Medium,Passed
STU-50255,Data Science,22.9,81.9,89.9,96.3,Medium,Passed
STU-50256,Computer Science,20.9,76.9,74.1,79.3,Medium,Passed
STU-50257,Computer Science,29.8,92.6,93.4,100.0,High,Passed
STU-50258,Computer Science,17.6,82.0,73.1,78.3,Medium,Passed
STU-50259,Computer Science,9.4,84.8,73.6,78.8,Medium,Passed
STU-50260,Computer Science,31.7,88.1,93.4,100.0,High,Passed
STU-50261,Data Science,22.4,91.0,79.0,84.6,High,Passed
STU-50262,Engineering,15.4,92.8,75.1,80.4,Medium,Passed
STU-50263,Computer Science,20.6,90.1,79.6,85.2,High,Passed
STU-50264,Engineering,21.4,94.1,88.9,95.2,High,Passed
STU-50265,Data Science,23.4,90.7,87.8,94.0,High,Passed
STU-50266,Humanities,13.0,93.8,83.9,89.8,Medium,Passed
STU-50267,Data Science,17.7,66.2,78.5,84.0,Low,Passed
STU-50268,Humanities,24.0,71.2,78.5,84.0,Medium,Passed
STU-50269,Business & Economics,19.0,78.1,76.9,82.3,Medium,Passed
STU-50270,Computer Science,16.9,90.2,83.1,89.0,Medium,Passed
STU-50271,Engineering,20.0,91.8,89.5,95.8,Medium,Passed
STU-50272,Computer Science,11.8,88.5,61.4,65.7,Medium,Passed
STU-50273,Business & Economics,17.4,100.0,85.8,91.9,Medium,Passed
STU-50274,Computer Science,13.3,83.3,76.5,81.9,Medium,Passed
STU-50275,Engineering,4.1,82.0,66.7,71.4,Medium,Passed
STU-50276,Computer Science,14.8,80.1,84.9,90.9,Medium,Passed
STU-50277,Data Science,26.1,69.7,77.8,83.3,Low,Passed
STU-50278,Engineering,16.5,100.0,87.0,93.1,Medium,Passed
STU-50279,Data Science,10.8,87.0,81.2,86.9,Medium,Passed
STU-50280,Business & Economics,28.2,96.5,93.4,100.0,High,Passed
STU-50281,Computer Science,8.5,80.8,75.7,81.0,Medium,Passed
STU-50282,Computer Science,24.3,90.4,80.2,85.9,High,Passed
STU-50283,Engineering,19.8,70.9,84.5,90.5,Medium,Passed
STU-50284,Engineering,19.8,85.4,87.1,93.2,Medium,Passed
STU-50285,Engineering,19.3,93.6,86.3,92.4,Medium,Passed
STU-50286,Humanities,10.0,95.0,83.4,89.3,Medium,Passed
STU-50287,Data Science,28.9,90.7,93.4,100.0,High,Passed
STU-50288,Data Science,10.7,100.0,84.3,90.3,Medium,Passed
STU-50289,Business & Economics,18.1,100.0,83.2,89.1,Medium,Passed
STU-50290,Computer Science,16.9,100.0,84.1,90.0,Medium,Passed
STU-50291,Computer Science,22.9,78.1,89.4,95.7,Medium,Passed
STU-50292,Humanities,9.1,80.6,64.4,68.9,Medium,Passed
STU-50293,Data Science,14.4,87.9,75.8,81.2,Medium,Passed
STU-50294,Engineering,30.1,63.5,92.5,99.0,Low,Passed
STU-50295,Computer Science,24.5,87.5,91.1,97.5,High,Passed
STU-50296,Data Science,18.7,93.3,80.9,86.6,Medium,Passed
STU-50297,Computer Science,23.0,82.5,87.1,93.3,Medium,Passed
STU-50298,Computer Science,24.8,66.3,82.0,87.8,Low,Passed
STU-50299,Data Science,18.3,85.2,85.5,91.5,Medium,Passed
STU-50300,Data Science,19.1,71.1,74.9,80.2,Medium,Passed
STU-50301,Computer Science,16.5,71.4,78.8,84.4,Medium,Passed
STU-50302,Business & Economics,27.2,72.0,89.9,96.3,Medium,Passed
STU-50303,Engineering,23.6,100.0,93.4,100.0,High,Passed
STU-50304,Engineering,17.7,100.0,81.7,87.5,Medium,Passed
STU-50305,Data Science,9.9,53.4,67.7,72.5,Low,Passed
STU-50306,Engineering,17.7,92.6,92.3,98.8,Medium,Passed
STU-50307,Engineering,17.4,93.7,91.6,98.1,Medium,Passed
STU-50308,Humanities,9.2,92.8,73.3,78.5,Medium,Passed
STU-50309,Computer Science,13.4,63.5,66.7,71.4,Low,Passed
STU-50310,Humanities,13.7,77.7,75.6,80.9,Medium,Passed
STU-50311,Computer Science,13.3,87.0,79.3,84.9,Medium,Passed
STU-50312,Business & Economics,11.4,69.3,67.5,72.3,Low,Passed
STU-50313,Computer Science,13.7,73.7,72.1,77.2,Medium,Passed
STU-50314,Engineering,16.4,84.0,69.8,74.7,Medium,Passed
STU-50315,Business & Economics,17.9,88.0,90.5,96.9,Medium,Passed
STU-50316,Engineering,16.0,100.0,83.9,89.8,Medium,Passed
STU-50317,Computer Science,16.4,81.1,86.9,93.0,Medium,Passed
STU-50318,Humanities,17.6,62.8,60.3,64.6,Low,Passed
STU-50319,Data Science,13.0,72.7,65.3,69.9,Medium,Passed
STU-50320,Computer Science,25.2,100.0,93.4,100.0,High,Passed
STU-50321,Computer Science,20.7,76.4,86.8,92.9,Medium,Passed
STU-50322,Computer Science,9.0,87.7,76.8,82.2,Medium,Passed
STU-50323,Computer Science,27.2,66.9,90.6,97.0,Low,Passed
STU-50324,Data Science,25.1,87.6,93.4,100.0,High,Passed
STU-50325,Humanities,24.4,86.1,93.4,100.0,High,Passed
STU-50326,Engineering,14.7,86.2,74.2,79.4,Medium,Passed
STU-50327,Engineering,22.9,89.2,93.4,100.0,High,Passed
STU-50328,Business & Economics,25.5,90.2,93.4,100.0,High,Passed
STU-50329,Business & Economics,16.3,74.7,75.3,80.6,Medium,Passed
STU-50330,Data Science,22.6,84.4,88.2,94.4,Medium,Passed
STU-50331,Computer Science,13.5,83.4,77.6,83.1,Medium,Passed
STU-50332,Computer Science,18.4,85.5,87.2,93.4,Medium,Passed
STU-50333,Business & Economics,23.9,96.9,93.4,100.0,High,Passed
STU-50334,Engineering,19.2,75.6,78.2,83.7,Medium,Passed
STU-50335,Computer Science,13.7,86.0,79.5,85.1,Medium,Passed
STU-50336,Data Science,14.8,92.4,79.9,85.5,Medium,Passed
STU-50337,Data Science,22.0,87.6,93.4,100.0,High,Passed
STU-50338,Business & Economics,12.0,71.3,70.2,75.2,Medium,Passed
STU-50339,Engineering,14.0,69.3,76.1,81.5,Low,Passed
STU-50340,Computer Science,8.6,84.6,68.8,73.7,Medium,Passed
STU-50341,Computer Science,17.5,90.8,90.0,96.4,Medium,Passed
STU-50342,Humanities,16.4,88.8,82.9,88.7,Medium,Passed
STU-50343,Data Science,15.5,92.2,79.2,84.8,Medium,Passed
STU-50344,Business & Economics,33.4,56.2,88.0,94.2,Low,Passed
STU-50345,Engineering,24.4,72.7,76.1,81.5,Medium,Passed
STU-50346,Computer Science,8.9,72.2,76.6,82.0,Medium,Passed
STU-50347,Engineering,25.4,95.4,93.4,100.0,High,Passed
STU-50348,Humanities,15.7,75.5,71.4,76.4,Medium,Passed
STU-50349,Business & Economics,29.3,98.4,93.0,99.6,High,Passed
STU-50350,Humanities,19.1,86.1,85.2,91.2,Medium,Passed
STU-50351,Business & Economics,17.4,73.3,78.5,84.0,Medium,Passed
STU-50352,Computer Science,14.3,85.6,73.4,78.6,Medium,Passed
STU-50353,Engineering,13.3,75.6,73.4,78.6,Medium,Passed
STU-50354,Engineering,7.8,86.1,70.5,75.5,Medium,Passed
STU-50355,Humanities,16.2,90.6,83.3,89.2,Medium,Passed
STU-50356,Business & Economics,18.0,70.6,65.5,70.1,Medium,Passed
STU-50357,Computer Science,28.3,75.3,89.9,96.2,Medium,Passed
STU-50358,Computer Science,21.2,95.7,93.4,100.0,High,Passed
STU-50359,Business & Economics,12.8,97.3,87.1,93.2,Medium,Passed
STU-50360,Computer Science,12.1,94.6,83.4,89.3,Medium,Passed
STU-50361,Business & Economics,16.3,80.5,83.6,89.5,Medium,Passed
STU-50362,Data Science,20.8,82.6,83.7,89.6,Medium,Passed
STU-50363,Humanities,25.3,69.9,75.7,81.0,Low,Passed
STU-50364,Humanities,17.7,93.7,91.3,97.7,Medium,Passed
STU-50365,Engineering,26.5,97.4,83.7,89.6,High,Passed
STU-50366,Computer Science,29.8,81.5,93.4,100.0,Medium,Passed
STU-50367,Business & Economics,9.8,60.8,67.9,72.7,Low,Passed
STU-50368,Business & Economics,16.2,67.2,69.7,74.6,Low,Passed
STU-50369,Computer Science,8.9,76.1,67.6,72.4,Medium,Passed
STU-50370,Humanities,12.0,82.7,71.9,77.0,Medium,Passed
STU-50371,Computer Science,22.7,95.3,93.4,100.0,High,Passed
STU-50372,Business & Economics,24.5,81.7,90.7,97.1,Medium,Passed
STU-50373,Engineering,19.0,59.7,76.1,81.5,Low,Passed
STU-50374,Computer Science,34.7,82.3,93.4,100.0,Medium,Passed
STU-50375,Engineering,17.8,74.2,78.8,84.4,Medium,Passed
STU-50376,Computer Science,19.7,92.0,89.8,96.1,Medium,Passed
STU-50377,Computer Science,22.7,82.5,85.1,91.1,Medium,Passed
STU-50378,Engineering,17.4,85.8,75.3,80.6,Medium,Passed
STU-50379,Engineering,22.0,78.3,74.4,79.7,Medium,Passed
STU-50380,Business & Economics,7.5,67.5,69.0,73.9,Low,Passed
STU-50381,Data Science,16.3,75.8,71.2,76.2,Medium,Passed
STU-50382,Data Science,24.7,86.6,83.4,89.3,High,Passed
STU-50383,Engineering,27.2,70.6,79.0,84.6,Medium,Passed
STU-50384,Engineering,13.9,68.3,67.0,71.7,Low,Passed
STU-50385,Data Science,17.2,79.6,75.9,81.3,Medium,Passed
STU-50386,Business & Economics,18.8,83.6,84.8,90.8,Medium,Passed
STU-50387,Engineering,10.3,58.1,61.5,65.8,Low,Passed
STU-50388,Business & Economics,15.4,66.8,72.3,77.4,Low,Passed
STU-50389,Data Science,17.8,68.1,75.8,81.2,Low,Passed
STU-50390,Business & Economics,10.3,100.0,83.0,88.9,Medium,Passed
STU-50391,Business & Economics,29.1,80.4,92.4,98.9,Medium,Passed
STU-50392,Computer Science,11.7,85.5,74.6,79.9,Medium,Passed
STU-50393,Data Science,11.7,76.6,71.7,76.8,Medium,Passed
STU-50394,Business & Economics,11.9,52.3,52.7,56.4,Low,Passed
STU-50395,Engineering,16.2,84.5,78.6,84.1,Medium,Passed
STU-50396,Business & Economics,21.5,67.6,82.5,88.3,Low,Passed
STU-50397,Computer Science,16.1,100.0,79.9,85.5,Medium,Passed
STU-50398,Data Science,14.6,97.3,91.3,97.7,Medium,Passed
STU-50399,Computer Science,16.3,100.0,91.2,97.6,Medium,Passed
STU-50400,Humanities,15.5,100.0,75.5,80.8,Medium,Passed
STU-50401,Computer Science,10.7,73.0,71.0,76.0,Medium,Passed
STU-50402,Business & Economics,11.5,87.8,77.3,82.8,Medium,Passed
STU-50403,Business & Economics,9.6,90.1,79.1,84.7,Medium,Passed
STU-50404,Engineering,16.3,86.8,87.9,94.1,Medium,Passed
STU-50405,Engineering,13.9,98.2,88.7,95.0,Medium,Passed
STU-50406,Engineering,13.8,98.3,93.4,100.0,Medium,Passed
STU-50407,Engineering,21.2,100.0,93.3,99.9,High,Passed
STU-50408,Computer Science,18.0,59.7,86.8,92.9,Low,Passed
STU-50409,Data Science,26.7,68.5,90.2,96.6,Low,Passed
STU-50410,Data Science,20.4,62.2,70.3,75.3,Low,Passed
STU-50411,Humanities,8.4,67.6,76.4,81.8,Low,Passed
STU-50412,Data Science,17.7,84.5,80.6,86.3,Medium,Passed
STU-50413,Humanities,9.2,80.9,77.2,82.6,Medium,Passed
STU-50414,Engineering,18.7,73.1,70.8,75.8,Medium,Passed
STU-50415,Business & Economics,14.5,77.6,72.9,78.0,Medium,Passed
STU-50416,Engineering,13.8,93.6,85.5,91.5,Medium,Passed
STU-50417,Computer Science,19.6,56.6,66.7,71.4,Low,Passed
STU-50418,Computer Science,27.4,60.3,81.2,86.9,Low,Passed
STU-50419,Engineering,24.4,66.0,83.4,89.3,Low,Passed
STU-50420,Business & Economics,18.5,78.5,78.3,83.8,Medium,Passed
STU-50421,Data Science,20.3,71.1,74.4,79.7,Medium,Passed
STU-50422,Data Science,15.2,66.4,59.1,63.3,Low,Passed
STU-50423,Business & Economics,16.1,87.4,73.9,79.1,Medium,Passed
STU-50424,Engineering,16.1,66.3,67.4,72.2,Low,Passed
STU-50425,Data Science,16.1,76.6,81.1,86.8,Medium,Passed
STU-50426,Humanities,16.8,100.0,80.8,86.5,Medium,Passed
STU-50427,Data Science,13.0,88.0,81.3,87.0,Medium,Passed
STU-50428,Engineering,15.9,81.4,80.7,86.4,Medium,Passed
STU-50429,Engineering,16.8,90.9,83.9,89.8,Medium,Passed
STU-50430,Computer Science,10.8,85.3,79.1,84.7,Medium,Passed
STU-50431,Engineering,19.7,72.9,81.9,87.7,Medium,Passed
STU-50432,Business & Economics,19.5,63.4,58.6,62.7,Low,Passed
STU-50433,Business & Economics,23.2,81.2,90.2,96.6,Medium,Passed
STU-50434,Computer Science,13.6,86.3,67.3,72.1,Medium,Passed
STU-50435,Computer Science,26.1,83.9,93.4,100.0,Medium,Passed
STU-50436,Engineering,15.1,64.7,65.1,69.7,Low,Passed
STU-50437,Computer Science,25.1,76.3,86.9,93.0,Medium,Passed
STU-50438,Computer Science,17.9,93.5,89.1,95.4,Medium,Passed
STU-50439,Computer Science,14.5,67.9,83.9,89.8,Low,Passed
STU-50440,Engineering,23.1,85.6,79.5,85.1,High,Passed
STU-50441,Engineering,17.3,86.9,92.1,98.6,Medium,Passed
STU-50442,Data Science,13.6,86.9,82.8,88.6,Medium,Passed
STU-50443,Engineering,25.2,81.7,93.4,100.0,Medium,Passed
STU-50444,Engineering,11.4,67.3,64.4,68.9,Low,Passed
STU-50445,Computer Science,26.9,73.4,84.4,90.4,Medium,Passed
STU-50446,Engineering,19.1,66.3,83.3,89.2,Low,Passed
STU-50447,Business & Economics,9.5,72.0,68.1,72.9,Medium,Passed
STU-50448,Engineering,13.4,67.1,69.4,74.3,Low,Passed
STU-50449,Engineering,12.3,100.0,78.8,84.4,Medium,Passed
STU-50450,Computer Science,11.7,80.8,67.3,72.1,Medium,Passed
STU-50451,Computer Science,12.4,73.6,67.3,72.0,Medium,Passed
STU-50452,Engineering,15.2,83.5,83.5,89.4,Medium,Passed
STU-50453,Computer Science,17.6,92.8,93.4,100.0,Medium,Passed
STU-50454,Computer Science,24.1,80.0,87.1,93.3,Medium,Passed
STU-50455,Data Science,27.7,64.6,74.4,79.7,Low,Passed
STU-50456,Business & Economics,8.7,100.0,83.8,89.7,Medium,Passed
STU-50457,Business & Economics,16.8,90.6,93.4,100.0,Medium,Passed
STU-50458,Engineering,14.4,92.3,86.9,93.0,Medium,Passed
STU-50459,Business & Economics,18.5,79.9,78.5,84.0,Medium,Passed
STU-50460,Engineering,19.8,92.3,90.9,97.3,Medium,Passed
STU-50461,Engineering,9.7,78.8,75.1,80.4,Medium,Passed
STU-50462,Engineering,23.4,90.7,90.0,96.4,High,Passed
STU-50463,Computer Science,16.5,98.8,83.7,89.6,Medium,Passed
STU-50464,Engineering,19.0,71.7,73.2,78.4,Medium,Passed
STU-50465,Data Science,17.0,80.0,69.3,74.2,Medium,Passed
STU-50466,Computer Science,17.2,96.4,84.3,90.3,Medium,Passed
STU-50467,Humanities,8.8,69.1,66.3,71.0,Low,Passed
STU-50468,Humanities,18.7,100.0,90.9,97.3,Medium,Passed
STU-50469,Engineering,20.0,68.8,87.3,93.5,Low,Passed
STU-50470,Data Science,23.3,58.6,69.3,74.2,Low,Passed
STU-50471,Data Science,12.3,84.2,77.6,83.1,Medium,Passed
STU-50472,Engineering,19.7,88.9,85.2,91.2,Medium,Passed
STU-50473,Business & Economics,15.9,82.4,86.9,93.0,Medium,Passed
STU-50474,Engineering,17.0,99.0,93.4,100.0,Medium,Passed
STU-50475,Computer Science,18.5,97.8,90.6,97.0,Medium,Passed
STU-50476,Computer Science,20.6,65.2,80.3,86.0,Low,Passed
STU-50477,Engineering,18.9,71.0,83.2,89.1,Medium,Passed
STU-50478,Computer Science,14.8,67.7,81.7,87.5,Low,Passed
STU-50479,Humanities,8.1,79.0,64.4,68.9,Medium,Passed
STU-50480,Computer Science,22.4,86.3,85.8,91.9,High,Passed
STU-50481,Computer Science,16.4,67.7,69.9,74.8,Low,Passed
STU-50482,Data Science,19.8,90.3,82.4,88.2,Medium,Passed
STU-50483,Humanities,21.8,82.1,78.8,84.4,Medium,Passed
STU-50484,Computer Science,9.2,76.9,60.6,64.9,Medium,Passed
STU-50485,Computer Science,16.3,77.7,78.6,84.2,Medium,Passed
STU-50486,Business & Economics,24.8,88.4,93.4,100.0,High,Passed
STU-50487,Business & Economics,25.9,97.0,87.7,93.9,High,Passed
STU-50488,Engineering,14.8,95.3,84.0,89.9,Medium,Passed
STU-50489,Data Science,21.9,73.7,71.8,76.9,Medium,Passed
STU-50490,Engineering,26.3,83.2,85.9,92.0,Medium,Passed
STU-50491,Business & Economics,17.7,72.9,79.8,85.4,Medium,Passed
STU-50492,Data Science,19.9,74.0,81.6,87.4,Medium,Passed
STU-50493,Engineering,15.0,81.4,86.2,92.3,Medium,Passed
STU-50494,Computer Science,12.2,89.7,80.6,86.3,Medium,Passed
STU-50495,Computer Science,12.4,89.3,71.9,77.0,Medium,Passed
STU-50496,Computer Science,5.7,83.1,70.1,75.1,Medium,Passed
STU-50497,Data Science,14.6,90.5,75.1,80.4,Medium,Passed
STU-50498,Business & Economics,26.5,59.5,77.6,83.1,Low,Passed
STU-50499,Business & Economics,18.0,85.9,93.4,100.0,Medium,Passed
STU-50500,Engineering,13.1,65.5,61.3,65.6,Low,Passed
STU-50501,Computer Science,17.4,84.8,89.8,96.1,Medium,Passed
STU-50502,Business & Economics,22.1,71.7,77.0,82.4,Medium,Passed
STU-50503,Computer Science,10.0,87.0,78.5,84.0,Medium,Passed
STU-50504,Engineering,30.2,64.3,90.0,96.4,Low,Passed
STU-50505,Business & Economics,23.2,68.2,80.0,85.6,Low,Passed
STU-50506,Humanities,13.4,97.4,92.5,99.0,Medium,Passed
STU-50507,Engineering,13.6,88.9,88.5,94.7,Medium,Passed
STU-50508,Data Science,25.4,78.8,81.0,86.7,Medium,Passed
STU-50509,Engineering,29.1,100.0,93.4,100.0,High,Passed
STU-50510,Computer Science,20.1,61.2,86.0,92.1,Low,Passed
STU-50511,Computer Science,23.3,85.6,92.6,99.1,High,Passed
STU-50512,Business & Economics,12.3,92.1,76.8,82.2,Medium,Passed
STU-50513,Engineering,13.4,93.7,85.6,91.6,Medium,Passed
STU-50514,Computer Science,18.6,85.2,82.1,87.9,Medium,Passed
STU-50515,Engineering,12.4,66.2,69.0,73.9,Low,Passed
STU-50516,Data Science,19.3,89.2,93.4,100.0,Medium,Passed
STU-50517,Data Science,12.9,88.7,82.3,88.1,Medium,Passed
STU-50518,Engineering,26.6,67.9,81.2,86.9,Low,Passed
STU-50519,Computer Science,14.1,56.6,67.3,72.1,Low,Passed
STU-50520,Engineering,18.4,79.4,86.3,92.4,Medium,Passed
STU-50521,Business & Economics,32.3,71.9,90.5,96.9,Medium,Passed
STU-50522,Business & Economics,19.2,69.3,75.8,81.2,Low,Passed
STU-50523,Engineering,25.4,75.8,85.8,91.9,Medium,Passed
STU-50524,Data Science,25.1,82.9,87.5,93.7,Medium,Passed
STU-50525,Data Science,14.3,98.9,82.7,88.5,Medium,Passed
STU-50526,Engineering,24.7,85.5,88.8,95.1,High,Passed
STU-50527,Computer Science,17.3,78.7,81.1,86.8,Medium,Passed
STU-50528,Computer Science,27.4,69.4,79.7,85.3,Low,Passed
STU-50529,Computer Science,20.1,71.2,79.1,84.7,Medium,Passed
STU-50530,Humanities,11.3,85.5,80.5,86.2,Medium,Passed
STU-50531,Business & Economics,7.1,80.9,71.9,77.0,Medium,Passed
STU-50532,Business & Economics,11.9,70.6,75.8,81.2,Medium,Passed
STU-50533,Data Science,11.4,81.5,81.6,87.4,Medium,Passed
STU-50534,Engineering,9.1,64.0,62.0,66.4,Low,Passed
STU-50535,Computer Science,27.8,82.4,93.4,100.0,Medium,Passed
STU-50536,Computer Science,21.2,61.7,84.9,90.9,Low,Passed
STU-50537,Business & Economics,17.7,86.9,80.8,86.5,Medium,Passed
STU-50538,Engineering,16.4,77.0,78.5,84.0,Medium,Passed
STU-50539,Data Science,14.1,86.0,80.0,85.7,Medium,Passed
STU-50540,Data Science,20.8,96.4,93.4,100.0,High,Passed
STU-50541,Humanities,22.6,71.3,77.2,82.6,Medium,Passed
STU-50542,Computer Science,23.5,69.6,79.8,85.4,Low,Passed
STU-50543,Data Science,15.0,75.3,72.3,77.4,Medium,Passed
STU-50544,Data Science,26.8,66.1,92.1,98.6,Low,Passed
STU-50545,Humanities,23.9,76.6,79.9,85.5,Medium,Passed
STU-50546,Business & Economics,16.8,71.2,80.7,86.4,Medium,Passed
STU-50547,Business & Economics,12.3,99.1,71.6,76.7,Medium,Passed
STU-50548,Computer Science,25.4,70.9,81.0,86.7,Medium,Passed
STU-50549,Engineering,21.5,94.2,93.4,100.0,High,Passed
STU-50550,Engineering,16.8,47.8,68.6,73.4,Low,Passed
STU-50551,Computer Science,22.0,84.5,79.6,85.2,Medium,Passed
STU-50552,Business & Economics,9.3,82.2,62.3,66.7,Medium,Passed
STU-50553,Computer Science,18.7,87.6,87.4,93.6,Medium,Passed
STU-50554,Computer Science,21.7,67.0,81.5,87.3,Low,Passed
STU-50555,Business & Economics,19.3,73.9,71.9,77.0,Medium,Passed
STU-50556,Computer Science,29.0,54.7,76.8,82.2,Low,Passed
STU-50557,Business & Economics,13.4,69.9,70.8,75.8,Low,Passed
STU-50558,Humanities,5.5,74.8,58.7,62.8,Medium,Passed
STU-50559,Business & Economics,19.3,90.4,76.4,81.8,Medium,Passed
STU-50560,Business & Economics,18.8,82.3,73.9,79.1,Medium,Passed
STU-50561,Computer Science,27.2,71.0,85.7,91.8,Medium,Passed
STU-50562,Data Science,24.5,79.4,86.8,92.9,Medium,Passed
STU-50563,Data Science,13.1,72.9,76.0,81.4,Medium,Passed
STU-50564,Computer Science,18.0,81.4,84.3,90.3,Medium,Passed
STU-50565,Data Science,19.6,96.8,85.0,91.0,Medium,Passed
STU-50566,Business & Economics,14.7,87.5,85.3,91.3,Medium,Passed
STU-50567,Engineering,18.6,95.8,82.5,88.3,Medium,Passed
STU-50568,Computer Science,20.7,73.1,82.9,88.8,Medium,Passed
STU-50569,Business & Economics,29.3,56.1,86.3,92.4,Low,Passed
STU-50570,Engineering,24.7,70.6,86.0,92.1,Medium,Passed
STU-50571,Business & Economics,16.7,90.9,81.4,87.2,Medium,Passed
STU-50572,Computer Science,17.5,81.9,86.2,92.3,Medium,Passed
STU-50573,Data Science,17.5,99.3,87.3,93.5,Medium,Passed
STU-50574,Data Science,18.1,100.0,93.4,100.0,Medium,Passed
STU-50575,Engineering,27.5,88.3,91.2,97.6,High,Passed
STU-50576,Business & Economics,13.5,80.5,76.3,81.7,Medium,Passed
STU-50577,Engineering,21.7,95.1,85.8,91.9,High,Passed
STU-50578,Engineering,10.4,83.2,71.7,76.8,Medium,Passed
STU-50579,Business & Economics,22.6,93.9,90.7,97.1,High,Passed
STU-50580,Computer Science,14.6,91.0,77.4,82.9,Medium,Passed
STU-50581,Business & Economics,19.7,67.8,72.7,77.8,Low,Passed
STU-50582,Engineering,16.2,68.8,76.0,81.4,Low,Passed
STU-50583,Engineering,10.7,90.0,85.3,91.3,Medium,Passed
STU-50584,Computer Science,15.6,74.9,84.6,90.6,Medium,Passed
STU-50585,Engineering,22.0,100.0,92.6,99.1,High,Passed
STU-50586,Computer Science,25.3,77.8,91.2,97.6,Medium,Passed
STU-50587,Business & Economics,28.1,83.2,93.4,100.0,Medium,Passed
STU-50588,Data Science,18.1,76.8,73.2,78.4,Medium,Passed
STU-50589,Computer Science,20.9,87.5,88.9,95.2,High,Passed
STU-50590,Business & Economics,19.1,72.2,81.0,86.7,Medium,Passed
STU-50591,Business & Economics,26.5,92.6,93.4,100.0,High,Passed
STU-50592,Engineering,18.1,68.9,82.1,87.9,Low,Passed
STU-50593,Business & Economics,23.1,84.7,92.0,98.5,Medium,Passed
STU-50594,Business & Economics,15.8,89.5,71.7,76.8,Medium,Passed
STU-50595,Engineering,9.6,95.5,83.1,89.0,Medium,Passed
STU-50596,Engineering,20.1,77.3,86.4,92.5,Medium,Passed
STU-50597,Computer Science,6.7,86.1,78.2,83.7,Medium,Passed
STU-50598,Computer Science,10.9,79.7,72.2,77.3,Medium,Passed
STU-50599,Business & Economics,17.7,85.9,86.0,92.1,Medium,Passed
STU-50600,Data Science,24.8,78.1,91.1,97.5,Medium,Passed
STU-50601,Humanities,16.7,86.9,83.2,89.1,Medium,Passed
STU-50602,Data Science,18.6,74.1,79.5,85.1,Medium,Passed
STU-50603,Engineering,25.8,77.1,82.1,87.9,Medium,Passed
STU-50604,Business & Economics,12.0,72.1,68.1,72.9,Medium,Passed
STU-50605,Engineering,12.5,87.6,92.4,98.9,Medium,Passed
STU-50606,Data Science,20.3,87.4,80.2,85.9,High,Passed
STU-50607,Computer Science,21.5,100.0,93.4,100.0,High,Passed
STU-50608,Engineering,17.0,91.5,85.3,91.3,Medium,Passed
STU-50609,Computer Science,21.8,87.6,86.7,92.8,High,Passed
STU-50610,Computer Science,19.9,82.1,85.5,91.5,Medium,Passed
STU-50611,Engineering,20.9,60.8,84.2,90.1,Low,Passed
STU-50612,Computer Science,17.5,73.9,81.0,86.7,Medium,Passed
STU-50613,Business & Economics,23.7,70.3,76.9,82.3,Medium,Passed
STU-50614,Business & Economics,30.1,72.2,93.4,100.0,Medium,Passed
STU-50615,Engineering,20.9,72.1,71.5,76.6,Medium,Passed
STU-50616,Computer Science,19.5,74.7,88.8,95.1,Medium,Passed
STU-50617,Humanities,20.2,69.8,81.4,87.1,Low,Passed
STU-50618,Computer Science,25.3,96.2,93.4,100.0,High,Passed
STU-50619,Computer Science,25.4,95.2,88.0,94.2,High,Passed
STU-50620,Computer Science,27.4,80.6,79.9,85.5,Medium,Passed
STU-50621,Data Science,22.4,97.6,93.4,100.0,High,Passed
STU-50622,Computer Science,22.6,77.6,83.3,89.2,Medium,Passed
STU-50623,Business & Economics,25.4,89.6,92.3,98.8,High,Passed
STU-50624,Business & Economics,19.6,100.0,86.0,92.1,Medium,Passed
STU-50625,Computer Science,12.1,100.0,82.9,88.7,Medium,Passed
STU-50626,Business & Economics,21.2,84.8,85.1,91.1,Medium,Passed
STU-50627,Engineering,19.3,76.7,73.7,78.9,Medium,Passed
STU-50628,Computer Science,20.8,90.0,88.0,94.2,High,Passed
STU-50629,Data Science,16.2,79.9,86.2,92.3,Medium,Passed
STU-50630,Engineering,14.9,68.0,70.8,75.8,Low,Passed
STU-50631,Business & Economics,23.4,57.7,82.4,88.2,Low,Passed
STU-50632,Data Science,27.3,90.4,87.1,93.3,High,Passed
STU-50633,Computer Science,16.9,85.0,74.9,80.2,Medium,Passed
STU-50634,Computer Science,13.3,79.7,78.4,83.9,Medium,Passed
STU-50635,Humanities,22.0,70.7,77.8,83.3,Medium,Passed
STU-50636,Engineering,13.7,69.8,74.6,79.9,Low,Passed
STU-50637,Business & Economics,10.7,94.1,70.4,75.4,Medium,Passed
STU-50638,Computer Science,15.1,96.2,90.8,97.2,Medium,Passed
STU-50639,Business & Economics,14.5,88.8,82.9,88.7,Medium,Passed
STU-50640,Computer Science,26.0,87.4,89.9,96.2,High,Passed
STU-50641,Computer Science,13.3,88.2,81.3,87.0,Medium,Passed
STU-50642,Computer Science,24.0,78.1,81.6,87.4,Medium,Passed
STU-50643,Business & Economics,15.8,84.5,76.2,81.6,Medium,Passed
STU-50644,Business & Economics,26.1,100.0,91.6,98.1,High,Passed
STU-50645,Business & Economics,19.2,70.2,66.4,71.1,Medium,Passed
STU-50646,Business & Economics,8.8,86.8,68.3,73.1,Medium,Passed
STU-50647,Business & Economics,27.5,77.6,87.0,93.1,Medium,Passed
STU-50648,Engineering,17.6,84.4,82.9,88.7,Medium,Passed
STU-50649,Computer Science,25.4,83.2,93.4,100.0,Medium,Passed
STU-50650,Computer Science,16.6,84.8,83.5,89.4,Medium,Passed
STU-50651,Computer Science,18.6,71.7,75.9,81.3,Medium,Passed
STU-50652,Humanities,10.7,83.5,76.1,81.5,Medium,Passed
STU-50653,Computer Science,7.4,76.2,82.3,88.1,Medium,Passed
STU-50654,Business & Economics,15.6,100.0,93.4,100.0,Medium,Passed
STU-50655,Computer Science,10.3,92.1,80.9,86.6,Medium,Passed
STU-50656,Computer Science,10.1,53.5,60.1,64.3,Low,Passed
STU-50657,Engineering,22.0,93.8,91.4,97.8,High,Passed
STU-50658,Business & Economics,18.4,100.0,93.4,100.0,Medium,Passed
STU-50659,Engineering,18.7,94.9,84.3,90.3,Medium,Passed
STU-50660,Data Science,18.2,88.4,84.8,90.8,Medium,Passed
STU-50661,Data Science,18.7,82.4,80.7,86.4,Medium,Passed
STU-50662,Engineering,19.4,63.1,69.0,73.9,Low,Passed
STU-50663,Computer Science,17.9,93.9,85.2,91.2,Medium,Passed
STU-50664,Computer Science,11.2,88.9,78.4,83.9,Medium,Passed
STU-50665,Computer Science,27.0,80.9,88.4,94.6,Medium,Passed
STU-50666,Business & Economics,13.9,71.2,77.3,82.8,Medium,Passed
STU-50667,Data Science,19.3,80.0,85.8,91.9,Medium,Passed
STU-50668,Engineering,10.5,88.4,65.5,70.1,Medium,Passed
STU-50669,Computer Science,20.8,70.1,76.8,82.2,Medium,Passed
STU-50670,Data Science,24.9,98.1,93.4,100.0,High,Passed
STU-50671,Computer Science,16.3,81.4,86.4,92.5,Medium,Passed
STU-50672,Data Science,19.9,85.6,83.6,89.5,Medium,Passed
STU-50673,Computer Science,27.5,72.4,87.9,94.1,Medium,Passed
STU-50674,Engineering,22.4,83.6,89.6,95.9,Medium,Passed
STU-50675,Engineering,23.4,87.8,88.5,94.8,High,Passed
STU-50676,Humanities,21.2,100.0,89.5,95.8,High,Passed
STU-50677,Data Science,16.7,63.5,80.8,86.5,Low,Passed
STU-50678,Computer Science,13.4,84.2,76.8,82.2,Medium,Passed
STU-50679,Business & Economics,21.8,87.1,92.2,98.7,High,Passed
STU-50680,Computer Science,17.8,87.9,88.2,94.4,Medium,Passed
STU-50681,Computer Science,25.3,73.5,79.0,84.6,Medium,Passed
STU-50682,Engineering,18.2,60.3,76.0,81.4,Low,Passed
STU-50683,Business & Economics,16.8,93.1,85.8,91.9,Medium,Passed
STU-50684,Engineering,34.8,100.0,93.4,100.0,High,Passed
STU-50685,Engineering,13.6,69.1,78.8,84.4,Low,Passed
STU-50686,Business & Economics,10.8,82.6,71.7,76.8,Medium,Passed
STU-50687,Computer Science,14.5,67.2,73.8,79.0,Low,Passed
STU-50688,Computer Science,17.6,74.5,76.3,81.7,Medium,Passed
STU-50689,Data Science,21.0,75.1,83.7,89.6,Medium,Passed
STU-50690,Business & Economics,19.1,100.0,91.8,98.3,Medium,Passed
STU-50691,Data Science,20.6,68.6,77.7,83.2,Low,Passed
STU-50692,Data Science,25.3,92.1,93.4,100.0,High,Passed
STU-50693,Engineering,22.9,75.6,85.0,91.0,Medium,Passed
STU-50694,Data Science,11.1,99.8,77.1,82.5,Medium,Passed
STU-50695,Business & Economics,33.7,98.4,93.4,100.0,High,Passed
STU-50696,Computer Science,20.6,88.9,82.2,88.0,High,Passed
STU-50697,Humanities,22.0,88.2,89.0,95.3,High,Passed
STU-50698,Business & Economics,26.5,78.6,85.9,92.0,Medium,Passed
STU-50699,Business & Economics,14.7,71.4,78.4,83.9,Medium,Passed
STU-50700,Business & Economics,15.3,99.2,74.7,80.0,Medium,Passed
STU-50701,Business & Economics,13.5,76.5,73.2,78.4,Medium,Passed
STU-50702,Engineering,12.6,100.0,86.8,92.9,Medium,Passed
STU-50703,Data Science,29.0,91.7,93.4,100.0,High,Passed
STU-50704,Engineering,20.1,72.7,82.1,87.9,Medium,Passed
STU-50705,Computer Science,5.2,82.8,60.8,65.1,Medium,Passed
STU-50706,Computer Science,20.0,93.2,85.5,91.5,Medium,Passed
STU-50707,Engineering,17.1,97.3,84.3,90.3,Medium,Passed
STU-50708,Data Science,17.3,85.5,82.8,88.6,Medium,Passed
STU-50709,Computer Science,13.4,75.1,71.5,76.5,Medium,Passed
STU-50710,Engineering,31.7,98.5,93.3,99.9,High,Passed
STU-50711,Business & Economics,27.3,55.2,74.4,79.7,Low,Passed
STU-50712,Engineering,16.3,60.1,56.7,60.7,Low,Passed
STU-50713,Data Science,23.2,72.3,72.7,77.8,Medium,Passed
STU-50714,Data Science,21.1,67.2,72.9,78.0,Low,Passed
STU-50715,Engineering,23.1,100.0,91.6,98.1,High,Passed
STU-50716,Engineering,25.5,89.9,93.4,100.0,High,Passed
STU-50717,Business & Economics,15.9,93.4,78.6,84.1,Medium,Passed
STU-50718,Business & Economics,13.9,63.3,63.8,68.3,Low,Passed
STU-50719,Data Science,20.2,80.1,82.0,87.8,Medium,Passed
STU-50720,Computer Science,22.2,58.1,82.7,88.5,Low,Passed
STU-50721,Engineering,12.6,95.4,83.3,89.2,Medium,Passed
STU-50722,Computer Science,20.0,73.9,80.5,86.2,Medium,Passed
STU-50723,Business & Economics,9.3,75.3,77.2,82.7,Medium,Passed
STU-50724,Humanities,22.5,82.1,89.9,96.2,Medium,Passed
STU-50725,Business & Economics,21.7,84.0,91.5,98.0,Medium,Passed
STU-50726,Business & Economics,16.8,71.8,76.0,81.4,Medium,Passed
STU-50727,Data Science,16.4,72.2,70.3,75.3,Medium,Passed
STU-50728,Business & Economics,17.1,84.1,79.8,85.4,Medium,Passed
STU-50729,Humanities,21.4,85.0,83.1,89.0,Medium,Passed
STU-50730,Computer Science,34.3,62.9,88.3,94.5,Low,Passed
STU-50731,Engineering,15.4,81.3,82.5,88.3,Medium,Passed
STU-50732,Computer Science,25.6,100.0,91.9,98.4,High,Passed
STU-50733,Data Science,14.9,62.2,64.6,69.2,Low,Passed
STU-50734,Computer Science,19.1,92.2,78.9,84.5,Medium,Passed
STU-50735,Data Science,10.2,100.0,82.2,88.0,Medium,Passed
STU-50736,Business & Economics,13.2,100.0,88.5,94.7,Medium,Passed
STU-50737,Data Science,22.2,78.9,73.0,78.2,Medium,Passed
STU-50738,Business & Economics,19.6,61.7,82.5,88.3,Low,Passed
STU-50739,Business & Economics,25.2,100.0,92.4,98.9,High,Passed
STU-50740,Business & Economics,17.7,90.4,90.8,97.2,Medium,Passed
STU-50741,Data Science,27.0,100.0,93.4,100.0,High,Passed
STU-50742,Engineering,22.8,92.5,81.6,87.4,High,Passed
STU-50743,Computer Science,19.6,75.9,73.4,78.6,Medium,Passed
STU-50744,Computer Science,16.8,75.7,71.1,76.1,Medium,Passed
STU-50745,Computer Science,23.8,81.2,86.3,92.4,Medium,Passed
STU-50746,Data Science,14.7,100.0,93.4,100.0,Medium,Passed
STU-50747,Data Science,23.9,55.3,68.8,73.7,Low,Passed
STU-50748,Humanities,15.0,77.3,77.5,83.0,Medium,Passed
STU-50749,Engineering,26.2,68.8,83.0,88.9,Low,Passed
STU-50750,Engineering,15.4,68.3,75.2,80.5,Low,Passed
STU-50751,Engineering,26.9,75.5,84.6,90.6,Medium,Passed
STU-50752,Engineering,17.6,72.6,80.5,86.2,Medium,Passed
STU-50753,Data Science,13.8,84.4,78.0,83.5,Medium,Passed
STU-50754,Computer Science,17.9,81.3,80.4,86.1,Medium,Passed
STU-50755,Data Science,11.3,70.9,67.0,71.7,Medium,Passed
STU-50756,Computer Science,25.2,86.7,76.0,81.4,High,Passed
STU-50757,Engineering,17.3,84.7,87.6,93.8,Medium,Passed
STU-50758,Business & Economics,17.0,67.9,74.5,79.8,Low,Passed
STU-50759,Business & Economics,13.4,92.7,84.6,90.6,Medium,Passed
STU-50760,Computer Science,18.0,65.2,76.2,81.6,Low,Passed
STU-50761,Computer Science,21.3,80.1,76.5,81.9,Medium,Passed
STU-50762,Engineering,2.7,83.8,54.6,58.5,Medium,Passed
STU-50763,Computer Science,16.2,98.1,93.3,99.9,Medium,Passed
STU-50764,Engineering,8.3,100.0,74.4,79.6,Medium,Passed
STU-50765,Engineering,20.6,88.8,93.4,100.0,High,Passed
STU-50766,Engineering,12.5,70.4,74.0,79.2,Medium,Passed
STU-50767,Engineering,23.3,91.4,92.5,99.0,High,Passed
STU-50768,Business & Economics,19.3,84.6,76.1,81.5,Medium,Passed
STU-50769,Data Science,18.6,86.8,85.3,91.3,Medium,Passed
STU-50770,Engineering,20.6,84.3,82.6,88.4,Medium,Passed
STU-50771,Computer Science,17.0,92.1,81.6,87.4,Medium,Passed
STU-50772,Computer Science,26.6,90.5,93.4,100.0,High,Passed
STU-50773,Computer Science,16.3,94.8,71.6,76.7,Medium,Passed
STU-50774,Computer Science,18.0,69.2,81.6,87.4,Low,Passed
STU-50775,Computer Science,19.1,66.3,70.5,75.5,Low,Passed
STU-50776,Engineering,12.5,72.8,66.8,71.5,Medium,Passed
STU-50777,Computer Science,11.3,89.0,85.7,91.8,Medium,Passed
STU-50778,Engineering,24.8,74.0,87.7,93.9,Medium,Passed
STU-50779,Computer Science,18.9,80.0,84.6,90.6,Medium,Passed
STU-50780,Computer Science,15.3,62.1,69.9,74.8,Low,Passed
STU-50781,Humanities,21.6,70.7,83.2,89.1,Medium,Passed
STU-50782,Engineering,14.6,89.1,85.1,91.1,Medium,Passed
STU-50783,Business & Economics,16.5,78.3,76.8,82.2,Medium,Passed
STU-50784,Data Science,16.2,87.2,88.0,94.2,Medium,Passed
STU-50785,Computer Science,22.0,75.8,85.3,91.3,Medium,Passed
STU-50786,Computer Science,17.7,81.2,74.7,80.0,Medium,Passed
STU-50787,Engineering,15.0,85.9,79.7,85.3,Medium,Passed
STU-50788,Engineering,23.6,79.2,89.5,95.8,Medium,Passed
STU-50789,Data Science,20.8,89.6,92.7,99.2,High,Passed
STU-50790,Data Science,17.3,73.9,67.7,72.5,Medium,Passed
STU-50791,Data Science,17.6,65.3,79.0,84.6,Low,Passed
STU-50792,Computer Science,21.7,69.8,68.8,73.7,Low,Passed
STU-50793,Business & Economics,31.5,98.9,93.4,100.0,High,Passed
STU-50794,Engineering,17.0,88.3,80.6,86.3,Medium,Passed
STU-50795,Engineering,21.5,70.6,74.6,79.9,Medium,Passed
STU-50796,Engineering,29.2,86.0,93.4,100.0,High,Passed
STU-50797,Data Science,17.2,96.7,80.0,85.6,Medium,Passed
STU-50798,Computer Science,19.2,79.9,82.3,88.1,Medium,Passed
STU-50799,Engineering,17.5,83.7,80.3,86.0,Medium,Passed
STU-50800,Computer Science,7.7,100.0,85.8,91.9,Medium,Passed
STU-50801,Engineering,14.2,75.2,73.1,78.3,Medium,Passed
STU-50802,Data Science,19.3,76.7,75.2,80.5,Medium,Passed
STU-50803,Business & Economics,11.2,64.2,71.9,77.0,Low,Passed
STU-50804,Engineering,20.1,90.3,90.9,97.3,High,Passed
STU-50805,Humanities,12.0,95.1,69.9,74.8,Medium,Passed
STU-50806,Business & Economics,25.5,77.2,86.0,92.1,Medium,Passed
STU-50807,Business & Economics,10.5,72.0,83.3,89.2,Medium,Passed
STU-50808,Engineering,18.9,89.1,93.4,100.0,Medium,Passed
STU-50809,Engineering,25.5,58.0,79.3,84.9,Low,Passed
STU-50810,Engineering,9.4,99.4,81.9,87.7,Medium,Passed
STU-50811,Computer Science,22.3,94.7,93.4,100.0,High,Passed
STU-50812,Computer Science,16.7,93.6,87.8,94.0,Medium,Passed
STU-50813,Computer Science,16.4,67.8,72.9,78.0,Low,Passed
STU-50814,Business & Economics,30.1,69.8,93.4,100.0,Low,Passed
STU-50815,Computer Science,19.0,86.0,72.9,78.0,Medium,Passed
STU-50816,Data Science,17.7,100.0,93.4,100.0,Medium,Passed
STU-50817,Engineering,18.4,100.0,93.4,100.0,Medium,Passed
STU-50818,Computer Science,15.7,83.0,82.6,88.4,Medium,Passed
STU-50819,Computer Science,22.6,96.7,85.7,91.7,High,Passed
STU-50820,Business & Economics,18.0,64.7,78.4,83.9,Low,Passed
STU-50821,Business & Economics,13.0,77.9,79.5,85.1,Medium,Passed
STU-50822,Engineering,18.1,60.1,67.9,72.7,Low,Passed
STU-50823,Computer Science,22.9,82.0,86.1,92.2,Medium,Passed
STU-50824,Computer Science,13.0,72.1,81.4,87.2,Medium,Passed
STU-50825,Engineering,21.3,99.9,91.8,98.3,High,Passed
STU-50826,Engineering,28.5,86.5,86.7,92.8,High,Passed
STU-50827,Computer Science,14.9,81.6,83.7,89.6,Medium,Passed
STU-50828,Engineering,13.8,92.3,79.2,84.8,Medium,Passed
STU-50829,Data Science,27.5,67.5,84.6,90.6,Low,Passed
STU-50830,Engineering,12.1,89.0,83.9,89.8,Medium,Passed
STU-50831,Data Science,17.1,75.8,85.7,91.8,Medium,Passed
STU-50832,Engineering,16.0,86.1,82.8,88.6,Medium,Passed
STU-50833,Data Science,13.8,100.0,93.3,99.9,Medium,Passed
STU-50834,Computer Science,13.7,100.0,85.7,91.8,Medium,Passed
STU-50835,Computer Science,14.6,71.1,81.5,87.3,Medium,Passed
STU-50836,Engineering,11.9,96.1,83.4,89.3,Medium,Passed
STU-50837,Computer Science,23.0,68.5,89.6,95.9,Low,Passed
STU-50838,Engineering,25.5,78.4,85.7,91.7,Medium,Passed
STU-50839,Business & Economics,12.1,79.9,77.1,82.5,Medium,Passed
STU-50840,Business & Economics,9.0,68.6,58.8,63.0,Low,Passed
STU-50841,Engineering,23.1,91.9,76.9,82.3,High,Passed
STU-50842,Engineering,19.1,95.9,86.4,92.5,Medium,Passed
STU-50843,Business & Economics,15.4,78.4,81.0,86.7,Medium,Passed
STU-50844,Data Science,10.9,89.1,75.5,80.8,Medium,Passed
STU-50845,Computer Science,8.5,86.2,85.4,91.4,Medium,Passed
STU-50846,Data Science,11.8,65.7,64.2,68.7,Low,Passed
STU-50847,Computer Science,18.3,84.4,86.6,92.7,Medium,Passed
STU-50848,Business & Economics,23.9,72.7,85.7,91.8,Medium,Passed
STU-50849,Computer Science,23.6,93.1,90.2,96.6,High,Passed
STU-50850,Data Science,13.8,87.1,62.9,67.3,Medium,Passed
STU-50851,Business & Economics,10.3,98.9,84.3,90.3,Medium,Passed
STU-50852,Engineering,17.8,86.0,78.6,84.2,Medium,Passed
STU-50853,Data Science,15.8,73.5,68.2,73.0,Medium,Passed
STU-50854,Engineering,5.1,78.9,78.0,83.5,Medium,Passed
STU-50855,Computer Science,14.9,67.8,68.0,72.8,Low,Passed
STU-50856,Computer Science,9.6,70.4,56.1,60.1,Medium,Passed
STU-50857,Computer Science,26.9,90.3,93.4,100.0,High,Passed
STU-50858,Business & Economics,25.4,83.8,93.4,100.0,Medium,Passed
STU-50859,Data Science,23.2,73.8,86.6,92.7,Medium,Passed
STU-50860,Engineering,19.1,66.7,84.7,90.7,Low,Passed
STU-50861,Humanities,20.2,81.7,74.3,79.5,Medium,Passed
STU-50862,Computer Science,17.6,82.9,73.6,78.8,Medium,Passed
STU-50863,Data Science,18.9,88.6,82.2,88.0,Medium,Passed
STU-50864,Business & Economics,16.0,75.7,71.0,76.0,Medium,Passed
STU-50865,Business & Economics,21.1,78.9,85.8,91.9,Medium,Passed
STU-50866,Humanities,22.6,79.2,84.3,90.3,Medium,Passed
STU-50867,Engineering,21.3,70.7,85.0,91.0,Medium,Passed
STU-50868,Business & Economics,11.9,69.9,67.5,72.3,Low,Passed
STU-50869,Business & Economics,16.2,86.9,81.4,87.1,Medium,Passed
STU-50870,Business & Economics,15.0,99.0,78.5,84.0,Medium,Passed
STU-50871,Engineering,16.6,81.7,81.3,87.0,Medium,Passed
STU-50872,Engineering,17.8,94.1,90.3,96.7,Medium,Passed
STU-50873,Computer Science,15.9,74.6,81.1,86.8,Medium,Passed
STU-50874,Computer Science,12.6,79.0,77.0,82.4,Medium,Passed
STU-50875,Humanities,3.5,72.8,59.7,63.9,Medium,Passed
STU-50876,Engineering,23.4,68.0,93.4,100.0,Low,Passed
STU-50877,Engineering,20.5,51.3,80.1,85.8,Low,Passed
STU-50878,Engineering,19.3,88.9,86.0,92.1,Medium,Passed
STU-50879,Computer Science,14.7,100.0,91.0,97.4,Medium,Passed
STU-50880,Computer Science,7.2,99.2,86.4,92.5,Medium,Passed
STU-50881,Humanities,27.3,74.6,87.6,93.8,Medium,Passed
STU-50882,Data Science,21.6,69.4,77.4,82.9,Low,Passed
STU-50883,Business & Economics,24.2,74.6,78.4,83.9,Medium,Passed
STU-50884,Business & Economics,22.7,92.4,91.7,98.2,High,Passed
STU-50885,Computer Science,29.6,88.3,93.4,100.0,High,Passed
STU-50886,Computer Science,18.1,65.7,82.4,88.2,Low,Passed
STU-50887,Computer Science,13.9,70.7,64.3,68.8,Medium,Passed
STU-50888,Data Science,17.0,72.5,73.2,78.4,Medium,Passed
STU-50889,Data Science,14.6,87.3,76.2,81.6,Medium,Passed
STU-50890,Engineering,20.4,71.2,71.5,76.5,Medium,Passed
STU-50891,Computer Science,25.7,99.0,93.4,100.0,High,Passed
STU-50892,Engineering,20.8,86.5,88.4,94.6,High,Passed
STU-50893,Business & Economics,18.3,89.9,86.4,92.5,Medium,Passed
STU-50894,Engineering,24.1,86.3,87.1,93.2,High,Passed
STU-50895,Engineering,29.3,91.6,93.4,100.0,High,Passed
STU-50896,Humanities,18.3,91.0,73.9,79.1,Medium,Passed
STU-50897,Engineering,14.1,81.5,71.7,76.8,Medium,Passed
STU-50898,Humanities,18.1,69.5,88.4,94.6,Low,Passed
STU-50899,Computer Science,8.9,93.4,88.1,94.3,Medium,Passed
STU-50900,Business & Economics,9.4,71.9,77.2,82.6,Medium,Passed
STU-50901,Engineering,18.1,95.3,93.4,100.0,Medium,Passed
STU-50902,Computer Science,16.3,81.7,84.4,90.4,Medium,Passed
STU-50903,Business & Economics,20.5,54.4,65.9,70.5,Low,Passed
STU-50904,Computer Science,7.9,81.6,73.2,78.4,Medium,Passed
STU-50905,Computer Science,29.2,90.1,93.4,100.0,High,Passed
STU-50906,Computer Science,12.8,97.7,74.5,79.8,Medium,Passed
STU-50907,Engineering,24.3,100.0,93.4,100.0,High,Passed
STU-50908,Business & Economics,5.5,88.1,75.3,80.6,Medium,Passed
STU-50909,Business & Economics,23.4,98.8,93.4,100.0,High,Passed
STU-50910,Business & Economics,17.0,78.3,73.8,79.0,Medium,Passed
STU-50911,Business & Economics,10.9,57.5,59.1,63.3,Low,Passed
STU-50912,Engineering,18.8,87.4,80.5,86.2,Medium,Passed
STU-50913,Computer Science,22.5,77.9,78.8,84.4,Medium,Passed
STU-50914,Engineering,22.9,100.0,93.4,100.0,High,Passed
STU-50915,Business & Economics,14.2,86.3,88.1,94.3,Medium,Passed
STU-50916,Engineering,23.9,80.2,82.7,88.5,Medium,Passed
STU-50917,Engineering,22.7,71.3,89.7,96.0,Medium,Passed
STU-50918,Engineering,23.0,78.5,88.5,94.8,Medium,Passed
STU-50919,Engineering,25.9,94.6,85.2,91.2,High,Passed
STU-50920,Data Science,21.4,88.4,85.1,91.1,High,Passed
STU-50921,Engineering,35.4,80.9,93.4,100.0,Medium,Passed
STU-50922,Computer Science,16.1,81.3,83.3,89.2,Medium,Passed
STU-50923,Computer Science,7.3,77.2,79.3,84.9,Medium,Passed
STU-50924,Computer Science,21.8,71.0,72.4,77.5,Medium,Passed
STU-50925,Business & Economics,12.0,76.9,70.9,75.9,Medium,Passed
STU-50926,Business & Economics,20.3,100.0,93.4,100.0,High,Passed
STU-50927,Business & Economics,22.2,77.9,87.7,93.9,Medium,Passed
STU-50928,Computer Science,18.3,73.0,86.4,92.5,Medium,Passed
STU-50929,Business & Economics,27.4,92.1,93.4,100.0,High,Passed
STU-50930,Computer Science,15.8,97.1,92.2,98.7,Medium,Passed
STU-50931,Computer Science,30.3,87.8,89.8,96.1,High,Passed
STU-50932,Computer Science,26.9,93.5,93.4,100.0,High,Passed
STU-50933,Business & Economics,22.1,81.8,76.2,81.6,Medium,Passed
STU-50934,Business & Economics,9.0,88.7,78.4,83.9,Medium,Passed
STU-50935,Business & Economics,18.7,89.2,81.4,87.2,Medium,Passed
STU-50936,Business & Economics,11.4,89.8,76.6,82.0,Medium,Passed
STU-50937,Business & Economics,15.3,75.0,74.8,80.1,Medium,Passed
STU-50938,Business & Economics,21.9,80.1,80.7,86.4,Medium,Passed
STU-50939,Computer Science,10.5,67.2,62.2,66.6,Low,Passed
STU-50940,Data Science,19.9,90.2,93.4,100.0,Medium,Passed
STU-50941,Business & Economics,11.2,87.6,68.3,73.1,Medium,Passed
STU-50942,Business & Economics,18.4,77.7,78.2,83.7,Medium,Passed
STU-50943,Business & Economics,11.0,83.8,81.9,87.7,Medium,Passed
STU-50944,Computer Science,7.0,92.1,81.5,87.3,Medium,Passed
STU-50945,Business & Economics,25.8,90.5,92.1,98.6,High,Passed
STU-50946,Computer Science,32.5,90.2,91.7,98.2,High,Passed
STU-50947,Data Science,16.8,79.5,82.2,88.0,Medium,Passed
STU-50948,Computer Science,23.7,57.2,66.4,71.1,Low,Passed
STU-50949,Computer Science,4.3,87.3,74.8,80.1,Medium,Passed
STU-50950,Data Science,14.1,87.6,73.2,78.4,Medium,Passed
STU-50951,Engineering,18.8,92.8,82.2,88.0,Medium,Passed
STU-50952,Humanities,21.4,87.8,90.1,96.5,High,Passed
STU-50953,Business & Economics,14.0,47.2,61.6,65.9,Low,Passed
STU-50954,Data Science,8.7,67.2,66.5,71.2,Low,Passed
STU-50955,Data Science,6.8,79.5,72.5,77.6,Medium,Passed
STU-50956,Humanities,24.1,89.0,90.6,97.0,High,Passed
STU-50957,Business & Economics,26.2,91.6,93.4,100.0,High,Passed
STU-50958,Engineering,17.3,97.0,93.4,100.0,Medium,Passed
STU-50959,Business & Economics,20.7,87.2,90.6,97.0,High,Passed
STU-50960,Business & Economics,16.0,90.3,77.6,83.1,Medium,Passed
STU-50961,Business & Economics,17.1,100.0,92.6,99.1,Medium,Passed
STU-50962,Data Science,23.9,90.6,90.6,97.0,High,Passed
STU-50963,Engineering,24.6,55.5,75.7,81.0,Low,Passed
STU-50964,Engineering,15.2,90.1,80.5,86.2,Medium,Passed
STU-50965,Engineering,22.8,83.8,87.1,93.3,Medium,Passed
STU-50966,Computer Science,18.1,78.8,76.3,81.7,Medium,Passed
STU-50967,Engineering,17.7,81.8,92.2,98.7,Medium,Passed
STU-50968,Engineering,29.0,66.8,76.9,82.3,Low,Passed
STU-50969,Data Science,18.5,80.6,84.3,90.2,Medium,Passed
STU-50970,Engineering,16.0,67.3,68.1,72.9,Low,Passed
STU-50971,Business & Economics,8.3,79.5,60.2,64.4,Medium,Passed
STU-50972,Humanities,28.3,84.3,93.4,100.0,Medium,Passed
STU-50973,Data Science,19.3,75.2,80.9,86.6,Medium,Passed
STU-50974,Data Science,23.0,79.7,87.1,93.2,Medium,Passed
STU-50975,Computer Science,12.2,81.8,69.6,74.5,Medium,Passed
STU-50976,Computer Science,8.6,98.4,83.4,89.3,Medium,Passed
STU-50977,Computer Science,24.5,84.9,84.2,90.1,Medium,Passed
STU-50978,Computer Science,6.8,84.1,72.6,77.7,Medium,Passed
STU-50979,Data Science,24.2,85.1,88.8,95.1,High,Passed
STU-50980,Data Science,17.1,100.0,88.6,94.9,Medium,Passed
STU-50981,Business & Economics,24.7,69.3,92.4,98.9,Low,Passed
STU-50982,Engineering,20.4,73.5,77.2,82.7,Medium,Passed
STU-50983,Engineering,3.0,75.8,55.9,59.8,Medium,Passed
STU-50984,Computer Science,9.8,71.7,72.9,78.1,Medium,Passed
STU-50985,Engineering,35.2,72.4,93.4,100.0,Medium,Passed
STU-50986,Business & Economics,16.1,90.1,93.1,99.7,Medium,Passed
STU-50987,Data Science,31.4,82.9,93.4,100.0,Medium,Passed
STU-50988,Engineering,18.8,94.1,83.3,89.2,Medium,Passed
STU-50989,Data Science,23.6,87.5,88.8,95.1,High,Passed
STU-50990,Computer Science,18.5,85.3,80.8,86.5,Medium,Passed
STU-50991,Data Science,22.6,76.9,93.4,100.0,Medium,Passed
STU-50992,Engineering,19.9,58.9,76.9,82.3,Low,Passed
STU-50993,Business & Economics,27.6,60.8,74.8,80.1,Low,Passed
STU-50994,Business & Economics,22.2,87.7,87.2,93.4,High,Passed
STU-50995,Humanities,22.6,80.7,80.6,86.3,Medium,Passed
STU-50996,Computer Science,24.3,100.0,89.9,96.2,High,Passed
STU-50997,Humanities,19.3,85.5,89.0,95.3,Medium,Passed
STU-50998,Computer Science,19.7,100.0,92.9,99.5,Medium,Passed
STU-50999,Computer Science,26.5,100.0,84.3,90.3,High,Passed
STU-51000,Data Science,24.8,91.5,93.4,100.0,High,Passed
STU-51001,Humanities,17.7,72.8,71.0,76.0,Medium,Passed
STU-51002,Data Science,19.6,86.3,87.8,94.0,Medium,Passed
STU-51003,Business & Economics,19.0,92.8,93.4,100.0,Medium,Passed
STU-51004,Computer Science,10.6,87.4,92.4,98.9,Medium,Passed
STU-51005,Business & Economics,15.5,98.9,90.8,97.2,Medium,Passed
STU-51006,Data Science,8.7,90.6,71.3,76.3,Medium,Passed
STU-51007,Data Science,15.8,76.5,67.3,72.1,Medium,Passed
STU-51008,Data Science,24.2,93.8,93.4,100.0,High,Passed
STU-51009,Computer Science,21.4,59.5,70.0,74.9,Low,Passed
STU-51010,Computer Science,21.7,70.9,78.4,83.9,Medium,Passed
STU-51011,Data Science,11.2,91.8,78.5,84.0,Medium,Passed
STU-51012,Data Science,27.2,67.3,83.5,89.4,Low,Passed
STU-51013,Engineering,25.7,72.4,85.4,91.4,Medium,Passed
STU-51014,Computer Science,14.5,100.0,86.8,92.9,Medium,Passed
STU-51015,Computer Science,13.7,84.7,74.2,79.4,Medium,Passed
STU-51016,Computer Science,16.3,74.2,77.2,82.6,Medium,Passed
STU-51017,Computer Science,8.2,100.0,84.2,90.1,Medium,Passed
STU-51018,Computer Science,14.9,79.8,77.5,83.0,Medium,Passed
STU-51019,Computer Science,24.8,65.1,78.3,83.8,Low,Passed
STU-51020,Data Science,27.6,83.6,93.4,100.0,Medium,Passed
STU-51021,Humanities,7.0,73.4,69.4,74.3,Medium,Passed
STU-51022,Business & Economics,18.6,87.9,87.6,93.8,Medium,Passed
STU-51023,Business & Economics,26.1,57.2,79.3,84.9,Low,Passed
STU-51024,Business & Economics,27.2,65.5,76.3,81.7,Low,Passed
STU-51025,Business & Economics,30.0,83.3,93.4,100.0,Medium,Passed
STU-51026,Business & Economics,23.4,82.9,93.3,99.9,Medium,Passed
STU-51027,Computer Science,30.8,80.6,82.7,88.5,Medium,Passed
STU-51028,Computer Science,14.4,54.0,65.6,70.2,Low,Passed
STU-51029,Business & Economics,22.5,77.4,77.9,83.4,Medium,Passed
STU-51030,Humanities,24.6,53.4,65.2,69.8,Low,Passed
STU-51031,Computer Science,7.3,86.8,68.6,73.4,Medium,Passed
STU-51032,Data Science,13.6,77.6,70.0,74.9,Medium,Passed
STU-51033,Business & Economics,12.9,92.7,77.1,82.5,Medium,Passed
STU-51034,Business & Economics,19.5,88.0,91.9,98.4,Medium,Passed
STU-51035,Data Science,17.6,90.4,80.3,86.0,Medium,Passed
STU-51036,Computer Science,20.0,81.4,76.8,82.2,Medium,Passed
STU-51037,Computer Science,11.0,80.8,76.7,82.1,Medium,Passed
STU-51038,Engineering,20.5,92.9,84.6,90.6,High,Passed
STU-51039,Engineering,11.5,87.3,70.1,75.1,Medium,Passed
STU-51040,Computer Science,17.1,66.5,73.9,79.1,Low,Passed
STU-51041,Humanities,38.0,82.7,93.4,100.0,Medium,Passed
STU-51042,Humanities,14.1,43.0,71.2,76.2,Low,Passed
STU-51043,Engineering,19.9,77.6,76.6,82.0,Medium,Passed
STU-51044,Engineering,27.3,96.1,93.4,100.0,High,Passed
STU-51045,Computer Science,20.3,60.1,77.8,83.3,Low,Passed
STU-51046,Engineering,19.3,85.8,82.9,88.8,Medium,Passed
STU-51047,Computer Science,28.4,74.2,93.4,100.0,Medium,Passed
STU-51048,Humanities,16.7,86.9,86.7,92.8,Medium,Passed
STU-51049,Data Science,6.1,96.4,76.6,82.0,Medium,Passed
STU-51050,Engineering,19.5,83.0,81.2,86.9,Medium,Passed
STU-51051,Business & Economics,20.1,66.8,71.4,76.4,Low,Passed
STU-51052,Computer Science,4.1,84.8,69.8,74.7,Medium,Passed
STU-51053,Business & Economics,20.7,77.8,84.4,90.4,Medium,Passed
STU-51054,Computer Science,18.4,76.0,80.9,86.6,Medium,Passed
STU-51055,Computer Science,23.6,100.0,93.4,100.0,High,Passed
STU-51056,Computer Science,13.2,97.2,80.0,85.6,Medium,Passed
STU-51057,Business & Economics,19.9,76.6,87.3,93.5,Medium,Passed
STU-51058,Computer Science,18.6,60.5,66.6,71.3,Low,Passed
STU-51059,Computer Science,17.5,69.8,82.6,88.4,Low,Passed
STU-51060,Data Science,22.6,70.5,79.3,84.9,Medium,Passed
STU-51061,Computer Science,25.1,90.7,91.4,97.8,High,Passed
STU-51062,Data Science,24.6,78.6,90.4,96.8,Medium,Passed
STU-51063,Data Science,20.8,74.9,92.9,99.5,Medium,Passed
STU-51064,Computer Science,28.9,80.5,93.4,100.0,Medium,Passed
STU-51065,Computer Science,13.2,99.5,81.4,87.1,Medium,Passed
STU-51066,Engineering,13.4,86.9,81.3,87.0,Medium,Passed
STU-51067,Business & Economics,17.8,88.6,85.7,91.7,Medium,Passed
STU-51068,Engineering,17.9,64.6,79.1,84.7,Low,Passed
STU-51069,Computer Science,14.1,89.2,80.9,86.6,Medium,Passed
STU-51070,Computer Science,12.9,78.9,75.4,80.7,Medium,Passed
STU-51071,Business & Economics,14.2,77.3,70.1,75.1,Medium,Passed
STU-51072,Computer Science,18.1,100.0,84.1,90.0,Medium,Passed
STU-51073,Computer Science,27.3,80.6,84.9,90.9,Medium,Passed
STU-51074,Computer Science,20.2,84.2,67.4,72.2,Medium,Passed
STU-51075,Data Science,32.1,100.0,93.4,100.0,High,Passed
STU-51076,Business & Economics,13.5,87.7,81.3,87.0,Medium,Passed
STU-51077,Business & Economics,13.6,86.8,75.6,80.9,Medium,Passed
STU-51078,Humanities,12.7,74.1,80.0,85.7,Medium,Passed
STU-51079,Computer Science,11.4,84.5,80.4,86.1,Medium,Passed
STU-51080,Data Science,18.1,97.7,87.6,93.8,Medium,Passed
STU-51081,Business & Economics,18.3,89.7,84.7,90.7,Medium,Passed
STU-51082,Computer Science,16.0,94.5,83.1,89.0,Medium,Passed
STU-51083,Business & Economics,23.6,63.9,88.1,94.3,Low,Passed
STU-51084,Computer Science,23.7,87.7,93.4,100.0,High,Passed
STU-51085,Computer Science,2.0,80.7,64.4,68.9,Medium,Passed
STU-51086,Computer Science,16.6,100.0,87.8,94.0,Medium,Passed
STU-51087,Business & Economics,21.0,87.7,91.1,97.5,High,Passed
STU-51088,Engineering,17.6,73.6,64.0,68.5,Medium,Passed
STU-51089,Business & Economics,23.9,85.5,88.5,94.8,High,Passed
STU-51090,Humanities,21.4,78.6,80.0,85.6,Medium,Passed
STU-51091,Engineering,15.0,74.7,72.0,77.1,Medium,Passed
STU-51092,Computer Science,21.9,73.9,80.0,85.7,Medium,Passed
STU-51093,Computer Science,19.9,100.0,88.5,94.8,Medium,Passed
STU-51094,Computer Science,13.8,100.0,78.6,84.2,Medium,Passed
STU-51095,Computer Science,26.8,82.7,91.5,98.0,Medium,Passed
STU-51096,Engineering,18.5,84.3,75.8,81.1,Medium,Passed
STU-51097,Business & Economics,28.1,76.4,85.6,91.6,Medium,Passed
STU-51098,Business & Economics,16.8,71.1,63.0,67.5,Medium,Passed
STU-51099,Business & Economics,20.7,81.3,76.6,82.0,Medium,Passed
STU-51100,Engineering,19.5,88.2,89.1,95.4,Medium,Passed
STU-51101,Computer Science,11.2,98.1,81.6,87.4,Medium,Passed
STU-51102,Business & Economics,13.8,89.0,78.7,84.3,Medium,Passed
STU-51103,Data Science,10.9,100.0,79.8,85.4,Medium,Passed
STU-51104,Data Science,13.3,79.9,76.5,81.9,Medium,Passed
STU-51105,Computer Science,11.9,70.5,68.7,73.6,Medium,Passed
STU-51106,Computer Science,14.6,89.2,77.6,83.1,Medium,Passed
STU-51107,Business & Economics,19.8,97.7,85.5,91.5,Medium,Passed
STU-51108,Business & Economics,10.3,93.7,78.4,83.9,Medium,Passed
STU-51109,Computer Science,16.1,87.2,82.6,88.4,Medium,Passed
STU-51110,Engineering,11.0,70.2,65.2,69.8,Medium,Passed
STU-51111,Engineering,17.2,70.3,63.0,67.5,Medium,Passed
STU-51112,Business & Economics,13.8,68.1,72.8,77.9,Low,Passed
STU-51113,Business & Economics,18.7,68.5,70.8,75.8,Low,Passed
STU-51114,Engineering,10.8,90.5,76.0,81.4,Medium,Passed
STU-51115,Business & Economics,17.9,76.0,72.5,77.6,Medium,Passed
STU-51116,Business & Economics,8.6,91.8,77.4,82.9,Medium,Passed
STU-51117,Computer Science,21.5,99.2,89.6,95.9,High,Passed
STU-51118,Computer Science,18.7,69.9,81.3,87.0,Low,Passed
STU-51119,Computer Science,18.4,65.3,69.4,74.3,Low,Passed
STU-51120,Humanities,21.2,82.7,87.0,93.1,Medium,Passed
STU-51121,Business & Economics,25.4,74.7,86.8,92.9,Medium,Passed
STU-51122,Computer Science,6.9,96.1,75.8,81.2,Medium,Passed
STU-51123,Business & Economics,21.3,73.7,89.5,95.8,Medium,Passed
STU-51124,Computer Science,17.4,74.5,74.9,80.2,Medium,Passed
STU-51125,Business & Economics,11.2,100.0,88.2,94.4,Medium,Passed
STU-51126,Business & Economics,11.4,61.3,73.1,78.3,Low,Passed
STU-51127,Business & Economics,19.4,88.2,85.7,91.8,Medium,Passed
STU-51128,Data Science,16.1,49.5,61.0,65.3,Low,Passed
STU-51129,Computer Science,16.8,89.0,78.6,84.1,Medium,Passed
STU-51130,Computer Science,22.1,76.4,85.3,91.3,Medium,Passed
STU-51131,Business & Economics,17.5,77.7,70.3,75.3,Medium,Passed
STU-51132,Business & Economics,15.8,74.8,71.5,76.6,Medium,Passed
STU-51133,Humanities,23.8,71.0,78.7,84.3,Medium,Passed
STU-51134,Computer Science,18.1,87.7,79.7,85.3,Medium,Passed
STU-51135,Humanities,25.9,91.0,89.1,95.4,High,Passed
STU-51136,Computer Science,20.9,82.0,79.3,84.9,Medium,Passed
STU-51137,Engineering,8.7,62.2,62.2,66.6,Low,Passed
STU-51138,Computer Science,13.1,79.8,81.0,86.7,Medium,Passed
STU-51139,Computer Science,23.7,73.4,87.1,93.2,Medium,Passed
STU-51140,Engineering,5.4,78.2,69.3,74.2,Medium,Passed
STU-51141,Computer Science,20.2,59.4,77.3,82.8,Low,Passed
STU-51142,Engineering,21.1,86.3,82.7,88.5,High,Passed
STU-51143,Business & Economics,17.2,90.7,87.4,93.6,Medium,Passed
STU-51144,Computer Science,10.3,69.8,64.9,69.5,Low,Passed
STU-51145,Engineering,22.4,72.6,77.1,82.5,Medium,Passed
STU-51146,Engineering,10.0,71.4,71.4,76.4,Medium,Passed
STU-51147,Business & Economics,18.2,66.4,76.7,82.1,Low,Passed
STU-51148,Humanities,22.3,70.1,80.6,86.3,Medium,Passed
STU-51149,Business & Economics,26.7,84.3,88.4,94.6,Medium,Passed
STU-51150,Computer Science,20.3,84.8,74.7,80.0,Medium,Passed
STU-51151,Engineering,25.0,82.7,85.6,91.6,Medium,Passed
STU-51152,Engineering,20.0,83.9,67.6,72.4,Medium,Passed
STU-51153,Data Science,12.2,71.2,67.1,71.8,Medium,Passed
STU-51154,Business & Economics,26.0,76.7,80.4,86.1,Medium,Passed
STU-51155,Computer Science,17.3,88.0,85.5,91.5,Medium,Passed
STU-51156,Business & Economics,27.3,96.4,93.4,100.0,High,Passed
STU-51157,Business & Economics,31.8,82.6,93.4,100.0,Medium,Passed
STU-51158,Humanities,21.4,87.9,86.8,92.9,High,Passed
STU-51159,Humanities,20.8,86.4,86.3,92.4,High,Passed
STU-51160,Business & Economics,12.6,71.6,71.6,76.7,Medium,Passed
STU-51161,Computer Science,18.2,98.8,91.8,98.3,Medium,Passed
STU-51162,Computer Science,31.6,73.5,93.4,100.0,Medium,Passed
STU-51163,Computer Science,23.4,90.1,93.4,100.0,High,Passed
STU-51164,Business & Economics,15.1,66.2,67.3,72.0,Low,Passed
STU-51165,Data Science,22.5,75.8,82.4,88.2,Medium,Passed
STU-51166,Humanities,18.4,85.3,89.2,95.5,Medium,Passed
STU-51167,Engineering,24.7,64.2,79.5,85.1,Low,Passed
STU-51168,Engineering,20.7,76.0,78.1,83.6,Medium,Passed
STU-51169,Data Science,29.5,75.9,81.4,87.1,Medium,Passed
STU-51170,Computer Science,21.1,90.4,76.4,81.8,High,Passed
STU-51171,Business & Economics,9.7,89.2,82.9,88.7,Medium,Passed
STU-51172,Computer Science,22.5,68.0,88.6,94.9,Low,Passed
STU-51173,Computer Science,13.7,66.6,70.9,75.9,Low,Passed
STU-51174,Computer Science,18.9,78.8,73.5,78.7,Medium,Passed
STU-51175,Engineering,7.0,72.3,66.5,71.2,Medium,Passed
STU-51176,Business & Economics,28.7,90.4,86.5,92.6,High,Passed
STU-51177,Business & Economics,9.6,100.0,73.3,78.5,Medium,Passed
STU-51178,Data Science,8.7,100.0,83.2,89.1,Medium,Passed
STU-51179,Engineering,8.6,100.0,75.1,80.4,Medium,Passed
STU-51180,Humanities,28.8,69.3,89.8,96.1,Low,Passed
STU-51181,Engineering,9.8,54.9,60.5,64.8,Low,Passed
STU-51182,Data Science,16.6,99.2,80.7,86.4,Medium,Passed
STU-51183,Engineering,9.5,87.7,71.8,76.9,Medium,Passed
STU-51184,Business & Economics,14.8,86.8,75.1,80.4,Medium,Passed
STU-51185,Computer Science,17.3,74.0,85.6,91.6,Medium,Passed
STU-51186,Engineering,20.6,80.2,81.0,86.7,Medium,Passed
STU-51187,Business & Economics,17.8,84.5,90.7,97.1,Medium,Passed
STU-51188,Computer Science,14.1,72.6,77.4,82.9,Medium,Passed
STU-51189,Engineering,6.9,89.4,82.3,88.1,Medium,Passed
STU-51190,Computer Science,21.8,82.6,83.4,89.3,Medium,Passed
STU-51191,Business & Economics,18.6,88.9,86.5,92.6,Medium,Passed
STU-51192,Computer Science,15.1,74.2,87.5,93.7,Medium,Passed
STU-51193,Computer Science,21.7,73.2,81.2,86.9,Medium,Passed
STU-51194,Computer Science,11.5,54.6,70.2,75.2,Low,Passed
STU-51195,Business & Economics,19.3,88.5,87.7,93.9,Medium,Passed
STU-51196,Humanities,15.2,75.2,73.1,78.3,Medium,Passed
STU-51197,Computer Science,15.7,100.0,89.7,96.0,Medium,Passed
STU-51198,Data Science,27.7,90.3,93.4,100.0,High,Passed
STU-51199,Computer Science,27.5,97.9,93.4,100.0,High,Passed
STU-51200,Data Science,17.2,80.8,74.8,80.1,Medium,Passed
STU-51201,Humanities,18.3,68.1,70.7,75.7,Low,Passed
STU-51202,Data Science,12.3,55.6,63.1,67.6,Low,Passed
STU-51203,Engineering,15.6,83.9,82.3,88.1,Medium,Passed
STU-51204,Computer Science,18.7,78.9,75.3,80.6,Medium,Passed
STU-51205,Humanities,14.2,70.7,75.8,81.1,Medium,Passed
STU-51206,Business & Economics,19.3,83.5,85.4,91.4,Medium,Passed
STU-51207,Computer Science,26.4,100.0,93.4,100.0,High,Passed
STU-51208,Computer Science,25.7,79.5,82.2,88.0,Medium,Passed
STU-51209,Computer Science,17.8,96.3,88.9,95.2,Medium,Passed
STU-51210,Business & Economics,20.9,83.5,88.5,94.8,Medium,Passed
STU-51211,Data Science,17.4,64.7,67.0,71.7,Low,Passed
STU-51212,Computer Science,11.3,68.4,63.1,67.6,Low,Passed
STU-51213,Engineering,20.1,84.9,92.6,99.1,Medium,Passed
STU-51214,Computer Science,13.5,81.0,70.9,75.9,Medium,Passed
STU-51215,Computer Science,14.8,82.8,86.7,92.8,Medium,Passed
STU-51216,Computer Science,12.0,95.7,87.8,94.0,Medium,Passed
STU-51217,Humanities,15.6,80.6,79.4,85.0,Medium,Passed
STU-51218,Computer Science,16.4,82.3,74.9,80.2,Medium,Passed
STU-51219,Business & Economics,17.5,76.3,78.6,84.2,Medium,Passed
STU-51220,Computer Science,18.4,70.2,74.3,79.5,Medium,Passed
STU-51221,Data Science,28.1,91.8,93.4,100.0,High,Passed
STU-51222,Humanities,16.9,70.9,85.0,91.0,Medium,Passed
STU-51223,Computer Science,21.9,78.4,83.3,89.2,Medium,Passed
STU-51224,Data Science,17.7,73.1,78.9,84.5,Medium,Passed
STU-51225,Computer Science,18.4,83.7,85.6,91.6,Medium,Passed
STU-51226,Business & Economics,27.3,100.0,93.4,100.0,High,Passed
STU-51227,Humanities,29.1,93.4,93.4,100.0,High,Passed
STU-51228,Engineering,19.8,82.3,75.2,80.5,Medium,Passed
STU-51229,Business & Economics,24.5,80.7,83.5,89.4,Medium,Passed
STU-51230,Data Science,18.6,65.5,74.6,79.9,Low,Passed
STU-51231,Business & Economics,14.6,78.3,68.0,72.8,Medium,Passed
STU-51232,Humanities,9.8,98.7,85.0,91.0,Medium,Passed
STU-51233,Data Science,20.4,98.0,93.4,100.0,High,Passed
STU-51234,Computer Science,11.8,71.3,74.8,80.1,Medium,Passed
STU-51235,Business & Economics,16.7,69.4,74.5,79.8,Low,Passed
STU-51236,Engineering,22.7,80.4,87.1,93.2,Medium,Passed
STU-51237,Engineering,26.9,84.0,93.4,100.0,Medium,Passed
STU-51238,Engineering,25.9,77.6,93.4,100.0,Medium,Passed
STU-51239,Business & Economics,15.2,79.5,78.0,83.5,Medium,Passed
STU-51240,Data Science,9.7,99.7,86.1,92.2,Medium,Passed
STU-51241,Engineering,16.7,73.8,65.4,70.0,Medium,Passed
STU-51242,Engineering,15.6,82.3,82.9,88.7,Medium,Passed
STU-51243,Computer Science,21.3,100.0,93.4,100.0,High,Passed
STU-51244,Engineering,22.9,79.8,82.1,87.9,Medium,Passed
STU-51245,Humanities,17.6,90.1,76.6,82.0,Medium,Passed
STU-51246,Business & Economics,18.2,66.9,69.6,74.5,Low,Passed
STU-51247,Engineering,39.1,75.0,93.4,100.0,Medium,Passed
STU-51248,Engineering,19.1,76.7,85.3,91.3,Medium,Passed
STU-51249,Business & Economics,27.8,71.9,91.6,98.1,Medium,Passed
STU-51250,Computer Science,24.8,96.0,93.4,100.0,High,Passed
STU-51251,Engineering,16.8,94.6,77.2,82.6,Medium,Passed
STU-51252,Data Science,29.6,71.3,88.5,94.8,Medium,Passed
STU-51253,Humanities,19.0,73.8,84.6,90.6,Medium,Passed
STU-51254,Engineering,19.3,100.0,93.4,100.0,Medium,Passed
STU-51255,Computer Science,18.5,72.0,84.1,90.0,Medium,Passed
STU-51256,Business & Economics,17.3,75.5,73.6,78.8,Medium,Passed
STU-51257,Engineering,10.4,100.0,80.3,86.0,Medium,Passed
STU-51258,Computer Science,14.8,92.5,82.4,88.2,Medium,Passed
STU-51259,Computer Science,6.8,100.0,75.4,80.7,Medium,Passed
STU-51260,Data Science,27.6,69.8,85.1,91.1,Low,Passed
STU-51261,Business & Economics,13.0,98.5,85.7,91.7,Medium,Passed
STU-51262,Data Science,7.8,91.4,71.1,76.1,Medium,Passed
STU-51263,Data Science,26.2,97.7,93.4,100.0,High,Passed
STU-51264,Humanities,15.3,71.3,78.7,84.3,Medium,Passed
STU-51265,Engineering,19.0,93.6,87.1,93.3,Medium,Passed
STU-51266,Engineering,14.6,78.2,68.7,73.6,Medium,Passed
STU-51267,Business & Economics,19.0,82.7,84.7,90.7,Medium,Passed
STU-51268,Engineering,24.7,82.8,93.4,100.0,Medium,Passed
STU-51269,Engineering,9.0,78.2,58.8,63.0,Medium,Passed
STU-51270,Data Science,19.7,80.6,82.3,88.1,Medium,Passed
STU-51271,Engineering,19.2,80.1,79.9,85.5,Medium,Passed
STU-51272,Computer Science,21.6,100.0,91.6,98.1,High,Passed
STU-51273,Data Science,21.0,75.5,77.6,83.1,Medium,Passed
STU-51274,Data Science,8.3,71.2,68.6,73.4,Medium,Passed
STU-51275,Computer Science,17.0,92.1,80.9,86.6,Medium,Passed
STU-51276,Engineering,33.3,88.3,93.4,100.0,High,Passed
STU-51277,Business & Economics,16.9,97.0,88.8,95.1,Medium,Passed
STU-51278,Humanities,11.3,63.3,77.8,83.3,Low,Passed
STU-51279,Humanities,26.2,90.7,93.4,100.0,High,Passed
STU-51280,Engineering,12.0,88.9,76.3,81.7,Medium,Passed
STU-51281,Humanities,17.0,63.5,80.0,85.6,Low,Passed
STU-51282,Business & Economics,5.4,80.8,71.9,77.0,Medium,Passed
STU-51283,Computer Science,19.1,95.0,72.1,77.2,Medium,Passed
STU-51284,Data Science,21.4,75.6,86.0,92.1,Medium,Passed
STU-51285,Data Science,19.7,84.1,82.4,88.2,Medium,Passed
STU-51286,Computer Science,14.7,99.6,84.5,90.5,Medium,Passed
STU-51287,Computer Science,3.3,100.0,60.4,64.7,Medium,Passed
STU-51288,Business & Economics,27.7,80.9,93.4,100.0,Medium,Passed
STU-51289,Engineering,8.0,77.7,67.8,72.6,Medium,Passed
STU-51290,Humanities,11.2,87.3,83.9,89.8,Medium,Passed
STU-51291,Business & Economics,25.6,100.0,93.4,100.0,High,Passed
STU-51292,Data Science,8.7,63.9,56.6,60.6,Low,Passed
STU-51293,Computer Science,25.2,71.1,88.1,94.3,Medium,Passed
STU-51294,Computer Science,11.4,85.1,74.4,79.6,Medium,Passed
STU-51295,Data Science,19.6,81.1,80.0,85.7,Medium,Passed
STU-51296,Engineering,13.6,94.7,76.0,81.4,Medium,Passed
STU-51297,Engineering,10.9,81.6,82.9,88.7,Medium,Passed
STU-51298,Humanities,19.2,94.4,93.4,100.0,Medium,Passed
STU-51299,Business & Economics,21.3,74.0,88.0,94.2,Medium,Passed
STU-51300,Data Science,20.1,80.8,80.0,85.7,Medium,Passed
STU-51301,Computer Science,39.0,100.0,93.4,100.0,High,Passed
STU-51302,Computer Science,18.0,100.0,87.8,94.0,Medium,Passed
STU-51303,Computer Science,18.1,56.4,62.7,67.1,Low,Passed
STU-51304,Engineering,20.8,73.8,72.9,78.0,Medium,Passed
STU-51305,Computer Science,12.1,80.3,70.8,75.8,Medium,Passed
STU-51306,Computer Science,24.9,70.0,89.4,95.7,Low,Passed
STU-51307,Humanities,15.1,66.8,69.7,74.6,Low,Passed
STU-51308,Computer Science,22.7,54.4,74.4,79.6,Low,Passed
STU-51309,Business & Economics,13.9,66.3,72.0,77.1,Low,Passed
STU-51310,Computer Science,19.6,69.2,84.3,90.3,Low,Passed
STU-51311,Engineering,21.7,67.3,77.1,82.5,Low,Passed
STU-51312,Engineering,6.3,84.9,62.9,67.3,Medium,Passed
STU-51313,Business & Economics,7.5,90.5,83.6,89.5,Medium,Passed
STU-51314,Computer Science,10.6,80.0,85.4,91.4,Medium,Passed
STU-51315,Data Science,16.8,100.0,81.4,87.1,Medium,Passed
STU-51316,Computer Science,20.5,91.5,93.4,100.0,High,Passed
STU-51317,Data Science,14.8,70.7,62.8,67.2,Medium,Passed
STU-51318,Humanities,26.5,82.7,92.6,99.1,Medium,Passed
STU-51319,Data Science,9.1,76.1,63.2,67.7,Medium,Passed
STU-51320,Computer Science,25.2,76.1,88.3,94.5,Medium,Passed
STU-51321,Engineering,7.6,86.3,75.7,81.0,Medium,Passed
STU-51322,Engineering,9.9,94.5,80.6,86.3,Medium,Passed
STU-51323,Computer Science,5.7,71.8,67.3,72.0,Medium,Passed
STU-51324,Business & Economics,23.9,86.3,91.8,98.3,High,Passed
STU-51325,Computer Science,26.7,82.3,87.8,94.0,Medium,Passed
STU-51326,Engineering,10.5,79.6,65.3,69.9,Medium,Passed
STU-51327,Computer Science,12.3,83.8,75.0,80.3,Medium,Passed
STU-51328,Engineering,14.0,89.5,76.3,81.7,Medium,Passed
STU-51329,Computer Science,28.4,90.4,88.2,94.4,High,Passed
STU-51330,Computer Science,10.6,76.3,72.6,77.7,Medium,Passed
STU-51331,Engineering,20.6,89.5,82.3,88.1,High,Passed
STU-51332,Computer Science,15.3,83.1,88.5,94.8,Medium,Passed
STU-51333,Engineering,19.1,87.5,82.7,88.5,Medium,Passed
STU-51334,Data Science,27.9,79.2,87.8,94.0,Medium,Passed
STU-51335,Business & Economics,24.5,88.5,81.4,87.2,High,Passed
STU-51336,Engineering,16.0,93.0,93.4,100.0,Medium,Passed
STU-51337,Computer Science,20.6,84.0,84.7,90.7,Medium,Passed
STU-51338,Data Science,16.9,78.8,75.6,80.9,Medium,Passed
STU-51339,Engineering,10.5,66.0,65.1,69.7,Low,Passed
STU-51340,Engineering,21.5,84.2,82.5,88.3,Medium,Passed
STU-51341,Computer Science,22.9,92.6,89.0,95.3,High,Passed
STU-51342,Data Science,10.6,85.0,90.3,96.7,Medium,Passed
STU-51343,Data Science,20.9,74.7,81.9,87.7,Medium,Passed
STU-51344,Computer Science,19.4,65.8,79.6,85.2,Low,Passed
STU-51345,Computer Science,28.4,85.8,93.4,100.0,High,Passed
STU-51346,Engineering,12.5,70.1,74.6,79.9,Medium,Passed
STU-51347,Engineering,13.4,84.5,73.8,79.0,Medium,Passed
STU-51348,Business & Economics,18.3,92.5,85.3,91.3,Medium,Passed
STU-51349,Data Science,21.1,60.2,70.1,75.1,Low,Passed
STU-51350,Business & Economics,19.9,87.6,80.6,86.3,Medium,Passed
STU-51351,Business & Economics,6.2,81.5,58.7,62.8,Medium,Passed
STU-51352,Engineering,18.6,80.9,81.5,87.3,Medium,Passed
STU-51353,Humanities,24.8,74.0,81.0,86.7,Medium,Passed
STU-51354,Computer Science,19.7,89.2,84.9,90.9,Medium,Passed
STU-51355,Engineering,19.6,84.6,75.8,81.1,Medium,Passed
STU-51356,Business & Economics,21.9,95.4,92.3,98.8,High,Passed
STU-51357,Data Science,22.9,89.0,88.7,95.0,High,Passed
STU-51358,Business & Economics,20.7,90.3,90.2,96.6,High,Passed
STU-51359,Business & Economics,27.3,61.9,92.2,98.7,Low,Passed
STU-51360,Business & Economics,18.7,61.4,69.9,74.8,Low,Passed
STU-51361,Computer Science,30.8,70.2,85.2,91.2,Medium,Passed
STU-51362,Data Science,19.6,75.9,72.8,77.9,Medium,Passed
STU-51363,Humanities,22.7,60.0,76.6,82.0,Low,Passed
STU-51364,Engineering,18.1,100.0,81.4,87.2,Medium,Passed
STU-51365,Engineering,26.9,83.5,87.8,94.0,Medium,Passed
STU-51366,Engineering,12.1,55.8,68.1,72.9,Low,Passed
STU-51367,Data Science,13.3,79.8,84.9,90.9,Medium,Passed
STU-51368,Business & Economics,18.4,91.4,85.5,91.5,Medium,Passed
STU-51369,Computer Science,19.2,93.0,82.4,88.2,Medium,Passed
STU-51370,Business & Economics,30.7,76.9,86.7,92.8,Medium,Passed
STU-51371,Computer Science,16.7,86.5,69.6,74.5,Medium,Passed
STU-51372,Engineering,19.2,99.5,93.4,100.0,Medium,Passed
STU-51373,Computer Science,15.7,94.6,73.1,78.3,Medium,Passed
STU-51374,Business & Economics,17.1,56.4,61.4,65.7,Low,Passed
STU-51375,Data Science,11.5,79.6,72.2,77.3,Medium,Passed
STU-51376,Data Science,12.5,100.0,79.9,85.5,Medium,Passed
STU-51377,Humanities,10.4,93.9,77.6,83.1,Medium,Passed
STU-51378,Business & Economics,26.0,100.0,93.4,100.0,High,Passed
STU-51379,Data Science,14.9,66.6,82.0,87.8,Low,Passed
STU-51380,Data Science,22.4,68.2,68.7,73.6,Low,Passed
STU-51381,Engineering,24.6,100.0,80.4,86.1,High,Passed
STU-51382,Business & Economics,15.7,74.3,72.1,77.2,Medium,Passed
STU-51383,Business & Economics,20.0,100.0,93.4,100.0,Medium,Passed
STU-51384,Business & Economics,25.2,71.5,80.3,86.0,Medium,Passed
STU-51385,Computer Science,19.8,71.3,79.8,85.4,Medium,Passed
STU-51386,Business & Economics,21.3,80.3,83.0,88.9,Medium,Passed
STU-51387,Business & Economics,28.3,70.1,89.4,95.7,Medium,Passed
STU-51388,Business & Economics,14.9,100.0,81.4,87.2,Medium,Passed
STU-51389,Computer Science,17.4,96.5,73.5,78.7,Medium,Passed
STU-51390,Engineering,8.9,84.9,70.2,75.2,Medium,Passed
STU-51391,Engineering,17.7,93.2,85.0,91.0,Medium,Passed
STU-51392,Business & Economics,17.0,91.7,83.2,89.1,Medium,Passed
STU-51393,Engineering,14.8,100.0,83.2,89.1,Medium,Passed
STU-51394,Engineering,8.8,59.0,66.8,71.5,Low,Passed
STU-51395,Humanities,16.8,82.9,69.2,74.1,Medium,Passed
STU-51396,Engineering,30.3,89.7,93.4,100.0,High,Passed
STU-51397,Engineering,17.4,73.4,75.0,80.3,Medium,Passed
STU-51398,Business & Economics,11.3,96.1,87.8,94.0,Medium,Passed
STU-51399,Engineering,4.4,63.9,70.0,74.9,Low,Passed
STU-51400,Data Science,17.2,100.0,92.8,99.3,Medium,Passed
STU-51401,Computer Science,19.9,70.9,73.7,78.9,Medium,Passed
STU-51402,Engineering,10.0,89.4,74.2,79.4,Medium,Passed
STU-51403,Computer Science,16.1,79.8,67.3,72.0,Medium,Passed
STU-51404,Business & Economics,26.3,86.2,93.4,100.0,High,Passed
STU-51405,Data Science,13.9,64.0,63.3,67.8,Low,Passed
STU-51406,Humanities,8.1,71.7,72.5,77.6,Medium,Passed
STU-51407,Humanities,20.0,75.0,77.3,82.8,Medium,Passed
STU-51408,Data Science,14.1,78.0,71.5,76.5,Medium,Passed
STU-51409,Data Science,25.5,84.0,84.4,90.4,Medium,Passed
STU-51410,Engineering,22.5,97.7,93.4,100.0,High,Passed
STU-51411,Computer Science,27.6,67.4,81.6,87.4,Low,Passed
STU-51412,Engineering,20.5,98.9,93.4,100.0,High,Passed
STU-51413,Humanities,19.3,88.0,76.1,81.5,Medium,Passed
STU-51414,Engineering,21.4,93.8,92.2,98.7,High,Passed
STU-51415,Computer Science,17.9,100.0,87.3,93.5,Medium,Passed
STU-51416,Data Science,29.8,91.3,93.4,100.0,High,Passed
STU-51417,Business & Economics,16.4,68.3,74.3,79.5,Low,Passed
STU-51418,Engineering,19.6,70.7,79.8,85.4,Medium,Passed
STU-51419,Data Science,17.8,92.0,85.3,91.3,Medium,Passed
STU-51420,Computer Science,22.5,100.0,93.4,100.0,High,Passed
STU-51421,Humanities,22.0,92.1,93.4,100.0,High,Passed
STU-51422,Data Science,18.6,100.0,93.4,100.0,Medium,Passed
STU-51423,Computer Science,14.9,80.1,77.2,82.7,Medium,Passed
STU-51424,Data Science,24.4,65.7,80.3,86.0,Low,Passed
STU-51425,Business & Economics,14.2,69.2,69.6,74.5,Low,Passed
STU-51426,Business & Economics,17.2,94.2,87.4,93.6,Medium,Passed
STU-51427,Computer Science,26.6,72.0,86.8,92.9,Medium,Passed
STU-51428,Computer Science,10.8,76.4,62.0,66.4,Medium,Passed
STU-51429,Engineering,14.3,81.2,74.0,79.2,Medium,Passed
STU-51430,Engineering,15.2,68.1,72.3,77.4,Low,Passed
STU-51431,Engineering,14.0,78.1,72.9,78.0,Medium,Passed
STU-51432,Computer Science,24.0,78.9,87.7,93.9,Medium,Passed
STU-51433,Engineering,15.9,80.3,82.6,88.4,Medium,Passed
STU-51434,Data Science,15.3,90.1,89.3,95.6,Medium,Passed
STU-51435,Computer Science,2.0,80.3,59.0,63.2,Medium,Passed
STU-51436,Computer Science,25.7,90.0,93.4,100.0,High,Passed
STU-51437,Computer Science,12.7,77.9,70.4,75.4,Medium,Passed
STU-51438,Humanities,11.6,89.9,62.5,66.9,Medium,Passed
STU-51439,Engineering,16.8,94.0,82.9,88.8,Medium,Passed
STU-51440,Data Science,16.1,66.6,74.8,80.1,Low,Passed
STU-51441,Engineering,22.7,73.8,74.9,80.2,Medium,Passed
STU-51442,Data Science,17.5,70.7,82.6,88.4,Medium,Passed
STU-51443,Engineering,14.9,72.8,79.2,84.8,Medium,Passed
STU-51444,Engineering,35.3,71.1,93.4,100.0,Medium,Passed
STU-51445,Business & Economics,24.2,93.7,93.4,100.0,High,Passed
STU-51446,Computer Science,34.6,72.7,89.7,96.0,Medium,Passed
STU-51447,Computer Science,22.4,52.5,69.6,74.5,Low,Passed
STU-51448,Computer Science,20.6,80.1,84.9,90.9,Medium,Passed
STU-51449,Engineering,19.1,95.1,93.4,100.0,Medium,Passed
STU-51450,Engineering,7.4,83.0,82.3,88.1,Medium,Passed
STU-51451,Engineering,6.7,89.9,68.2,73.0,Medium,Passed
STU-51452,Business & Economics,18.4,87.2,84.1,90.0,Medium,Passed
STU-51453,Engineering,15.0,60.2,70.8,75.8,Low,Passed
STU-51454,Engineering,26.9,84.0,86.6,92.7,Medium,Passed
STU-51455,Engineering,24.0,88.7,79.4,85.0,High,Passed
STU-51456,Data Science,15.1,71.4,70.5,75.5,Medium,Passed
STU-51457,Computer Science,21.4,68.1,79.8,85.4,Low,Passed
STU-51458,Computer Science,17.1,79.3,88.2,94.4,Medium,Passed
STU-51459,Computer Science,9.2,80.9,70.1,75.1,Medium,Passed
STU-51460,Humanities,23.1,75.3,73.4,78.6,Medium,Passed
STU-51461,Humanities,17.0,51.8,75.4,80.7,Low,Passed
STU-51462,Business & Economics,16.4,83.2,68.8,73.7,Medium,Passed
STU-51463,Engineering,12.9,82.8,78.9,84.5,Medium,Passed
STU-51464,Business & Economics,21.3,81.7,81.9,87.7,Medium,Passed
STU-51465,Humanities,18.5,96.1,86.4,92.5,Medium,Passed
STU-51466,Data Science,17.3,67.2,71.6,76.7,Low,Passed
STU-51467,Engineering,22.5,67.5,80.5,86.2,Low,Passed
STU-51468,Business & Economics,25.2,100.0,93.4,100.0,High,Passed
STU-51469,Computer Science,10.6,91.3,79.1,84.7,Medium,Passed
STU-51470,Business & Economics,10.4,61.7,60.0,64.2,Low,Passed
STU-51471,Data Science,14.1,100.0,81.0,86.7,Medium,Passed
STU-51472,Humanities,24.8,87.3,88.7,95.0,High,Passed
STU-51473,Computer Science,17.3,61.9,65.9,70.6,Low,Passed
STU-51474,Engineering,24.5,85.6,88.5,94.7,High,Passed
STU-51475,Engineering,13.4,73.1,78.4,83.9,Medium,Passed
STU-51476,Computer Science,18.5,68.2,77.2,82.7,Low,Passed
STU-51477,Data Science,21.4,98.8,93.4,100.0,High,Passed
STU-51478,Engineering,19.9,82.3,88.5,94.8,Medium,Passed
STU-51479,Business & Economics,16.0,88.4,86.7,92.8,Medium,Passed
STU-51480,Computer Science,21.4,69.7,86.5,92.6,Low,Passed
STU-51481,Business & Economics,8.3,77.7,70.0,74.9,Medium,Passed
STU-51482,Engineering,25.3,91.9,93.4,100.0,High,Passed
STU-51483,Humanities,21.5,88.2,90.7,97.1,High,Passed
STU-51484,Engineering,26.5,62.9,89.3,95.6,Low,Passed
STU-51485,Business & Economics,16.9,100.0,84.8,90.8,Medium,Passed
STU-51486,Humanities,24.0,97.2,91.4,97.8,High,Passed
STU-51487,Computer Science,12.5,100.0,85.2,91.2,Medium,Passed
STU-51488,Business & Economics,26.0,82.3,93.4,100.0,Medium,Passed
STU-51489,Computer Science,25.6,90.0,90.5,96.9,High,Passed
STU-51490,Business & Economics,17.4,71.1,76.0,81.4,Medium,Passed
STU-51491,Computer Science,8.6,63.2,67.1,71.8,Low,Passed
STU-51492,Data Science,20.9,74.1,81.6,87.4,Medium,Passed
STU-51493,Humanities,13.8,76.0,81.9,87.7,Medium,Passed
STU-51494,Computer Science,19.1,86.2,81.5,87.3,Medium,Passed
STU-51495,Business & Economics,23.8,80.8,82.0,87.8,Medium,Passed
STU-51496,Engineering,28.5,78.2,90.5,96.9,Medium,Passed
STU-51497,Business & Economics,23.4,72.7,70.7,75.7,Medium,Passed
STU-51498,Business & Economics,2.4,74.3,65.1,69.7,Medium,Passed
STU-51499,Computer Science,9.7,48.9,57.3,61.3,Low,Passed
STU-51500,Data Science,25.5,83.1,89.9,96.3,Medium,Passed
STU-51501,Computer Science,22.0,82.3,89.2,95.5,Medium,Passed
STU-51502,Data Science,19.5,98.4,82.7,88.5,Medium,Passed
STU-51503,Computer Science,17.7,78.4,80.0,85.7,Medium,Passed
STU-51504,Business & Economics,21.7,99.2,87.3,93.5,High,Passed
STU-51505,Engineering,21.9,68.9,91.3,97.7,Low,Passed
STU-51506,Computer Science,19.9,77.9,81.0,86.7,Medium,Passed
STU-51507,Engineering,9.5,91.6,84.3,90.2,Medium,Passed
STU-51508,Computer Science,23.0,87.4,80.8,86.5,High,Passed
STU-51509,Humanities,11.7,86.0,85.2,91.2,Medium,Passed
STU-51510,Engineering,20.0,87.0,82.6,88.4,Medium,Passed
STU-51511,Business & Economics,15.6,100.0,89.8,96.1,Medium,Passed
STU-51512,Data Science,10.8,100.0,80.5,86.2,Medium,Passed
STU-51513,Business & Economics,21.0,73.1,88.7,95.0,Medium,Passed
STU-51514,Business & Economics,19.4,72.3,73.6,78.8,Medium,Passed
STU-51515,Engineering,18.2,75.9,77.0,82.4,Medium,Passed
STU-51516,Computer Science,25.8,85.6,81.3,87.0,High,Passed
STU-51517,Humanities,20.4,79.0,76.2,81.6,Medium,Passed
STU-51518,Engineering,14.3,79.5,77.4,82.9,Medium,Passed
STU-51519,Computer Science,15.5,87.6,84.3,90.3,Medium,Passed
STU-51520,Engineering,4.3,79.9,67.7,72.5,Medium,Passed
STU-51521,Humanities,30.4,95.8,93.4,100.0,High,Passed
STU-51522,Data Science,11.2,79.6,63.8,68.3,Medium,Passed
STU-51523,Computer Science,25.8,100.0,93.4,100.0,High,Passed
STU-51524,Computer Science,16.9,88.0,87.5,93.7,Medium,Passed
STU-51525,Computer Science,19.0,100.0,88.6,94.9,Medium,Passed
STU-51526,Engineering,23.3,91.2,86.2,92.3,High,Passed
STU-51527,Data Science,17.1,86.8,89.7,96.0,Medium,Passed
STU-51528,Engineering,7.0,93.5,71.0,76.0,Medium,Passed
STU-51529,Engineering,8.3,72.8,65.3,69.9,Medium,Passed
STU-51530,Computer Science,12.9,67.8,70.8,75.8,Low,Passed
STU-51531,Engineering,18.7,87.0,89.8,96.1,Medium,Passed
STU-51532,Business & Economics,13.2,100.0,73.1,78.3,Medium,Passed
STU-51533,Business & Economics,15.4,74.9,80.4,86.1,Medium,Passed
STU-51534,Computer Science,18.4,88.1,82.9,88.8,Medium,Passed
STU-51535,Computer Science,14.0,98.9,80.0,85.6,Medium,Passed
STU-51536,Computer Science,20.7,89.1,87.8,94.0,High,Passed
STU-51537,Engineering,20.6,86.3,77.7,83.2,High,Passed
STU-51538,Business & Economics,15.8,100.0,93.4,100.0,Medium,Passed
STU-51539,Computer Science,21.5,67.2,71.6,76.7,Low,Passed
STU-51540,Computer Science,20.2,84.2,92.5,99.0,Medium,Passed
STU-51541,Data Science,32.1,83.4,90.0,96.4,Medium,Passed
STU-51542,Engineering,18.5,70.9,77.7,83.2,Medium,Passed
STU-51543,Computer Science,6.5,81.8,66.7,71.4,Medium,Passed
STU-51544,Engineering,17.1,100.0,90.3,96.7,Medium,Passed
STU-51545,Business & Economics,4.9,62.7,60.0,64.2,Low,Passed
STU-51546,Computer Science,25.0,92.6,92.8,99.3,High,Passed
STU-51547,Humanities,18.1,100.0,78.3,83.8,Medium,Passed
STU-51548,Engineering,18.5,90.2,84.6,90.6,Medium,Passed
STU-51549,Data Science,18.8,75.9,79.0,84.6,Medium,Passed
STU-51550,Data Science,25.1,89.1,90.1,96.5,High,Passed
STU-51551,Engineering,11.3,93.8,83.5,89.4,Medium,Passed
STU-51552,Engineering,24.9,87.8,78.1,83.6,High,Passed
STU-51553,Engineering,20.5,90.0,93.4,100.0,High,Passed
STU-51554,Computer Science,22.0,74.0,85.0,91.0,Medium,Passed
STU-51555,Computer Science,29.3,63.1,84.3,90.3,Low,Passed
STU-51556,Engineering,18.8,86.5,75.4,80.7,Medium,Passed
STU-51557,Computer Science,15.6,75.7,70.8,75.8,Medium,Passed
STU-51558,Business & Economics,9.2,73.2,69.0,73.9,Medium,Passed
STU-51559,Business & Economics,31.0,85.4,93.4,100.0,High,Passed
STU-51560,Engineering,18.9,79.6,84.8,90.8,Medium,Passed
STU-51561,Engineering,16.7,100.0,82.2,88.0,Medium,Passed
STU-51562,Engineering,22.1,71.6,87.9,94.1,Medium,Passed
STU-51563,Engineering,15.6,93.1,83.1,89.0,Medium,Passed
STU-51564,Business & Economics,14.5,78.1,68.9,73.8,Medium,Passed
STU-51565,Business & Economics,14.1,98.6,87.3,93.5,Medium,Passed
STU-51566,Computer Science,21.9,87.2,80.1,85.8,High,Passed
STU-51567,Computer Science,18.9,72.4,80.0,85.6,Medium,Passed
STU-51568,Computer Science,7.5,100.0,72.7,77.8,Medium,Passed
STU-51569,Humanities,17.4,100.0,78.3,83.8,Medium,Passed
STU-51570,Computer Science,11.1,73.8,74.2,79.4,Medium,Passed
STU-51571,Computer Science,24.9,78.3,81.3,87.0,Medium,Passed
STU-51572,Business & Economics,26.4,66.2,88.5,94.8,Low,Passed
STU-51573,Engineering,19.6,81.1,81.4,87.2,Medium,Passed
STU-51574,Engineering,33.7,75.4,93.4,100.0,Medium,Passed
STU-51575,Computer Science,20.1,56.3,70.2,75.2,Low,Passed
STU-51576,Computer Science,27.6,97.5,93.4,100.0,High,Passed
STU-51577,Data Science,15.9,79.2,79.1,84.7,Medium,Passed
STU-51578,Business & Economics,20.9,98.3,85.4,91.4,High,Passed
STU-51579,Data Science,16.0,81.3,77.8,83.3,Medium,Passed
STU-51580,Humanities,16.3,100.0,93.4,100.0,Medium,Passed
STU-51581,Engineering,21.1,61.6,81.1,86.8,Low,Passed
STU-51582,Business & Economics,16.9,73.8,68.8,73.7,Medium,Passed
STU-51583,Engineering,25.9,77.5,81.4,87.2,Medium,Passed
STU-51584,Business & Economics,10.2,88.4,73.4,78.6,Medium,Passed
STU-51585,Data Science,23.7,77.8,85.7,91.8,Medium,Passed
STU-51586,Engineering,22.3,79.0,80.5,86.2,Medium,Passed
STU-51587,Computer Science,8.4,87.9,73.9,79.1,Medium,Passed
STU-51588,Engineering,22.8,80.2,82.8,88.6,Medium,Passed
STU-51589,Business & Economics,14.1,84.3,78.1,83.6,Medium,Passed
STU-51590,Engineering,21.3,69.0,76.2,81.6,Low,Passed
STU-51591,Computer Science,20.4,100.0,93.4,100.0,High,Passed
STU-51592,Engineering,16.8,85.1,79.2,84.8,Medium,Passed
STU-51593,Engineering,20.3,85.6,88.5,94.8,High,Passed
STU-51594,Computer Science,23.2,100.0,93.3,99.9,High,Passed
STU-51595,Computer Science,12.9,77.2,76.2,81.6,Medium,Passed
STU-51596,Business & Economics,18.8,74.0,78.1,83.6,Medium,Passed
STU-51597,Engineering,18.9,73.3,84.2,90.1,Medium,Passed
STU-51598,Engineering,19.6,86.8,84.3,90.3,Medium,Passed
STU-51599,Computer Science,26.9,87.6,93.4,100.0,High,Passed
STU-51600,Engineering,14.7,79.5,74.9,80.2,Medium,Passed
STU-51601,Engineering,20.9,100.0,81.7,87.5,High,Passed
STU-51602,Engineering,17.8,74.4,78.0,83.5,Medium,Passed
STU-51603,Computer Science,17.8,92.6,93.4,100.0,Medium,Passed
STU-51604,Computer Science,14.1,79.2,77.1,82.5,Medium,Passed
STU-51605,Computer Science,11.8,73.1,74.1,79.3,Medium,Passed
STU-51606,Computer Science,27.5,100.0,93.4,100.0,High,Passed
STU-51607,Computer Science,12.5,81.6,73.9,79.1,Medium,Passed
STU-51608,Business & Economics,25.8,80.7,89.6,95.9,Medium,Passed
STU-51609,Computer Science,20.9,64.7,74.0,79.2,Low,Passed
STU-51610,Computer Science,18.6,100.0,93.4,100.0,Medium,Passed
STU-51611,Humanities,17.2,70.4,74.0,79.2,Medium,Passed
STU-51612,Humanities,19.3,75.2,75.0,80.3,Medium,Passed
STU-51613,Data Science,18.1,89.5,88.1,94.3,Medium,Passed
STU-51614,Business & Economics,18.7,80.9,88.1,94.3,Medium,Passed
STU-51615,Computer Science,24.2,72.5,80.9,86.6,Medium,Passed
STU-51616,Engineering,9.8,95.5,76.5,81.9,Medium,Passed
STU-51617,Data Science,23.8,95.7,91.5,98.0,High,Passed
STU-51618,Computer Science,28.2,74.0,87.1,93.2,Medium,Passed
STU-51619,Data Science,24.7,55.0,74.6,79.9,Low,Passed
STU-51620,Engineering,25.0,93.1,84.4,90.4,High,Passed
STU-51621,Engineering,31.8,83.4,89.4,95.7,Medium,Passed
STU-51622,Computer Science,18.3,79.1,87.3,93.5,Medium,Passed
STU-51623,Computer Science,12.5,100.0,82.9,88.8,Medium,Passed
STU-51624,Computer Science,15.9,99.8,92.9,99.5,Medium,Passed
STU-51625,Data Science,19.1,88.5,85.8,91.9,Medium,Passed
STU-51626,Data Science,18.1,59.6,68.3,73.1,Low,Passed
STU-51627,Humanities,23.1,85.0,90.2,96.6,Medium,Passed
STU-51628,Engineering,12.1,87.5,72.8,77.9,Medium,Passed
STU-51629,Data Science,20.7,90.4,89.3,95.6,High,Passed
STU-51630,Computer Science,19.6,73.6,77.4,82.9,Medium,Passed
STU-51631,Humanities,11.0,75.3,68.7,73.5,Medium,Passed
STU-51632,Data Science,7.3,93.3,82.1,87.9,Medium,Passed
STU-51633,Business & Economics,23.4,97.9,89.2,95.5,High,Passed
STU-51634,Engineering,17.3,77.0,72.6,77.7,Medium,Passed
STU-51635,Engineering,23.0,83.0,82.7,88.5,Medium,Passed
STU-51636,Business & Economics,9.9,71.6,57.0,61.0,Medium,Passed
STU-51637,Engineering,11.2,81.9,76.8,82.2,Medium,Passed
STU-51638,Humanities,20.5,65.1,76.2,81.6,Low,Passed
STU-51639,Computer Science,27.1,85.4,87.4,93.6,High,Passed
STU-51640,Computer Science,10.3,82.9,78.6,84.2,Medium,Passed
STU-51641,Data Science,23.9,100.0,92.1,98.6,High,Passed
STU-51642,Business & Economics,18.8,83.8,78.7,84.3,Medium,Passed
STU-51643,Computer Science,25.1,70.1,90.3,96.7,Medium,Passed
STU-51644,Humanities,20.5,63.4,71.8,76.9,Low,Passed
STU-51645,Data Science,23.4,87.3,91.3,97.7,High,Passed
STU-51646,Business & Economics,14.5,91.0,87.2,93.4,Medium,Passed
STU-51647,Engineering,18.5,83.9,80.7,86.4,Medium,Passed
STU-51648,Engineering,27.6,87.2,93.4,100.0,High,Passed
STU-51649,Computer Science,26.5,70.1,82.2,88.0,Medium,Passed
STU-51650,Computer Science,26.3,84.1,89.7,96.0,Medium,Passed
STU-51651,Humanities,21.9,93.1,88.4,94.6,High,Passed
STU-51652,Computer Science,22.9,56.0,75.0,80.3,Low,Passed
STU-51653,Business & Economics,18.1,92.2,81.4,87.1,Medium,Passed
STU-51654,Computer Science,20.3,91.6,92.5,99.0,High,Passed
STU-51655,Data Science,13.9,86.7,75.8,81.1,Medium,Passed
STU-51656,Data Science,9.6,88.7,83.0,88.9,Medium,Passed
STU-51657,Engineering,17.8,97.0,82.6,88.4,Medium,Passed
STU-51658,Computer Science,24.6,81.8,87.8,94.0,Medium,Passed
STU-51659,Business & Economics,10.5,92.4,83.4,89.3,Medium,Passed
STU-51660,Computer Science,15.7,84.9,78.3,83.8,Medium,Passed
STU-51661,Computer Science,30.8,90.0,90.2,96.6,High,Passed
STU-51662,Engineering,17.3,85.0,76.2,81.6,Medium,Passed
STU-51663,Business & Economics,17.5,73.4,80.2,85.9,Medium,Passed
STU-51664,Engineering,16.9,77.6,84.1,90.0,Medium,Passed
STU-51665,Computer Science,20.9,88.2,90.2,96.6,High,Passed
STU-51666,Humanities,23.0,78.2,84.2,90.1,Medium,Passed
STU-51667,Humanities,20.4,74.2,83.5,89.4,Medium,Passed
STU-51668,Business & Economics,23.0,90.4,80.3,86.0,High,Passed
STU-51669,Engineering,21.9,81.3,87.8,94.0,Medium,Passed
STU-51670,Engineering,26.3,100.0,91.4,97.9,High,Passed
STU-51671,Data Science,27.0,72.4,81.6,87.4,Medium,Passed
STU-51672,Engineering,22.2,80.5,79.3,84.9,Medium,Passed
STU-51673,Computer Science,20.6,71.1,73.1,78.3,Medium,Passed
STU-51674,Business & Economics,22.2,100.0,82.5,88.3,High,Passed
STU-51675,Engineering,26.0,85.2,93.4,100.0,High,Passed
STU-51676,Business & Economics,26.2,78.6,79.1,84.7,Medium,Passed
STU-51677,Computer Science,12.4,68.8,62.3,66.7,Low,Passed
STU-51678,Engineering,11.0,68.3,71.0,76.0,Low,Passed
STU-51679,Data Science,19.6,83.3,79.5,85.1,Medium,Passed
STU-51680,Data Science,16.1,78.2,76.4,81.8,Medium,Passed
STU-51681,Business & Economics,16.9,74.8,75.0,80.3,Medium,Passed
STU-51682,Humanities,12.2,94.2,88.0,94.2,Medium,Passed
STU-51683,Engineering,15.9,95.0,87.1,93.3,Medium,Passed
STU-51684,Computer Science,18.7,98.8,82.0,87.8,Medium,Passed
STU-51685,Computer Science,17.2,74.7,66.9,71.6,Medium,Passed
STU-51686,Computer Science,23.2,82.4,92.1,98.6,Medium,Passed
STU-51687,Business & Economics,3.9,93.8,68.7,73.6,Medium,Passed
STU-51688,Business & Economics,21.4,69.8,76.4,81.8,Low,Passed
STU-51689,Business & Economics,8.9,54.2,62.7,67.1,Low,Passed
STU-51690,Computer Science,24.0,81.5,87.2,93.4,Medium,Passed
STU-51691,Humanities,13.2,66.8,67.0,71.7,Low,Passed
STU-51692,Computer Science,10.7,65.6,69.9,74.8,Low,Passed
STU-51693,Data Science,16.5,79.6,75.8,81.2,Medium,Passed
STU-51694,Computer Science,9.1,81.0,75.1,80.4,Medium,Passed
STU-51695,Data Science,25.2,55.6,81.4,87.2,Low,Passed
STU-51696,Business & Economics,18.4,95.0,85.6,91.6,Medium,Passed
STU-51697,Engineering,26.5,66.7,75.5,80.8,Low,Passed
STU-51698,Humanities,15.4,81.2,78.3,83.8,Medium,Passed
STU-51699,Computer Science,26.5,57.7,86.3,92.4,Low,Passed
STU-51700,Engineering,18.5,77.8,80.0,85.6,Medium,Passed
STU-51701,Business & Economics,32.9,77.4,93.4,100.0,Medium,Passed
STU-51702,Computer Science,20.0,97.6,93.4,100.0,Medium,Passed
STU-51703,Engineering,11.1,81.8,67.9,72.7,Medium,Passed
STU-51704,Engineering,26.7,95.6,93.4,100.0,High,Passed
STU-51705,Computer Science,19.1,84.7,84.0,89.9,Medium,Passed
STU-51706,Humanities,15.3,87.4,89.4,95.7,Medium,Passed
STU-51707,Engineering,21.3,92.6,86.5,92.6,High,Passed
STU-51708,Business & Economics,26.2,83.9,93.4,100.0,Medium,Passed
STU-51709,Engineering,14.6,74.6,64.4,69.0,Medium,Passed
STU-51710,Business & Economics,24.5,82.6,90.7,97.1,Medium,Passed
STU-51711,Computer Science,6.6,77.9,54.2,58.0,Medium,Passed
STU-51712,Business & Economics,21.5,77.8,81.4,87.2,Medium,Passed
STU-51713,Humanities,14.3,89.4,77.4,82.9,Medium,Passed
STU-51714,Engineering,21.9,80.5,81.6,87.4,Medium,Passed
STU-51715,Engineering,16.6,92.8,91.1,97.5,Medium,Passed
STU-51716,Computer Science,25.3,72.2,85.2,91.2,Medium,Passed
STU-51717,Computer Science,20.6,94.8,86.8,92.9,High,Passed
STU-51718,Engineering,17.2,95.4,93.4,100.0,Medium,Passed
STU-51719,Humanities,10.7,83.4,71.4,76.4,Medium,Passed
STU-51720,Computer Science,24.6,50.1,67.1,71.8,Low,Passed
STU-51721,Computer Science,10.3,78.7,83.6,89.5,Medium,Passed
STU-51722,Computer Science,14.9,100.0,77.9,83.4,Medium,Passed
STU-51723,Business & Economics,22.0,94.1,93.4,100.0,High,Passed
STU-51724,Computer Science,23.2,78.8,74.4,79.7,Medium,Passed
STU-51725,Computer Science,17.1,54.5,68.3,73.1,Low,Passed
STU-51726,Computer Science,11.5,61.5,68.0,72.8,Low,Passed
STU-51727,Computer Science,18.9,80.8,82.6,88.4,Medium,Passed
STU-51728,Data Science,8.6,68.4,63.0,67.5,Low,Passed
STU-51729,Data Science,16.3,75.7,87.6,93.8,Medium,Passed
STU-51730,Computer Science,12.3,61.2,68.1,72.9,Low,Passed
STU-51731,Humanities,17.9,100.0,77.4,82.9,Medium,Passed
STU-51732,Engineering,18.1,65.3,70.1,75.1,Low,Passed
STU-51733,Business & Economics,14.6,72.3,77.7,83.2,Medium,Passed
STU-51734,Business & Economics,22.5,88.3,84.9,90.9,High,Passed
STU-51735,Business & Economics,10.3,73.6,67.8,72.6,Medium,Passed
STU-51736,Computer Science,5.3,85.6,74.6,79.9,Medium,Passed
STU-51737,Data Science,20.9,62.2,63.6,68.1,Low,Passed
STU-51738,Data Science,23.4,74.7,84.3,90.3,Medium,Passed
STU-51739,Computer Science,17.4,73.5,73.5,78.7,Medium,Passed
STU-51740,Engineering,13.5,77.5,79.5,85.1,Medium,Passed
STU-51741,Business & Economics,26.5,100.0,93.4,100.0,High,Passed
STU-51742,Data Science,14.2,70.9,70.7,75.7,Medium,Passed
STU-51743,Humanities,16.4,66.7,80.5,86.2,Low,Passed
STU-51744,Business & Economics,15.3,81.7,84.2,90.1,Medium,Passed
STU-51745,Data Science,17.1,92.9,91.9,98.4,Medium,Passed
STU-51746,Humanities,20.2,75.8,83.2,89.1,Medium,Passed
STU-51747,Business & Economics,22.2,58.7,85.2,91.2,Low,Passed
STU-51748,Computer Science,15.5,74.7,78.1,83.6,Medium,Passed
STU-51749,Engineering,13.5,78.0,85.7,91.7,Medium,Passed
STU-51750,Computer Science,23.7,85.3,81.6,87.4,High,Passed
STU-51751,Engineering,9.9,88.1,71.3,76.3,Medium,Passed
STU-51752,Data Science,21.6,77.2,78.9,84.5,Medium,Passed
STU-51753,Computer Science,16.9,78.0,78.6,84.1,Medium,Passed
STU-51754,Business & Economics,21.9,79.2,79.0,84.6,Medium,Passed
STU-51755,Data Science,27.1,77.0,93.4,100.0,Medium,Passed
STU-51756,Humanities,15.3,100.0,74.0,79.2,Medium,Passed
STU-51757,Computer Science,9.8,77.3,77.0,82.4,Medium,Passed
STU-51758,Data Science,21.7,62.1,76.1,81.5,Low,Passed
STU-51759,Computer Science,26.5,72.7,87.0,93.1,Medium,Passed
STU-51760,Engineering,20.0,91.1,84.7,90.7,Medium,Passed
STU-51761,Engineering,23.1,90.6,93.3,99.9,High,Passed
STU-51762,Computer Science,13.8,84.5,80.1,85.8,Medium,Passed
STU-51763,Business & Economics,21.9,72.1,72.6,77.7,Medium,Passed
STU-51764,Engineering,12.9,94.3,74.3,79.5,Medium,Passed
STU-51765,Data Science,18.3,67.0,79.7,85.3,Low,Passed
STU-51766,Computer Science,18.8,95.8,89.5,95.8,Medium,Passed
STU-51767,Humanities,15.8,71.8,75.5,80.8,Medium,Passed
STU-51768,Business & Economics,22.0,89.7,83.6,89.5,High,Passed
STU-51769,Humanities,16.4,99.0,81.1,86.8,Medium,Passed
STU-51770,Engineering,20.1,80.0,90.7,97.1,Medium,Passed
STU-51771,Engineering,9.7,78.0,70.0,74.9,Medium,Passed
STU-51772,Business & Economics,20.8,94.2,81.7,87.5,High,Passed
STU-51773,Business & Economics,20.2,74.5,77.4,82.9,Medium,Passed
STU-51774,Computer Science,9.7,73.4,58.9,63.1,Medium,Passed
STU-51775,Data Science,18.4,78.7,69.2,74.1,Medium,Passed
STU-51776,Computer Science,18.8,66.6,70.0,74.9,Low,Passed
STU-51777,Data Science,29.0,69.8,84.0,89.9,Low,Passed
STU-51778,Business & Economics,13.5,81.9,77.1,82.5,Medium,Passed
STU-51779,Computer Science,12.0,73.2,62.7,67.1,Medium,Passed
STU-51780,Data Science,23.6,57.8,75.1,80.4,Low,Passed
STU-51781,Data Science,19.9,100.0,89.9,96.2,Medium,Passed
STU-51782,Engineering,16.5,100.0,74.7,80.0,Medium,Passed
STU-51783,Computer Science,28.1,85.4,88.5,94.7,High,Passed
STU-51784,Business & Economics,14.2,100.0,86.9,93.0,Medium,Passed
STU-51785,Computer Science,14.8,97.4,91.0,97.4,Medium,Passed
STU-51786,Business & Economics,18.1,91.5,93.4,100.0,Medium,Passed
STU-51787,Business & Economics,22.6,79.6,80.5,86.2,Medium,Passed
STU-51788,Computer Science,26.1,80.3,92.8,99.4,Medium,Passed
STU-51789,Business & Economics,15.3,82.6,85.6,91.6,Medium,Passed
STU-51790,Engineering,6.0,73.7,55.6,59.5,Medium,Passed
STU-51791,Engineering,16.9,64.3,82.6,88.4,Low,Passed
STU-51792,Data Science,12.0,80.4,74.2,79.4,Medium,Passed
STU-51793,Computer Science,11.1,100.0,75.0,80.3,Medium,Passed
STU-51794,Business & Economics,12.4,67.3,71.5,76.5,Low,Passed
STU-51795,Computer Science,19.3,67.1,82.4,88.2,Low,Passed
STU-51796,Business & Economics,13.0,78.0,67.4,72.2,Medium,Passed
STU-51797,Computer Science,16.8,87.5,86.0,92.1,Medium,Passed
STU-51798,Computer Science,20.2,85.1,85.3,91.3,High,Passed
STU-51799,Data Science,30.2,81.4,90.0,96.4,Medium,Passed
STU-51800,Business & Economics,21.1,79.6,88.2,94.4,Medium,Passed
STU-51801,Computer Science,14.0,66.5,62.9,67.3,Low,Passed
STU-51802,Engineering,29.0,93.3,93.4,100.0,High,Passed
STU-51803,Engineering,13.7,70.9,70.6,75.6,Medium,Passed
STU-51804,Business & Economics,19.3,75.4,82.2,88.0,Medium,Passed
STU-51805,Engineering,9.9,60.3,72.9,78.0,Low,Passed
STU-51806,Business & Economics,14.3,100.0,93.4,100.0,Medium,Passed
STU-51807,Computer Science,24.8,55.1,70.5,75.5,Low,Passed
STU-51808,Computer Science,20.3,98.8,81.0,86.7,High,Passed
STU-51809,Business & Economics,12.2,93.0,69.1,74.0,Medium,Passed
STU-51810,Business & Economics,21.9,77.1,77.2,82.7,Medium,Passed
STU-51811,Business & Economics,20.8,82.8,79.8,85.4,Medium,Passed
STU-51812,Data Science,20.6,87.1,85.1,91.1,High,Passed
STU-51813,Engineering,8.1,76.5,68.0,72.8,Medium,Passed
STU-51814,Business & Economics,20.4,85.6,81.4,87.1,High,Passed
STU-51815,Computer Science,22.7,64.8,90.5,96.9,Low,Passed
STU-51816,Computer Science,21.7,78.8,83.4,89.3,Medium,Passed
STU-51817,Engineering,5.0,94.3,75.8,81.2,Medium,Passed
STU-51818,Data Science,14.2,65.0,68.8,73.7,Low,Passed
STU-51819,Computer Science,10.3,100.0,76.5,81.9,Medium,Passed
STU-51820,Data Science,26.2,87.0,92.0,98.5,High,Passed
STU-51821,Computer Science,15.8,71.4,76.9,82.3,Medium,Passed
STU-51822,Computer Science,19.5,89.3,77.3,82.8,Medium,Passed
STU-51823,Engineering,24.8,100.0,93.4,100.0,High,Passed
STU-51824,Engineering,12.8,86.9,73.8,79.0,Medium,Passed
STU-51825,Data Science,9.1,77.0,73.1,78.3,Medium,Passed
STU-51826,Engineering,10.7,51.2,54.6,58.5,Low,Passed
STU-51827,Business & Economics,17.8,76.1,76.9,82.3,Medium,Passed
STU-51828,Computer Science,23.2,75.6,91.2,97.6,Medium,Passed
STU-51829,Engineering,14.7,72.1,67.3,72.1,Medium,Passed
STU-51830,Business & Economics,26.4,94.4,93.4,100.0,High,Passed
STU-51831,Computer Science,29.1,88.5,93.4,100.0,High,Passed
STU-51832,Data Science,29.6,75.3,93.4,100.0,Medium,Passed
STU-51833,Computer Science,21.6,70.1,85.8,91.9,Medium,Passed
STU-51834,Business & Economics,13.5,78.8,81.1,86.8,Medium,Passed
STU-51835,Engineering,14.3,75.7,69.9,74.8,Medium,Passed
STU-51836,Data Science,20.5,82.6,80.5,86.2,Medium,Passed
STU-51837,Business & Economics,16.2,83.5,85.2,91.2,Medium,Passed
STU-51838,Computer Science,3.4,65.4,65.2,69.8,Low,Passed
STU-51839,Engineering,26.7,87.6,86.8,92.9,High,Passed
STU-51840,Computer Science,12.1,83.4,84.4,90.4,Medium,Passed
STU-51841,Humanities,21.1,85.3,83.3,89.2,High,Passed
STU-51842,Engineering,17.3,98.0,89.1,95.4,Medium,Passed
STU-51843,Engineering,13.0,76.3,71.2,76.2,Medium,Passed
STU-51844,Data Science,19.3,84.2,82.4,88.2,Medium,Passed
STU-51845,Engineering,27.4,66.4,87.3,93.5,Low,Passed
STU-51846,Engineering,7.1,59.6,59.7,63.9,Low,Passed
STU-51847,Data Science,14.3,84.1,78.2,83.7,Medium,Passed
STU-51848,Humanities,16.5,75.6,70.4,75.4,Medium,Passed
STU-51849,Computer Science,9.6,86.2,68.9,73.8,Medium,Passed
STU-51850,Engineering,9.1,82.7,73.2,78.4,Medium,Passed
STU-51851,Humanities,12.9,76.1,81.0,86.7,Medium,Passed
STU-51852,Engineering,22.1,74.0,77.9,83.4,Medium,Passed
STU-51853,Computer Science,23.6,86.6,90.9,97.3,High,Passed
STU-51854,Business & Economics,10.6,81.4,72.2,77.3,Medium,Passed
STU-51855,Computer Science,32.9,100.0,93.4,100.0,High,Passed
STU-51856,Computer Science,19.7,78.7,87.8,94.0,Medium,Passed
STU-51857,Computer Science,9.8,82.3,75.0,80.3,Medium,Passed
STU-51858,Computer Science,12.3,85.0,78.2,83.7,Medium,Passed
STU-51859,Humanities,16.8,97.2,72.9,78.0,Medium,Passed
STU-51860,Humanities,21.0,88.7,93.4,100.0,High,Passed
STU-51861,Engineering,5.3,72.4,63.7,68.2,Medium,Passed
STU-51862,Business & Economics,21.1,70.8,81.6,87.4,Medium,Passed
STU-51863,Humanities,23.0,79.8,79.3,84.9,Medium,Passed
STU-51864,Engineering,22.8,86.2,84.1,90.0,High,Passed
STU-51865,Engineering,17.9,96.8,85.0,91.0,Medium,Passed
STU-51866,Data Science,14.4,76.9,76.4,81.8,Medium,Passed
STU-51867,Computer Science,25.5,94.7,91.0,97.4,High,Passed
STU-51868,Business & Economics,24.6,78.6,81.5,87.3,Medium,Passed
STU-51869,Business & Economics,17.9,82.5,77.2,82.6,Medium,Passed
STU-51870,Business & Economics,28.7,93.8,93.4,100.0,High,Passed
STU-51871,Data Science,19.3,78.7,82.4,88.2,Medium,Passed
STU-51872,Business & Economics,12.7,76.4,63.9,68.4,Medium,Passed
STU-51873,Computer Science,14.9,77.7,75.4,80.7,Medium,Passed
STU-51874,Engineering,10.8,100.0,83.1,89.0,Medium,Passed
STU-51875,Engineering,18.7,70.4,73.8,79.0,Medium,Passed
STU-51876,Data Science,15.7,67.9,75.5,80.8,Low,Passed
STU-51877,Computer Science,26.5,84.5,91.1,97.5,Medium,Passed
STU-51878,Data Science,16.6,92.9,72.5,77.6,Medium,Passed
STU-51879,Humanities,29.6,70.9,91.6,98.1,Medium,Passed
STU-51880,Computer Science,14.2,61.4,70.8,75.8,Low,Passed
STU-51881,Computer Science,20.2,86.8,84.9,90.9,High,Passed
STU-51882,Engineering,12.5,79.6,71.5,76.6,Medium,Passed
STU-51883,Data Science,28.6,63.8,79.5,85.1,Low,Passed
STU-51884,Computer Science,20.9,99.4,86.1,92.2,High,Passed
STU-51885,Engineering,9.3,90.7,83.8,89.7,Medium,Passed
STU-51886,Data Science,11.3,93.5,90.5,96.9,Medium,Passed
STU-51887,Business & Economics,16.4,93.1,86.4,92.5,Medium,Passed
STU-51888,Humanities,15.6,72.5,69.5,74.4,Medium,Passed
STU-51889,Data Science,27.7,68.6,82.9,88.8,Low,Passed
STU-51890,Engineering,20.1,80.1,81.0,86.7,Medium,Passed
STU-51891,Computer Science,12.6,90.8,82.2,88.0,Medium,Passed
STU-51892,Computer Science,2.0,75.6,72.1,77.2,Medium,Passed
STU-51893,Business & Economics,11.2,73.9,64.0,68.5,Medium,Passed
STU-51894,Engineering,27.0,71.6,75.8,81.1,Medium,Passed
STU-51895,Engineering,18.1,64.2,75.9,81.3,Low,Passed
STU-51896,Computer Science,23.3,93.5,83.9,89.8,High,Passed
STU-51897,Computer Science,14.5,66.0,76.1,81.5,Low,Passed
STU-51898,Computer Science,16.8,100.0,91.0,97.4,Medium,Passed
STU-51899,Computer Science,11.0,92.3,66.9,71.6,Medium,Passed
STU-51900,Engineering,16.5,100.0,89.1,95.4,Medium,Passed
STU-51901,Data Science,27.1,76.7,89.3,95.6,Medium,Passed
STU-51902,Business & Economics,28.5,84.0,87.6,93.8,Medium,Passed
STU-51903,Business & Economics,15.9,84.5,86.2,92.3,Medium,Passed
STU-51904,Computer Science,12.8,70.3,73.6,78.8,Medium,Passed
STU-51905,Engineering,24.3,64.5,76.0,81.4,Low,Passed
STU-51906,Business & Economics,18.0,90.4,85.7,91.8,Medium,Passed
STU-51907,Computer Science,16.3,86.0,80.4,86.1,Medium,Passed
STU-51908,Business & Economics,35.4,91.4,93.4,100.0,High,Passed
STU-51909,Computer Science,24.5,76.2,86.1,92.2,Medium,Passed
STU-51910,Computer Science,8.2,70.6,74.1,79.3,Medium,Passed
STU-51911,Business & Economics,19.1,99.1,81.1,86.8,Medium,Passed
STU-51912,Engineering,18.6,75.6,70.4,75.4,Medium,Passed
STU-51913,Business & Economics,18.4,74.6,79.4,85.0,Medium,Passed
STU-51914,Business & Economics,13.9,83.4,78.1,83.6,Medium,Passed
STU-51915,Humanities,20.5,58.8,71.5,76.6,Low,Passed
STU-51916,Humanities,21.2,69.3,77.5,83.0,Low,Passed
STU-51917,Computer Science,17.7,86.9,81.4,87.1,Medium,Passed
STU-51918,Computer Science,13.3,80.0,80.0,85.6,Medium,Passed
STU-51919,Data Science,10.3,87.3,82.2,88.0,Medium,Passed
STU-51920,Business & Economics,13.8,100.0,75.8,81.1,Medium,Passed
STU-51921,Business & Economics,26.1,100.0,93.4,100.0,High,Passed
STU-51922,Computer Science,12.5,77.1,78.5,84.0,Medium,Passed
STU-51923,Engineering,16.8,62.3,71.8,76.9,Low,Passed
STU-51924,Engineering,15.0,81.3,68.4,73.2,Medium,Passed
STU-51925,Computer Science,30.2,79.6,93.4,100.0,Medium,Passed
STU-51926,Business & Economics,12.8,69.0,75.2,80.5,Low,Passed
STU-51927,Data Science,18.9,72.9,73.0,78.2,Medium,Passed
STU-51928,Engineering,28.9,74.9,93.4,100.0,Medium,Passed
STU-51929,Computer Science,18.7,69.1,74.7,80.0,Low,Passed
STU-51930,Data Science,12.3,73.8,63.7,68.2,Medium,Passed
STU-51931,Business & Economics,16.9,84.0,87.2,93.4,Medium,Passed
STU-51932,Computer Science,23.2,74.1,83.9,89.8,Medium,Passed
STU-51933,Data Science,12.0,84.9,75.8,81.1,Medium,Passed
STU-51934,Engineering,19.5,76.4,74.7,80.0,Medium,Passed
STU-51935,Engineering,18.3,69.9,75.0,80.3,Low,Passed
STU-51936,Data Science,15.4,94.2,82.8,88.6,Medium,Passed
STU-51937,Engineering,27.2,100.0,93.4,100.0,High,Passed
STU-51938,Data Science,20.2,74.3,78.8,84.4,Medium,Passed
STU-51939,Business & Economics,25.4,83.5,93.4,100.0,Medium,Passed
STU-51940,Computer Science,18.8,87.2,87.4,93.6,Medium,Passed
STU-51941,Engineering,10.7,82.1,77.0,82.4,Medium,Passed
STU-51942,Computer Science,14.6,94.4,89.5,95.8,Medium,Passed
STU-51943,Computer Science,18.8,100.0,77.8,83.3,Medium,Passed
STU-51944,Humanities,25.9,86.8,93.4,100.0,High,Passed
STU-51945,Computer Science,29.1,72.1,87.0,93.1,Medium,Passed
STU-51946,Computer Science,18.7,77.3,86.3,92.4,Medium,Passed
STU-51947,Computer Science,17.3,72.9,76.0,81.4,Medium,Passed
STU-51948,Computer Science,18.3,91.0,88.8,95.1,Medium,Passed
STU-51949,Engineering,21.0,75.4,79.4,85.0,Medium,Passed
STU-51950,Computer Science,16.9,87.6,84.0,89.9,Medium,Passed
STU-51951,Engineering,19.9,86.0,91.3,97.7,Medium,Passed
STU-51952,Computer Science,19.4,65.1,74.4,79.7,Low,Passed
STU-51953,Data Science,4.8,86.5,68.5,73.3,Medium,Passed
STU-51954,Business & Economics,20.0,74.4,77.3,82.8,Medium,Passed
STU-51955,Engineering,21.5,88.2,79.9,85.5,High,Passed
STU-51956,Business & Economics,20.4,61.6,72.8,77.9,Low,Passed
STU-51957,Engineering,16.3,73.6,76.6,82.0,Medium,Passed
STU-51958,Engineering,21.0,75.4,93.3,99.9,Medium,Passed
STU-51959,Engineering,20.2,80.3,75.5,80.8,Medium,Passed
STU-51960,Humanities,24.8,76.9,82.6,88.4,Medium,Passed
STU-51961,Business & Economics,24.5,84.0,93.4,100.0,Medium,Passed
STU-51962,Computer Science,11.4,97.2,73.4,78.6,Medium,Passed
STU-51963,Computer Science,15.1,94.7,76.6,82.0,Medium,Passed
STU-51964,Computer Science,12.5,82.0,82.7,88.5,Medium,Passed
STU-51965,Computer Science,16.0,90.4,90.7,97.1,Medium,Passed
STU-51966,Computer Science,20.5,71.4,79.2,84.8,Medium,Passed
STU-51967,Engineering,10.5,100.0,85.1,91.1,Medium,Passed
STU-51968,Engineering,22.4,87.1,75.0,80.3,High,Passed
STU-51969,Engineering,22.1,85.1,84.5,90.5,High,Passed
STU-51970,Computer Science,17.3,78.9,76.5,81.9,Medium,Passed
STU-51971,Computer Science,24.9,91.5,93.4,100.0,High,Passed
STU-51972,Business & Economics,18.9,91.4,81.9,87.7,Medium,Passed
STU-51973,Engineering,13.0,74.1,65.7,70.3,Medium,Passed
STU-51974,Computer Science,22.5,97.1,81.5,87.3,High,Passed
STU-51975,Business & Economics,19.5,75.2,91.2,97.6,Medium,Passed
STU-51976,Data Science,25.1,78.5,89.1,95.4,Medium,Passed
STU-51977,Engineering,18.9,85.6,90.3,96.7,Medium,Passed
STU-51978,Humanities,21.9,73.3,90.6,97.0,Medium,Passed
STU-51979,Computer Science,16.2,78.5,82.9,88.7,Medium,Passed
STU-51980,Computer Science,33.6,82.4,93.4,100.0,Medium,Passed
STU-51981,Computer Science,16.7,78.3,71.0,76.0,Medium,Passed
STU-51982,Engineering,12.1,66.6,68.7,73.5,Low,Passed
STU-51983,Computer Science,24.9,76.6,71.9,77.0,Medium,Passed
STU-51984,Humanities,19.7,76.4,82.8,88.6,Medium,Passed
STU-51985,Computer Science,22.0,87.8,93.4,100.0,High,Passed
STU-51986,Data Science,12.6,80.9,73.5,78.7,Medium,Passed
STU-51987,Engineering,9.2,94.1,78.5,84.0,Medium,Passed
STU-51988,Computer Science,23.5,100.0,93.4,100.0,High,Passed
STU-51989,Data Science,20.5,82.4,75.9,81.3,Medium,Passed
STU-51990,Engineering,29.9,66.2,85.6,91.6,Low,Passed
STU-51991,Data Science,16.3,79.3,74.9,80.2,Medium,Passed
STU-51992,Computer Science,20.4,75.0,86.4,92.5,Medium,Passed
STU-51993,Engineering,27.1,75.7,89.3,95.6,Medium,Passed
STU-51994,Engineering,17.1,72.2,68.3,73.1,Medium,Passed
STU-51995,Engineering,7.4,65.4,58.1,62.2,Low,Passed
STU-51996,Engineering,14.3,82.5,78.8,84.4,Medium,Passed
STU-51997,Business & Economics,24.0,67.4,85.6,91.6,Low,Passed
STU-51998,Humanities,13.2,88.0,71.5,76.6,Medium,Passed
STU-51999,Engineering,24.7,57.1,74.6,79.9,Low,Passed
STU-52000,Engineering,29.9,70.2,90.6,97.0,Medium,Passed
STU-52001,Humanities,14.0,100.0,92.4,98.9,Medium,Passed
STU-52002,Computer Science,23.0,70.5,73.2,78.4,Medium,Passed
STU-52003,Business & Economics,13.1,74.7,70.4,75.4,Medium,Passed
STU-52004,Engineering,14.8,66.1,66.3,71.0,Low,Passed
STU-52005,Computer Science,26.3,78.6,93.4,100.0,Medium,Passed
STU-52006,Computer Science,26.0,90.4,87.8,94.0,High,Passed
STU-52007,Business & Economics,27.0,96.3,85.1,91.1,High,Passed
STU-52008,Humanities,11.9,88.4,77.2,82.6,Medium,Passed
STU-52009,Engineering,18.1,81.9,88.6,94.9,Medium,Passed
STU-52010,Computer Science,19.0,82.2,79.2,84.8,Medium,Passed
STU-52011,Computer Science,9.7,83.2,73.1,78.3,Medium,Passed
STU-52012,Computer Science,23.0,64.2,79.8,85.4,Low,Passed
STU-52013,Business & Economics,15.1,70.6,78.6,84.1,Medium,Passed
STU-52014,Computer Science,10.4,88.2,69.1,74.0,Medium,Passed
STU-52015,Computer Science,10.1,58.6,59.5,63.7,Low,Passed
STU-52016,Engineering,16.1,65.8,67.0,71.7,Low,Passed
STU-52017,Engineering,20.2,78.6,71.5,76.6,Medium,Passed
STU-52018,Engineering,11.5,100.0,75.9,81.3,Medium,Passed
STU-52019,Data Science,24.4,51.8,82.9,88.8,Low,Passed
STU-52020,Engineering,25.8,84.2,90.8,97.2,Medium,Passed
STU-52021,Business & Economics,18.7,85.2,75.2,80.5,Medium,Passed
STU-52022,Engineering,22.0,69.9,79.6,85.2,Low,Passed
STU-52023,Computer Science,18.8,67.9,81.6,87.4,Low,Passed
STU-52024,Business & Economics,19.4,80.6,70.9,75.9,Medium,Passed
STU-52025,Engineering,10.3,96.7,87.3,93.5,Medium,Passed
STU-52026,Data Science,9.4,88.9,78.6,84.2,Medium,Passed
STU-52027,Engineering,15.7,73.4,78.5,84.0,Medium,Passed
STU-52028,Computer Science,22.2,78.3,91.4,97.8,Medium,Passed
STU-52029,Computer Science,18.0,80.8,92.7,99.2,Medium,Passed
STU-52030,Computer Science,12.1,71.7,60.7,65.0,Medium,Passed
STU-52031,Business & Economics,24.3,76.0,85.2,91.2,Medium,Passed
STU-52032,Engineering,13.6,86.5,88.5,94.8,Medium,Passed
STU-52033,Business & Economics,17.0,72.3,76.1,81.5,Medium,Passed
STU-52034,Computer Science,15.1,95.3,83.7,89.6,Medium,Passed
STU-52035,Computer Science,26.8,70.3,88.6,94.9,Medium,Passed
STU-52036,Business & Economics,9.7,78.1,73.7,78.9,Medium,Passed
STU-52037,Engineering,26.7,90.6,86.9,93.0,High,Passed
STU-52038,Business & Economics,19.1,98.2,92.8,99.4,Medium,Passed
STU-52039,Business & Economics,18.0,79.3,81.9,87.7,Medium,Passed
STU-52040,Data Science,18.9,61.3,76.4,81.8,Low,Passed
STU-52041,Data Science,18.1,84.2,89.7,96.0,Medium,Passed
STU-52042,Computer Science,26.1,93.7,93.4,100.0,High,Passed
STU-52043,Computer Science,18.3,81.8,75.1,80.4,Medium,Passed
STU-52044,Computer Science,21.8,85.4,81.9,87.7,High,Passed
STU-52045,Business & Economics,18.6,79.1,77.9,83.4,Medium,Passed
STU-52046,Engineering,7.6,96.2,71.3,76.3,Medium,Passed
STU-52047,Business & Economics,24.5,94.4,93.4,100.0,High,Passed
STU-52048,Engineering,15.3,86.2,87.6,93.8,Medium,Passed
STU-52049,Engineering,13.5,80.0,78.0,83.5,Medium,Passed
STU-52050,Business & Economics,17.2,90.0,85.6,91.6,Medium,Passed
STU-52051,Engineering,22.2,71.9,67.5,72.3,Medium,Passed
STU-52052,Engineering,21.1,58.6,85.0,91.0,Low,Passed
STU-52053,Computer Science,16.8,79.2,79.8,85.4,Medium,Passed
STU-52054,Humanities,14.1,86.1,89.3,95.6,Medium,Passed
STU-52055,Computer Science,20.3,90.4,81.6,87.4,High,Passed
STU-52056,Data Science,20.0,71.5,77.9,83.4,Medium,Passed
STU-52057,Engineering,19.6,84.2,86.6,92.7,Medium,Passed
STU-52058,Computer Science,11.6,66.7,67.4,72.2,Low,Passed
STU-52059,Engineering,15.5,90.7,86.8,92.9,Medium,Passed
STU-52060,Computer Science,19.5,80.9,82.6,88.4,Medium,Passed
STU-52061,Data Science,26.6,99.0,93.4,100.0,High,Passed
STU-52062,Engineering,24.6,88.9,89.5,95.8,High,Passed
STU-52063,Computer Science,10.3,98.0,84.1,90.0,Medium,Passed
STU-52064,Business & Economics,16.3,90.9,81.4,87.2,Medium,Passed
STU-52065,Engineering,17.5,86.1,80.8,86.5,Medium,Passed
STU-52066,Engineering,22.8,91.1,90.7,97.1,High,Passed
STU-52067,Computer Science,20.7,82.5,93.4,100.0,Medium,Passed
STU-52068,Engineering,12.3,99.5,85.5,91.5,Medium,Passed
STU-52069,Data Science,21.0,78.2,79.1,84.7,Medium,Passed
STU-52070,Business & Economics,22.9,92.0,80.9,86.6,High,Passed
STU-52071,Business & Economics,21.0,99.5,93.4,100.0,High,Passed
STU-52072,Engineering,25.4,82.8,84.9,90.9,Medium,Passed
STU-52073,Data Science,18.6,70.5,74.0,79.2,Medium,Passed
STU-52074,Computer Science,20.1,94.9,84.1,90.0,High,Passed
STU-52075,Data Science,25.2,72.5,87.5,93.7,Medium,Passed
STU-52076,Computer Science,30.6,76.9,81.4,87.1,Medium,Passed
STU-52077,Humanities,21.3,85.9,87.7,93.9,High,Passed
STU-52078,Computer Science,17.6,100.0,93.4,100.0,Medium,Passed
STU-52079,Data Science,25.3,96.0,92.0,98.5,High,Passed
STU-52080,Computer Science,24.8,82.6,81.9,87.7,Medium,Passed
STU-52081,Computer Science,26.7,84.1,79.2,84.8,Medium,Passed
STU-52082,Computer Science,26.8,55.8,84.6,90.6,Low,Passed
STU-52083,Humanities,15.0,64.1,68.5,73.3,Low,Passed
STU-52084,Data Science,19.8,61.0,69.4,74.3,Low,Passed
STU-52085,Engineering,18.3,94.9,93.4,100.0,Medium,Passed
STU-52086,Engineering,24.8,77.6,88.5,94.7,Medium,Passed
STU-52087,Business & Economics,22.5,89.1,92.8,99.4,High,Passed
STU-52088,Data Science,16.3,82.3,83.7,89.6,Medium,Passed
STU-52089,Engineering,18.2,92.8,93.4,100.0,Medium,Passed
STU-52090,Engineering,27.3,76.2,92.8,99.3,Medium,Passed
STU-52091,Business & Economics,23.3,79.4,84.5,90.5,Medium,Passed
STU-52092,Business & Economics,24.6,81.7,93.4,100.0,Medium,Passed
STU-52093,Computer Science,18.6,69.8,85.3,91.3,Low,Passed
STU-52094,Engineering,19.4,84.7,84.1,90.0,Medium,Passed
STU-52095,Engineering,23.5,78.9,79.3,84.9,Medium,Passed
STU-52096,Computer Science,23.7,65.3,73.6,78.8,Low,Passed
STU-52097,Business & Economics,10.1,74.4,73.8,79.0,Medium,Passed
STU-52098,Data Science,26.0,83.2,88.9,95.2,Medium,Passed
STU-52099,Engineering,16.8,69.4,83.6,89.5,Low,Passed
STU-52100,Engineering,17.5,69.1,71.3,76.3,Low,Passed
STU-52101,Engineering,16.8,71.6,77.1,82.5,Medium,Passed
STU-52102,Computer Science,19.5,100.0,92.7,99.2,Medium,Passed
STU-52103,Computer Science,11.6,80.6,69.5,74.4,Medium,Passed
STU-52104,Computer Science,13.0,98.9,81.4,87.1,Medium,Passed
STU-52105,Computer Science,22.5,67.5,80.4,86.1,Low,Passed
STU-52106,Data Science,16.9,91.4,79.7,85.3,Medium,Passed
STU-52107,Humanities,32.1,46.6,78.1,83.6,Low,Passed
STU-52108,Data Science,22.1,81.1,82.8,88.6,Medium,Passed
STU-52109,Computer Science,18.7,100.0,89.5,95.8,Medium,Passed
STU-52110,Computer Science,24.4,77.2,86.8,92.9,Medium,Passed
STU-52111,Data Science,15.1,70.4,72.4,77.5,Medium,Passed
STU-52112,Engineering,27.2,100.0,93.4,100.0,High,Passed
STU-52113,Data Science,12.8,67.4,73.4,78.6,Low,Passed
STU-52114,Humanities,23.7,77.8,86.4,92.5,Medium,Passed
STU-52115,Engineering,15.5,70.8,80.7,86.4,Medium,Passed
STU-52116,Computer Science,22.1,97.1,93.4,100.0,High,Passed
STU-52117,Humanities,23.6,64.9,76.0,81.4,Low,Passed
STU-52118,Business & Economics,20.7,73.1,81.2,86.9,Medium,Passed
STU-52119,Computer Science,17.0,84.0,74.0,79.2,Medium,Passed
STU-52120,Business & Economics,21.0,56.2,79.6,85.2,Low,Passed
STU-52121,Data Science,20.1,92.3,93.4,100.0,High,Passed
STU-52122,Computer Science,14.5,75.8,74.8,80.1,Medium,Passed
STU-52123,Engineering,17.3,89.0,85.6,91.6,Medium,Passed
STU-52124,Computer Science,23.1,82.5,88.6,94.9,Medium,Passed
STU-52125,Engineering,23.4,77.2,86.6,92.7,Medium,Passed
STU-52126,Computer Science,13.2,100.0,86.4,92.5,Medium,Passed
STU-52127,Computer Science,16.4,58.7,68.6,73.4,Low,Passed
STU-52128,Computer Science,17.1,80.0,82.8,88.6,Medium,Passed
STU-52129,Computer Science,17.4,84.0,93.4,100.0,Medium,Passed
STU-52130,Engineering,25.8,80.3,80.5,86.2,Medium,Passed
STU-52131,Humanities,11.7,100.0,78.9,84.5,Medium,Passed
STU-52132,Data Science,26.8,77.5,85.8,91.9,Medium,Passed
STU-52133,Business & Economics,26.1,88.3,93.4,100.0,High,Passed
STU-52134,Data Science,15.6,81.1,86.4,92.5,Medium,Passed
STU-52135,Computer Science,27.1,95.4,92.8,99.4,High,Passed
STU-52136,Computer Science,23.5,82.5,87.1,93.3,Medium,Passed
STU-52137,Business & Economics,21.9,100.0,93.4,100.0,High,Passed
STU-52138,Data Science,24.6,82.7,84.8,90.8,Medium,Passed
STU-52139,Data Science,13.5,72.2,88.4,94.6,Medium,Passed
STU-52140,Engineering,24.6,97.4,93.4,100.0,High,Passed
STU-52141,Business & Economics,18.0,67.8,80.0,85.7,Low,Passed
STU-52142,Engineering,19.3,62.0,80.0,85.6,Low,Passed
STU-52143,Engineering,23.4,87.9,92.0,98.5,High,Passed
STU-52144,Engineering,27.5,77.5,93.4,100.0,Medium,Passed
STU-52145,Engineering,16.8,69.4,69.9,74.8,Low,Passed
STU-52146,Data Science,19.8,100.0,89.4,95.7,Medium,Passed
STU-52147,Computer Science,16.8,79.1,83.9,89.8,Medium,Passed
STU-52148,Engineering,9.3,65.7,67.5,72.3,Low,Passed
STU-52149,Engineering,15.4,88.7,82.4,88.2,Medium,Passed
STU-52150,Business & Economics,24.8,70.5,84.2,90.1,Medium,Passed
STU-52151,Business & Economics,23.6,75.8,78.7,84.3,Medium,Passed
STU-52152,Business & Economics,11.1,90.8,81.5,87.3,Medium,Passed
STU-52153,Data Science,19.4,85.3,85.2,91.2,Medium,Passed
STU-52154,Computer Science,27.8,81.5,84.7,90.7,Medium,Passed
STU-52155,Data Science,18.7,82.2,76.9,82.3,Medium,Passed
STU-52156,Computer Science,20.7,90.3,88.1,94.3,High,Passed
STU-52157,Humanities,17.3,83.2,89.4,95.7,Medium,Passed
STU-52158,Business & Economics,10.5,87.4,76.4,81.8,Medium,Passed
STU-52159,Data Science,21.3,85.5,88.8,95.1,High,Passed
STU-52160,Computer Science,25.7,84.2,88.8,95.1,Medium,Passed
STU-52161,Computer Science,25.1,78.6,92.2,98.7,Medium,Passed
STU-52162,Humanities,21.3,72.8,71.3,76.3,Medium,Passed
STU-52163,Business & Economics,13.7,62.7,76.6,82.0,Low,Passed
STU-52164,Computer Science,15.0,88.6,84.4,90.4,Medium,Passed
STU-52165,Computer Science,14.3,81.4,85.7,91.8,Medium,Passed
STU-52166,Data Science,7.2,100.0,77.7,83.2,Medium,Passed
STU-52167,Business & Economics,16.4,100.0,89.8,96.1,Medium,Passed
STU-52168,Computer Science,20.8,79.7,84.8,90.8,Medium,Passed
STU-52169,Computer Science,16.3,74.9,77.4,82.9,Medium,Passed
STU-52170,Data Science,17.9,81.0,74.4,79.6,Medium,Passed
STU-52171,Engineering,24.4,78.9,86.8,92.9,Medium,Passed
STU-52172,Business & Economics,19.5,62.0,71.5,76.6,Low,Passed
STU-52173,Business & Economics,20.5,85.4,87.8,94.0,High,Passed
STU-52174,Data Science,25.9,85.0,82.3,88.1,Medium,Passed
STU-52175,Business & Economics,19.8,100.0,91.3,97.7,Medium,Passed
STU-52176,Business & Economics,30.1,100.0,93.4,100.0,High,Passed
STU-52177,Computer Science,13.8,91.4,80.1,85.8,Medium,Passed
STU-52178,Engineering,18.6,77.1,76.9,82.3,Medium,Passed
STU-52179,Engineering,25.5,83.2,92.5,99.0,Medium,Passed
STU-52180,Computer Science,30.0,90.5,93.1,99.7,High,Passed
STU-52181,Engineering,21.2,95.5,90.5,96.9,High,Passed
STU-52182,Humanities,22.9,74.3,85.5,91.5,Medium,Passed
STU-52183,Engineering,13.2,74.7,73.8,79.0,Medium,Passed
STU-52184,Computer Science,19.8,66.0,68.6,73.4,Low,Passed
STU-52185,Data Science,22.6,92.5,93.4,100.0,High,Passed
STU-52186,Computer Science,24.5,67.4,84.3,90.3,Low,Passed
STU-52187,Computer Science,12.9,66.9,70.2,75.2,Low,Passed
STU-52188,Business & Economics,12.0,92.0,78.7,84.3,Medium,Passed
STU-52189,Computer Science,13.0,73.0,68.9,73.8,Medium,Passed
STU-52190,Computer Science,25.7,94.4,93.4,100.0,High,Passed
STU-52191,Data Science,15.5,88.4,77.9,83.4,Medium,Passed
STU-52192,Engineering,18.3,80.2,90.0,96.4,Medium,Passed
STU-52193,Engineering,20.1,75.1,84.0,89.9,Medium,Passed
STU-52194,Humanities,15.6,61.1,70.8,75.8,Low,Passed
STU-52195,Computer Science,13.1,96.9,81.8,87.6,Medium,Passed
STU-52196,Engineering,9.3,80.1,69.8,74.7,Medium,Passed
STU-52197,Computer Science,17.6,86.0,80.9,86.6,Medium,Passed
STU-52198,Business & Economics,12.8,79.7,64.6,69.2,Medium,Passed
STU-52199,Business & Economics,20.8,97.7,93.4,100.0,High,Passed
STU-52200,Computer Science,22.0,59.6,74.4,79.6,Low,Passed
STU-52201,Engineering,16.8,100.0,83.6,89.5,Medium,Passed
STU-52202,Computer Science,17.6,82.9,74.6,79.9,Medium,Passed
STU-52203,Computer Science,24.0,100.0,90.1,96.5,High,Passed
STU-52204,Data Science,36.4,84.0,93.4,100.0,Medium,Passed
STU-52205,Computer Science,18.7,74.6,69.7,74.6,Medium,Passed
STU-52206,Computer Science,19.6,85.0,77.7,83.2,Medium,Passed
STU-52207,Computer Science,26.0,100.0,93.4,100.0,High,Passed
STU-52208,Business & Economics,7.6,70.0,63.2,67.7,Low,Passed
STU-52209,Data Science,15.8,78.4,87.0,93.1,Medium,Passed
STU-52210,Business & Economics,4.7,95.6,72.6,77.7,Medium,Passed
STU-52211,Data Science,18.3,79.6,78.3,83.8,Medium,Passed
STU-52212,Engineering,29.2,78.1,90.9,97.3,Medium,Passed
STU-52213,Humanities,9.5,87.7,80.0,85.6,Medium,Passed
STU-52214,Engineering,17.6,84.5,86.8,92.9,Medium,Passed
STU-52215,Humanities,4.5,91.2,75.2,80.5,Medium,Passed
STU-52216,Engineering,31.4,100.0,93.4,100.0,High,Passed
STU-52217,Computer Science,23.6,74.5,85.1,91.1,Medium,Passed
STU-52218,Data Science,15.4,70.6,76.1,81.5,Medium,Passed
STU-52219,Business & Economics,18.1,76.6,76.5,81.9,Medium,Passed
STU-52220,Engineering,12.4,88.8,80.5,86.2,Medium,Passed
STU-52221,Computer Science,15.9,66.5,73.5,78.7,Low,Passed
STU-52222,Computer Science,22.7,69.1,84.3,90.2,Low,Passed
STU-52223,Computer Science,11.2,67.3,64.7,69.3,Low,Passed
STU-52224,Computer Science,25.2,70.3,84.5,90.5,Medium,Passed
STU-52225,Business & Economics,14.1,92.7,92.4,98.9,Medium,Passed
STU-52226,Computer Science,11.6,85.2,75.0,80.3,Medium,Passed
STU-52227,Data Science,20.7,97.9,91.1,97.5,High,Passed
STU-52228,Engineering,14.5,88.1,79.7,85.3,Medium,Passed
STU-52229,Computer Science,26.1,77.1,90.1,96.5,Medium,Passed
STU-52230,Humanities,20.0,86.8,76.2,81.6,Medium,Passed
STU-52231,Engineering,22.8,81.1,92.7,99.2,Medium,Passed
STU-52232,Business & Economics,18.3,100.0,91.2,97.6,Medium,Passed
STU-52233,Engineering,18.2,65.0,79.1,84.7,Low,Passed
STU-52234,Computer Science,15.1,96.7,93.4,100.0,Medium,Passed
STU-52235,Computer Science,22.7,81.3,89.7,96.0,Medium,Passed
STU-52236,Humanities,16.6,50.2,69.8,74.7,Low,Passed
STU-52237,Computer Science,19.2,83.4,76.1,81.5,Medium,Passed
STU-52238,Data Science,17.1,84.0,86.2,92.3,Medium,Passed
STU-52239,Business & Economics,24.0,74.9,85.6,91.6,Medium,Passed
STU-52240,Data Science,16.5,89.7,83.0,88.9,Medium,Passed
STU-52241,Business & Economics,17.2,77.3,74.4,79.7,Medium,Passed
STU-52242,Computer Science,23.8,63.7,75.8,81.1,Low,Passed
STU-52243,Engineering,26.9,79.2,89.8,96.1,Medium,Passed
STU-52244,Computer Science,12.6,80.9,72.2,77.3,Medium,Passed
STU-52245,Engineering,23.0,72.3,79.9,85.5,Medium,Passed
STU-52246,Data Science,22.5,70.1,84.1,90.0,Medium,Passed
STU-52247,Computer Science,24.4,77.5,78.4,83.9,Medium,Passed
STU-52248,Data Science,18.6,86.8,92.7,99.2,Medium,Passed
STU-52249,Business & Economics,14.8,84.5,73.9,79.1,Medium,Passed
STU-52250,Business & Economics,16.3,99.1,93.4,100.0,Medium,Passed
STU-52251,Engineering,14.7,93.1,81.6,87.4,Medium,Passed
STU-52252,Engineering,16.7,81.8,70.3,75.3,Medium,Passed
STU-52253,Data Science,30.6,95.4,93.4,100.0,High,Passed
STU-52254,Humanities,12.6,81.1,82.6,88.4,Medium,Passed
STU-52255,Computer Science,22.2,69.4,79.5,85.1,Low,Passed
STU-52256,Business & Economics,21.0,98.7,93.4,100.0,High,Passed
STU-52257,Computer Science,14.5,92.4,74.0,79.2,Medium,Passed
STU-52258,Engineering,17.2,81.8,83.6,89.5,Medium,Passed
STU-52259,Computer Science,9.1,67.0,64.8,69.4,Low,Passed
STU-52260,Computer Science,25.7,75.0,84.4,90.4,Medium,Passed
STU-52261,Business & Economics,17.5,90.8,81.4,87.2,Medium,Passed
STU-52262,Business & Economics,22.3,73.8,90.4,96.8,Medium,Passed
STU-52263,Business & Economics,23.3,63.5,83.6,89.5,Low,Passed
STU-52264,Computer Science,20.8,84.7,83.5,89.4,Medium,Passed
STU-52265,Data Science,22.4,85.0,79.2,84.8,Medium,Passed
STU-52266,Engineering,26.3,89.2,89.2,95.5,High,Passed
STU-52267,Engineering,26.0,72.9,89.2,95.5,Medium,Passed
STU-52268,Business & Economics,14.3,77.0,76.5,81.9,Medium,Passed
STU-52269,Engineering,9.4,77.0,76.3,81.7,Medium,Passed
STU-52270,Business & Economics,25.3,93.0,84.5,90.5,High,Passed
STU-52271,Engineering,18.3,100.0,93.4,100.0,Medium,Passed
STU-52272,Computer Science,30.3,83.2,92.2,98.7,Medium,Passed
STU-52273,Computer Science,20.4,90.9,87.2,93.4,High,Passed
STU-52274,Engineering,16.9,93.8,88.1,94.3,Medium,Passed
STU-52275,Computer Science,17.3,51.4,71.3,76.3,Low,Passed
STU-52276,Engineering,10.8,63.2,63.0,67.4,Low,Passed
STU-52277,Computer Science,17.1,69.9,80.8,86.5,Low,Passed
STU-52278,Engineering,5.4,94.9,75.8,81.1,Medium,Passed
STU-52279,Engineering,22.3,75.1,77.6,83.1,Medium,Passed
STU-52280,Engineering,22.1,77.1,78.2,83.7,Medium,Passed
STU-52281,Computer Science,21.0,88.8,78.1,83.6,High,Passed
STU-52282,Computer Science,21.8,87.5,93.4,100.0,High,Passed
STU-52283,Computer Science,24.3,83.3,87.5,93.7,Medium,Passed
STU-52284,Humanities,20.2,93.9,93.1,99.7,High,Passed
STU-52285,Engineering,15.6,72.3,81.8,87.6,Medium,Passed
STU-52286,Engineering,16.9,57.0,70.2,75.2,Low,Passed
STU-52287,Computer Science,9.1,85.2,68.3,73.1,Medium,Passed
STU-52288,Humanities,14.5,92.4,79.4,85.0,Medium,Passed
STU-52289,Engineering,17.9,88.7,93.2,99.8,Medium,Passed
STU-52290,Computer Science,23.0,77.0,82.9,88.7,Medium,Passed
STU-52291,Data Science,27.5,76.8,84.2,90.1,Medium,Passed
STU-52292,Computer Science,12.8,91.3,83.5,89.4,Medium,Passed
STU-52293,Engineering,22.3,72.1,79.8,85.4,Medium,Passed
STU-52294,Data Science,20.6,83.8,77.2,82.7,Medium,Passed
STU-52295,Business & Economics,18.1,88.6,83.2,89.1,Medium,Passed
STU-52296,Business & Economics,16.2,86.6,89.0,95.3,Medium,Passed
STU-52297,Computer Science,23.6,62.6,76.5,81.9,Low,Passed
STU-52298,Computer Science,20.4,93.2,84.4,90.4,High,Passed
STU-52299,Engineering,30.3,76.7,84.9,90.9,Medium,Passed
STU-52300,Business & Economics,25.2,81.0,89.6,95.9,Medium,Passed
STU-52301,Business & Economics,19.0,84.6,77.3,82.8,Medium,Passed
STU-52302,Data Science,10.5,73.2,62.8,67.2,Medium,Passed
STU-52303,Computer Science,19.5,73.6,71.5,76.6,Medium,Passed
STU-52304,Data Science,26.2,63.5,77.3,82.8,Low,Passed
STU-52305,Business & Economics,27.6,76.6,87.4,93.6,Medium,Passed
STU-52306,Data Science,18.9,74.5,71.0,76.0,Medium,Passed
STU-52307,Business & Economics,22.9,85.8,88.8,95.1,High,Passed
STU-52308,Engineering,11.3,84.0,73.0,78.2,Medium,Passed
STU-52309,Business & Economics,21.9,87.7,76.8,82.2,High,Passed
STU-52310,Computer Science,21.8,99.9,86.3,92.4,High,Passed
STU-52311,Business & Economics,17.5,93.6,90.7,97.1,Medium,Passed
STU-52312,Computer Science,26.6,80.0,80.5,86.2,Medium,Passed
STU-52313,Data Science,18.6,63.0,66.8,71.5,Low,Passed
STU-52314,Computer Science,14.5,91.7,74.8,80.1,Medium,Passed
STU-52315,Engineering,18.1,84.6,92.4,98.9,Medium,Passed
STU-52316,Business & Economics,20.8,82.7,78.0,83.5,Medium,Passed
STU-52317,Business & Economics,17.9,93.1,83.0,88.9,Medium,Passed
STU-52318,Engineering,22.6,93.4,89.0,95.3,High,Passed
STU-52319,Humanities,17.5,60.6,62.3,66.7,Low,Passed
STU-52320,Computer Science,21.5,85.0,83.0,88.9,Medium,Passed
STU-52321,Computer Science,14.0,73.2,69.4,74.3,Medium,Passed
STU-52322,Engineering,20.1,66.0,77.6,83.1,Low,Passed
STU-52323,Computer Science,12.4,73.0,64.4,68.9,Medium,Passed
STU-52324,Computer Science,13.6,72.8,71.0,76.0,Medium,Passed
STU-52325,Computer Science,21.3,67.9,86.6,92.7,Low,Passed
STU-52326,Business & Economics,23.8,80.0,81.7,87.5,Medium,Passed
STU-52327,Computer Science,29.1,68.7,88.6,94.9,Low,Passed
STU-52328,Business & Economics,19.8,69.3,76.8,82.2,Low,Passed
STU-52329,Engineering,31.0,74.0,91.4,97.9,Medium,Passed
STU-52330,Computer Science,21.2,74.6,78.2,83.7,Medium,Passed
STU-52331,Computer Science,14.1,70.3,69.9,74.8,Medium,Passed
STU-52332,Business & Economics,17.7,90.1,81.8,87.6,Medium,Passed
STU-52333,Computer Science,25.2,82.5,82.4,88.2,Medium,Passed
STU-52334,Computer Science,18.1,77.1,85.7,91.7,Medium,Passed
STU-52335,Computer Science,9.5,83.7,79.0,84.6,Medium,Passed
STU-52336,Computer Science,26.2,69.5,81.3,87.0,Low,Passed
STU-52337,Engineering,17.1,99.8,85.6,91.6,Medium,Passed
STU-52338,Business & Economics,24.8,87.9,93.4,100.0,High,Passed
STU-52339,Data Science,17.7,84.9,77.9,83.4,Medium,Passed
STU-52340,Engineering,18.7,83.7,80.9,86.6,Medium,Passed
STU-52341,Data Science,24.2,88.8,82.3,88.1,High,Passed
STU-52342,Business & Economics,18.5,91.1,89.7,96.0,Medium,Passed
STU-52343,Business & Economics,16.2,86.2,88.6,94.9,Medium,Passed
STU-52344,Computer Science,6.4,72.6,73.5,78.7,Medium,Passed
STU-52345,Engineering,8.5,83.1,60.0,64.2,Medium,Passed
STU-52346,Computer Science,22.4,82.1,90.5,96.9,Medium,Passed
STU-52347,Data Science,25.6,85.5,93.4,100.0,High,Passed
STU-52348,Engineering,27.0,79.2,93.4,100.0,Medium,Passed
STU-52349,Business & Economics,17.9,96.2,89.4,95.7,Medium,Passed
STU-52350,Data Science,19.2,81.3,82.0,87.8,Medium,Passed
STU-52351,Business & Economics,16.6,62.7,72.0,77.1,Low,Passed
STU-52352,Engineering,17.2,95.0,78.5,84.0,Medium,Passed
STU-52353,Engineering,27.1,73.7,82.3,88.1,Medium,Passed
STU-52354,Business & Economics,14.1,99.6,81.8,87.6,Medium,Passed
STU-52355,Business & Economics,12.1,81.5,72.9,78.1,Medium,Passed
STU-52356,Business & Economics,25.6,95.7,93.4,100.0,High,Passed
STU-52357,Computer Science,15.8,78.0,77.5,83.0,Medium,Passed
STU-52358,Data Science,22.4,46.8,72.7,77.8,Low,Passed
STU-52359,Computer Science,23.3,90.9,88.9,95.2,High,Passed
STU-52360,Engineering,8.7,87.3,70.0,74.9,Medium,Passed
STU-52361,Business & Economics,35.3,82.4,93.4,100.0,Medium,Passed
STU-52362,Engineering,10.5,69.2,67.1,71.8,Low,Passed
STU-52363,Computer Science,13.3,100.0,82.9,88.8,Medium,Passed
STU-52364,Business & Economics,16.3,68.9,69.6,74.5,Low,Passed
STU-52365,Data Science,20.0,81.5,78.9,84.5,Medium,Passed
STU-52366,Business & Economics,19.3,70.6,85.3,91.3,Medium,Passed
STU-52367,Data Science,20.6,65.5,77.5,83.0,Low,Passed
STU-52368,Business & Economics,17.9,83.4,84.0,89.9,Medium,Passed
STU-52369,Computer Science,25.5,93.3,89.2,95.5,High,Passed
STU-52370,Engineering,35.2,84.7,93.4,100.0,Medium,Passed
STU-52371,Business & Economics,13.3,100.0,77.0,82.4,Medium,Passed
STU-52372,Engineering,17.4,81.4,75.4,80.7,Medium,Passed
STU-52373,Data Science,21.6,58.3,75.1,80.4,Low,Passed
STU-52374,Computer Science,26.4,83.7,84.7,90.7,Medium,Passed
STU-52375,Engineering,26.0,93.3,93.4,100.0,High,Passed
STU-52376,Business & Economics,28.1,94.5,93.4,100.0,High,Passed
STU-52377,Humanities,9.3,80.6,66.6,71.3,Medium,Passed
STU-52378,Business & Economics,26.6,84.1,93.4,100.0,Medium,Passed
STU-52379,Engineering,27.1,72.0,93.4,100.0,Medium,Passed
STU-52380,Computer Science,19.7,95.9,91.4,97.9,Medium,Passed
STU-52381,Humanities,24.1,94.5,88.5,94.8,High,Passed
STU-52382,Computer Science,8.8,91.7,81.4,87.2,Medium,Passed
STU-52383,Engineering,21.7,80.5,84.6,90.6,Medium,Passed
STU-52384,Data Science,24.1,86.8,91.8,98.3,High,Passed
STU-52385,Computer Science,12.8,87.4,77.2,82.6,Medium,Passed
STU-52386,Computer Science,18.6,74.8,82.6,88.4,Medium,Passed
STU-52387,Engineering,20.0,80.9,81.1,86.8,Medium,Passed
STU-52388,Engineering,9.5,82.5,80.5,86.2,Medium,Passed
STU-52389,Computer Science,13.1,65.9,77.0,82.4,Low,Passed
STU-52390,Data Science,25.8,63.8,93.4,100.0,Low,Passed
STU-52391,Business & Economics,5.0,91.6,68.0,72.8,Medium,Passed
STU-52392,Data Science,15.1,89.8,89.6,95.9,Medium,Passed
STU-52393,Business & Economics,20.7,87.2,88.5,94.7,High,Passed
STU-52394,Humanities,14.6,64.7,72.9,78.1,Low,Passed
STU-52395,Business & Economics,16.7,78.6,72.7,77.8,Medium,Passed
STU-52396,Computer Science,16.9,95.4,80.9,86.6,Medium,Passed
STU-52397,Humanities,27.4,69.8,82.4,88.2,Low,Passed
STU-52398,Engineering,15.1,96.6,85.7,91.8,Medium,Passed
STU-52399,Engineering,19.5,90.3,91.9,98.4,Medium,Passed
STU-52400,Data Science,15.8,74.1,78.6,84.1,Medium,Passed
STU-52401,Engineering,24.9,97.8,93.4,100.0,High,Passed
STU-52402,Engineering,19.9,99.4,79.7,85.3,Medium,Passed
STU-52403,Computer Science,15.1,78.8,74.7,80.0,Medium,Passed
STU-52404,Engineering,17.5,93.1,83.8,89.7,Medium,Passed
STU-52405,Data Science,24.2,80.9,78.5,84.0,Medium,Passed
STU-52406,Business & Economics,17.1,90.4,80.8,86.5,Medium,Passed
STU-52407,Computer Science,15.5,64.1,75.6,80.9,Low,Passed
STU-52408,Engineering,19.8,77.7,80.9,86.6,Medium,Passed
STU-52409,Humanities,21.2,79.0,88.5,94.7,Medium,Passed
STU-52410,Computer Science,26.2,67.3,78.1,83.6,Low,Passed
STU-52411,Business & Economics,24.5,83.0,80.9,86.6,Medium,Passed
STU-52412,Data Science,28.6,71.1,91.4,97.8,Medium,Passed
STU-52413,Computer Science,9.9,81.5,77.2,82.7,Medium,Passed
STU-52414,Computer Science,24.1,78.2,88.2,94.4,Medium,Passed
STU-52415,Data Science,21.2,76.6,79.1,84.7,Medium,Passed
STU-52416,Business & Economics,21.3,70.6,76.0,81.4,Medium,Passed
STU-52417,Business & Economics,23.9,89.9,93.0,99.6,High,Passed
STU-52418,Data Science,21.5,75.3,78.0,83.5,Medium,Passed
STU-52419,Business & Economics,10.0,87.1,72.7,77.8,Medium,Passed
STU-52420,Computer Science,15.4,93.6,78.0,83.5,Medium,Passed
STU-52421,Computer Science,26.3,80.2,86.8,92.9,Medium,Passed
STU-52422,Business & Economics,24.1,80.4,88.2,94.4,Medium,Passed
STU-52423,Data Science,22.4,73.0,81.9,87.7,Medium,Passed
STU-52424,Data Science,28.4,89.2,85.7,91.8,High,Passed
STU-52425,Business & Economics,17.4,85.0,81.5,87.3,Medium,Passed
STU-52426,Engineering,9.8,90.7,91.4,97.8,Medium,Passed
STU-52427,Business & Economics,19.2,77.1,79.3,84.9,Medium,Passed
STU-52428,Computer Science,12.6,86.5,82.9,88.8,Medium,Passed
STU-52429,Humanities,14.3,88.4,83.2,89.1,Medium,Passed
STU-52430,Computer Science,23.8,70.9,91.9,98.4,Medium,Passed
STU-52431,Engineering,30.0,90.4,93.4,100.0,High,Passed
STU-52432,Computer Science,11.2,82.5,65.1,69.7,Medium,Passed
STU-52433,Data Science,23.2,75.3,82.0,87.8,Medium,Passed
STU-52434,Computer Science,26.5,65.1,81.2,86.9,Low,Passed
STU-52435,Data Science,18.4,77.5,82.2,88.0,Medium,Passed
STU-52436,Data Science,17.3,93.7,89.1,95.4,Medium,Passed
STU-52437,Data Science,15.8,93.4,78.7,84.3,Medium,Passed
STU-52438,Computer Science,19.2,91.3,91.5,98.0,Medium,Passed
STU-52439,Business & Economics,26.6,62.0,80.0,85.7,Low,Passed
STU-52440,Computer Science,19.7,100.0,88.3,94.5,Medium,Passed
STU-52441,Business & Economics,18.6,80.9,86.0,92.1,Medium,Passed
STU-52442,Engineering,23.7,81.1,88.2,94.4,Medium,Passed
STU-52443,Computer Science,17.7,99.3,82.4,88.2,Medium,Passed
STU-52444,Engineering,21.8,85.8,84.0,89.9,High,Passed
STU-52445,Engineering,19.3,77.2,79.6,85.2,Medium,Passed
STU-52446,Engineering,18.2,85.0,90.1,96.5,Medium,Passed
STU-52447,Business & Economics,19.6,89.3,90.9,97.3,Medium,Passed
STU-52448,Business & Economics,4.7,72.4,60.9,65.2,Medium,Passed
STU-52449,Engineering,18.4,74.6,73.9,79.1,Medium,Passed
STU-52450,Business & Economics,27.1,96.8,93.4,100.0,High,Passed
STU-52451,Engineering,15.5,84.8,78.9,84.5,Medium,Passed
STU-52452,Humanities,22.3,98.9,93.4,100.0,High,Passed
STU-52453,Business & Economics,15.2,77.6,79.5,85.1,Medium,Passed
STU-52454,Humanities,20.3,75.7,86.7,92.8,Medium,Passed
STU-52455,Data Science,24.7,89.4,86.1,92.2,High,Passed
STU-52456,Business & Economics,18.3,80.6,88.5,94.8,Medium,Passed
STU-52457,Business & Economics,18.0,75.4,78.9,84.5,Medium,Passed
STU-52458,Computer Science,15.9,79.4,76.4,81.8,Medium,Passed
STU-52459,Data Science,20.5,85.1,87.2,93.4,High,Passed
STU-52460,Computer Science,13.8,82.7,68.0,72.8,Medium,Passed
STU-52461,Computer Science,27.2,86.5,92.3,98.8,High,Passed
STU-52462,Engineering,14.3,75.5,77.2,82.7,Medium,Passed
STU-52463,Data Science,18.1,78.9,77.4,82.9,Medium,Passed
STU-52464,Data Science,18.4,72.8,70.2,75.2,Medium,Passed
STU-52465,Business & Economics,22.5,94.1,84.3,90.2,High,Passed
STU-52466,Business & Economics,8.8,81.7,74.0,79.2,Medium,Passed
STU-52467,Humanities,19.3,69.1,78.3,83.8,Low,Passed
STU-52468,Engineering,21.9,78.7,93.4,100.0,Medium,Passed
STU-52469,Computer Science,30.9,82.8,93.4,100.0,Medium,Passed
STU-52470,Humanities,14.2,83.4,81.4,87.2,Medium,Passed
STU-52471,Computer Science,27.6,73.7,89.9,96.2,Medium,Passed
STU-52472,Business & Economics,19.8,76.2,76.6,82.0,Medium,Passed
STU-52473,Data Science,14.4,89.2,80.2,85.9,Medium,Passed
STU-52474,Computer Science,9.9,86.8,77.7,83.2,Medium,Passed
STU-52475,Data Science,21.5,88.3,84.0,89.9,High,Passed
STU-52476,Computer Science,17.6,72.1,87.8,94.0,Medium,Passed
STU-52477,Computer Science,17.0,65.7,78.1,83.6,Low,Passed
STU-52478,Humanities,17.4,63.5,73.5,78.7,Low,Passed
STU-52479,Business & Economics,29.0,92.6,82.7,88.5,High,Passed
STU-52480,Humanities,18.0,84.5,89.9,96.2,Medium,Passed
STU-52481,Engineering,22.7,82.4,76.3,81.7,Medium,Passed
STU-52482,Computer Science,23.7,76.7,80.1,85.8,Medium,Passed
STU-52483,Business & Economics,15.0,92.6,80.7,86.4,Medium,Passed
STU-52484,Computer Science,36.8,78.7,93.4,100.0,Medium,Passed
STU-52485,Business & Economics,17.3,87.9,82.7,88.5,Medium,Passed
STU-52486,Engineering,7.1,74.2,57.2,61.2,Medium,Passed
STU-52487,Data Science,15.9,83.8,77.3,82.8,Medium,Passed
STU-52488,Computer Science,2.6,100.0,82.8,88.6,Medium,Passed
STU-52489,Computer Science,14.8,79.7,74.7,80.0,Medium,Passed
STU-52490,Business & Economics,22.5,97.2,92.6,99.1,High,Passed
STU-52491,Computer Science,14.9,85.8,74.2,79.4,Medium,Passed
STU-52492,Data Science,19.8,64.5,75.9,81.3,Low,Passed
STU-52493,Humanities,25.0,76.1,91.4,97.8,Medium,Passed
STU-52494,Engineering,19.5,100.0,90.9,97.3,Medium,Passed
STU-52495,Computer Science,15.8,84.3,82.2,88.0,Medium,Passed
STU-52496,Humanities,14.6,87.0,84.4,90.4,Medium,Passed
STU-52497,Computer Science,27.1,96.5,93.4,100.0,High,Passed
STU-52498,Computer Science,24.5,81.9,80.3,86.0,Medium,Passed
STU-52499,Computer Science,17.3,79.6,73.9,79.1,Medium,Passed
STU-52500,Computer Science,12.4,94.5,76.8,82.2,Medium,Passed
STU-52501,Computer Science,30.9,78.4,93.4,100.0,Medium,Passed
STU-52502,Computer Science,22.1,97.3,88.6,94.9,High,Passed
STU-52503,Business & Economics,12.8,100.0,72.0,77.1,Medium,Passed
STU-52504,Engineering,17.8,64.2,61.3,65.6,Low,Passed
STU-52505,Humanities,13.6,77.4,66.1,70.8,Medium,Passed
STU-52506,Computer Science,24.2,85.0,84.3,90.2,Medium,Passed
STU-52507,Humanities,25.5,70.3,89.9,96.2,Medium,Passed
STU-52508,Engineering,14.8,85.1,79.0,84.6,Medium,Passed
STU-52509,Computer Science,15.3,91.6,89.6,95.9,Medium,Passed
STU-52510,Business & Economics,22.0,79.0,84.3,90.3,Medium,Passed
STU-52511,Computer Science,23.9,78.2,93.4,100.0,Medium,Passed
STU-52512,Data Science,26.6,82.3,85.6,91.6,Medium,Passed
STU-52513,Engineering,13.5,82.1,72.9,78.0,Medium,Passed
STU-52514,Computer Science,16.2,56.9,66.3,71.0,Low,Passed
STU-52515,Computer Science,11.7,82.9,75.7,81.0,Medium,Passed
STU-52516,Computer Science,19.6,100.0,84.3,90.2,Medium,Passed
STU-52517,Engineering,21.7,79.5,80.4,86.1,Medium,Passed
STU-52518,Humanities,14.0,87.5,83.5,89.4,Medium,Passed
STU-52519,Data Science,20.5,76.5,76.3,81.7,Medium,Passed
STU-52520,Data Science,10.3,88.4,73.1,78.3,Medium,Passed
STU-52521,Computer Science,20.3,100.0,87.6,93.8,High,Passed
STU-52522,Engineering,21.6,100.0,92.4,98.9,High,Passed
STU-52523,Humanities,5.6,81.7,63.8,68.3,Medium,Passed
STU-52524,Engineering,20.2,67.7,76.9,82.3,Low,Passed
STU-52525,Computer Science,18.4,64.3,65.7,70.3,Low,Passed
STU-52526,Computer Science,14.1,76.1,71.5,76.5,Medium,Passed
STU-52527,Data Science,35.3,78.0,93.4,100.0,Medium,Passed
STU-52528,Data Science,14.5,92.0,81.8,87.6,Medium,Passed
STU-52529,Engineering,15.4,75.4,79.2,84.8,Medium,Passed
STU-52530,Computer Science,15.7,100.0,88.5,94.8,Medium,Passed
STU-52531,Computer Science,19.5,78.8,86.9,93.0,Medium,Passed
STU-52532,Business & Economics,10.3,72.1,67.7,72.5,Medium,Passed
STU-52533,Business & Economics,26.2,85.0,88.2,94.4,Medium,Passed
STU-52534,Engineering,23.0,94.7,76.3,81.7,High,Passed
STU-52535,Engineering,20.9,79.0,79.8,85.4,Medium,Passed
STU-52536,Business & Economics,21.1,85.4,78.2,83.7,High,Passed
STU-52537,Business & Economics,15.7,86.1,75.9,81.3,Medium,Passed
STU-52538,Computer Science,28.4,64.5,78.9,84.5,Low,Passed
STU-52539,Computer Science,20.4,65.9,76.6,82.0,Low,Passed
STU-52540,Humanities,14.6,90.9,72.2,77.3,Medium,Passed
STU-52541,Business & Economics,19.2,53.1,69.0,73.9,Low,Passed
STU-52542,Engineering,34.4,77.5,93.4,100.0,Medium,Passed
STU-52543,Engineering,26.6,63.0,79.4,85.0,Low,Passed
STU-52544,Business & Economics,16.7,90.4,82.3,88.1,Medium,Passed
STU-52545,Business & Economics,6.6,85.4,76.0,81.4,Medium,Passed
STU-52546,Business & Economics,3.5,77.4,58.4,62.5,Medium,Passed
STU-52547,Data Science,21.8,81.3,73.3,78.5,Medium,Passed
STU-52548,Humanities,18.6,81.2,75.3,80.6,Medium,Passed
STU-52549,Data Science,25.4,78.1,81.1,86.8,Medium,Passed
STU-52550,Computer Science,15.3,86.1,74.4,79.6,Medium,Passed
STU-52551,Business & Economics,15.2,86.1,88.0,94.2,Medium,Passed
STU-52552,Engineering,22.0,85.6,82.9,88.8,High,Passed
STU-52553,Humanities,20.7,73.3,85.2,91.2,Medium,Passed
STU-52554,Computer Science,24.4,90.4,85.1,91.1,High,Passed
STU-52555,Data Science,12.3,70.8,70.3,75.3,Medium,Passed
STU-52556,Computer Science,23.6,88.9,88.9,95.2,High,Passed
STU-52557,Computer Science,18.2,63.9,72.5,77.6,Low,Passed
STU-52558,Computer Science,10.2,71.9,66.0,70.7,Medium,Passed
STU-52559,Data Science,8.6,72.6,67.8,72.6,Medium,Passed
STU-52560,Computer Science,21.0,80.6,74.0,79.2,Medium,Passed
STU-52561,Computer Science,16.1,86.9,78.7,84.3,Medium,Passed
STU-52562,Computer Science,14.4,71.5,71.3,76.3,Medium,Passed
STU-52563,Business & Economics,14.4,82.9,87.1,93.3,Medium,Passed
STU-52564,Engineering,22.1,85.7,81.2,86.9,High,Passed
STU-52565,Business & Economics,21.5,66.0,65.7,70.3,Low,Passed
STU-52566,Engineering,10.9,91.3,86.4,92.5,Medium,Passed
STU-52567,Humanities,25.9,76.6,93.4,100.0,Medium,Passed
STU-52568,Computer Science,17.1,78.2,75.8,81.1,Medium,Passed
STU-52569,Computer Science,20.1,76.1,77.7,83.2,Medium,Passed
STU-52570,Business & Economics,12.1,89.8,77.2,82.7,Medium,Passed
STU-52571,Humanities,36.6,86.7,91.3,97.7,High,Passed
STU-52572,Computer Science,21.2,74.9,84.2,90.1,Medium,Passed
STU-52573,Business & Economics,20.7,67.8,61.9,66.3,Low,Passed
STU-52574,Computer Science,16.6,80.7,74.4,79.7,Medium,Passed
STU-52575,Humanities,20.4,59.1,64.5,69.1,Low,Passed
STU-52576,Data Science,10.2,68.9,76.8,82.2,Low,Passed
STU-52577,Computer Science,23.8,90.7,90.9,97.3,High,Passed
STU-52578,Computer Science,22.0,81.6,89.9,96.2,Medium,Passed
STU-52579,Engineering,14.0,72.5,83.5,89.4,Medium,Passed
STU-52580,Computer Science,24.2,94.5,93.4,100.0,High,Passed
STU-52581,Business & Economics,18.3,86.7,87.5,93.7,Medium,Passed
STU-52582,Data Science,15.6,74.3,69.1,74.0,Medium,Passed
STU-52583,Computer Science,25.6,71.9,91.7,98.2,Medium,Passed
STU-52584,Engineering,18.0,73.8,87.6,93.8,Medium,Passed
STU-52585,Computer Science,13.4,70.5,69.4,74.3,Medium,Passed
STU-52586,Computer Science,14.7,68.0,69.4,74.3,Low,Passed
STU-52587,Computer Science,10.7,75.5,67.7,72.5,Medium,Passed
STU-52588,Business & Economics,29.3,83.5,93.4,100.0,Medium,Passed
STU-52589,Computer Science,18.1,77.8,77.2,82.6,Medium,Passed
STU-52590,Data Science,23.8,97.3,93.4,100.0,High,Passed
STU-52591,Business & Economics,17.6,75.5,75.5,80.8,Medium,Passed
STU-52592,Computer Science,15.6,84.6,76.8,82.2,Medium,Passed
STU-52593,Humanities,26.5,80.9,93.4,100.0,Medium,Passed
STU-52594,Computer Science,11.1,80.4,74.6,79.9,Medium,Passed
STU-52595,Computer Science,11.9,71.5,69.1,74.0,Medium,Passed
STU-52596,Humanities,13.7,64.6,69.7,74.6,Low,Passed
STU-52597,Computer Science,11.3,78.5,77.2,82.7,Medium,Passed
STU-52598,Business & Economics,19.0,89.4,84.0,89.9,Medium,Passed
STU-52599,Business & Economics,24.3,72.6,79.3,84.9,Medium,Passed
STU-52600,Humanities,30.0,80.7,84.3,90.3,Medium,Passed
STU-52601,Business & Economics,25.4,87.7,79.6,85.2,High,Passed
STU-52602,Computer Science,25.5,57.5,77.6,83.1,Low,Passed
STU-52603,Humanities,23.6,100.0,88.5,94.7,High,Passed
STU-52604,Data Science,17.9,77.4,79.0,84.6,Medium,Passed
STU-52605,Engineering,18.8,81.6,84.3,90.2,Medium,Passed
STU-52606,Computer Science,14.5,99.4,73.8,79.0,Medium,Passed
STU-52607,Data Science,14.5,83.9,80.5,86.2,Medium,Passed
STU-52608,Computer Science,16.4,87.2,81.0,86.7,Medium,Passed
STU-52609,Computer Science,20.7,95.5,91.0,97.4,High,Passed
STU-52610,Engineering,20.8,62.5,70.6,75.6,Low,Passed
STU-52611,Engineering,13.2,78.2,78.8,84.4,Medium,Passed
STU-52612,Data Science,14.4,66.0,70.1,75.0,Low,Passed
STU-52613,Computer Science,10.1,74.4,88.4,94.6,Medium,Passed
STU-52614,Data Science,30.3,70.7,80.0,85.7,Medium,Passed
STU-52615,Data Science,17.7,91.8,72.0,77.1,Medium,Passed
STU-52616,Engineering,10.1,84.7,70.5,75.5,Medium,Passed
STU-52617,Computer Science,21.6,89.5,91.7,98.2,High,Passed
STU-52618,Humanities,19.8,94.0,93.2,99.8,Medium,Passed
STU-52619,Business & Economics,25.6,91.5,93.4,100.0,High,Passed
STU-52620,Humanities,20.4,61.6,72.3,77.4,Low,Passed
STU-52621,Data Science,16.1,78.9,73.0,78.2,Medium,Passed
STU-52622,Computer Science,18.9,100.0,88.0,94.2,Medium,Passed
STU-52623,Engineering,12.5,100.0,85.5,91.5,Medium,Passed
STU-52624,Computer Science,17.3,91.5,84.8,90.8,Medium,Passed
STU-52625,Computer Science,11.8,78.0,72.9,78.1,Medium,Passed
STU-52626,Business & Economics,17.6,92.2,91.4,97.8,Medium,Passed
STU-52627,Computer Science,17.4,87.9,82.3,88.1,Medium,Passed
STU-52628,Engineering,22.4,86.8,93.4,100.0,High,Passed
STU-52629,Computer Science,11.0,100.0,88.1,94.3,Medium,Passed
STU-52630,Data Science,27.8,91.9,92.6,99.1,High,Passed
STU-52631,Business & Economics,20.9,71.5,76.8,82.2,Medium,Passed
STU-52632,Engineering,18.5,84.3,77.2,82.6,Medium,Passed
STU-52633,Business & Economics,21.3,90.2,93.4,100.0,High,Passed
STU-52634,Data Science,21.8,72.3,80.8,86.5,Medium,Passed
STU-52635,Computer Science,23.4,71.6,90.8,97.2,Medium,Passed
STU-52636,Engineering,36.5,87.9,93.4,100.0,High,Passed
STU-52637,Data Science,6.7,64.0,61.2,65.5,Low,Passed
STU-52638,Computer Science,31.9,62.9,91.2,97.6,Low,Passed
STU-52639,Business & Economics,21.3,100.0,93.4,100.0,High,Passed
STU-52640,Engineering,21.5,74.0,86.7,92.8,Medium,Passed
STU-52641,Business & Economics,19.9,77.8,86.0,92.1,Medium,Passed
STU-52642,Business & Economics,16.2,93.0,87.3,93.5,Medium,Passed
STU-52643,Data Science,25.5,74.8,84.7,90.7,Medium,Passed
STU-52644,Data Science,14.4,75.5,72.1,77.2,Medium,Passed
STU-52645,Computer Science,23.4,82.6,89.4,95.7,Medium,Passed
STU-52646,Data Science,23.5,84.9,90.1,96.5,Medium,Passed
STU-52647,Engineering,14.9,86.7,69.4,74.3,Medium,Passed
STU-52648,Engineering,12.6,99.4,72.8,77.9,Medium,Passed
STU-52649,Data Science,19.3,100.0,84.4,90.4,Medium,Passed
STU-52650,Business & Economics,10.8,90.3,79.5,85.1,Medium,Passed
STU-52651,Engineering,39.5,67.4,93.4,100.0,Low,Passed
STU-52652,Business & Economics,14.5,75.5,64.4,69.0,Medium,Passed
STU-52653,Engineering,27.6,74.3,91.6,98.1,Medium,Passed
STU-52654,Business & Economics,15.2,87.2,80.2,85.9,Medium,Passed
STU-52655,Business & Economics,19.0,74.4,80.1,85.8,Medium,Passed
STU-52656,Computer Science,22.9,98.2,93.4,100.0,High,Passed
STU-52657,Computer Science,25.0,84.3,93.4,100.0,Medium,Passed
STU-52658,Humanities,19.0,88.8,93.3,99.9,Medium,Passed
STU-52659,Engineering,17.3,65.1,73.6,78.8,Low,Passed
STU-52660,Business & Economics,16.1,82.9,82.3,88.1,Medium,Passed
STU-52661,Business & Economics,11.0,94.2,81.1,86.8,Medium,Passed
STU-52662,Engineering,11.8,85.4,66.2,70.9,Medium,Passed
STU-52663,Business & Economics,18.4,71.4,75.4,80.7,Medium,Passed
STU-52664,Humanities,11.9,55.0,63.0,67.5,Low,Passed
STU-52665,Engineering,5.3,73.1,52.6,56.3,Medium,Passed
STU-52666,Data Science,24.7,70.3,80.6,86.3,Medium,Passed
STU-52667,Computer Science,18.7,93.9,79.4,85.0,Medium,Passed
STU-52668,Computer Science,12.8,73.1,66.4,71.1,Medium,Passed
STU-52669,Engineering,24.8,63.4,85.0,91.0,Low,Passed
STU-52670,Engineering,11.1,57.0,46.6,49.9,Low,Needs Retake
STU-52671,Data Science,25.4,89.9,93.4,100.0,High,Passed
STU-52672,Data Science,21.3,100.0,93.4,100.0,High,Passed
STU-52673,Business & Economics,11.2,84.0,79.9,85.5,Medium,Passed
STU-52674,Computer Science,24.3,83.8,86.2,92.3,Medium,Passed
STU-52675,Data Science,10.0,93.8,80.5,86.2,Medium,Passed
STU-52676,Computer Science,20.1,85.5,76.9,82.3,High,Passed
STU-52677,Computer Science,19.4,68.8,79.4,85.0,Low,Passed
STU-52678,Engineering,31.3,89.0,93.4,100.0,High,Passed
STU-52679,Humanities,6.7,92.3,77.2,82.7,Medium,Passed
STU-52680,Business & Economics,22.2,90.0,87.5,93.7,High,Passed
STU-52681,Business & Economics,18.7,100.0,93.4,100.0,Medium,Passed
STU-52682,Computer Science,19.1,85.1,83.1,89.0,Medium,Passed
STU-52683,Data Science,23.7,88.6,88.5,94.8,High,Passed
STU-52684,Engineering,27.2,75.4,92.5,99.0,Medium,Passed
STU-52685,Computer Science,16.0,87.2,85.9,92.0,Medium,Passed
STU-52686,Engineering,15.3,83.8,83.7,89.6,Medium,Passed
STU-52687,Engineering,17.5,90.1,84.5,90.5,Medium,Passed
STU-52688,Computer Science,16.2,88.8,84.3,90.2,Medium,Passed
STU-52689,Engineering,8.5,62.5,64.0,68.5,Low,Passed
STU-52690,Business & Economics,21.6,96.0,93.4,100.0,High,Passed
STU-52691,Computer Science,17.3,70.2,70.1,75.0,Medium,Passed
STU-52692,Computer Science,12.9,90.6,77.8,83.3,Medium,Passed
STU-52693,Engineering,25.8,96.9,93.4,100.0,High,Passed
STU-52694,Engineering,20.3,64.8,76.3,81.7,Low,Passed
STU-52695,Business & Economics,19.8,68.6,77.1,82.5,Low,Passed
STU-52696,Data Science,14.6,91.5,93.4,100.0,Medium,Passed
STU-52697,Data Science,8.0,84.6,63.6,68.1,Medium,Passed
STU-52698,Data Science,22.3,82.7,86.9,93.0,Medium,Passed
STU-52699,Engineering,18.8,100.0,88.0,94.2,Medium,Passed
STU-52700,Computer Science,28.4,100.0,93.4,100.0,High,Passed
STU-52701,Data Science,20.7,100.0,93.4,100.0,High,Passed
STU-52702,Business & Economics,22.5,95.7,93.4,100.0,High,Passed
STU-52703,Computer Science,27.6,100.0,93.4,100.0,High,Passed
STU-52704,Computer Science,10.3,93.1,77.9,83.4,Medium,Passed
STU-52705,Computer Science,15.7,88.1,80.3,86.0,Medium,Passed
STU-52706,Business & Economics,23.8,67.2,90.7,97.1,Low,Passed
STU-52707,Computer Science,29.6,73.6,90.1,96.5,Medium,Passed
STU-52708,Business & Economics,25.8,56.4,78.3,83.8,Low,Passed
STU-52709,Computer Science,23.6,89.4,86.1,92.2,High,Passed
STU-52710,Data Science,25.7,89.5,91.3,97.7,High,Passed
STU-52711,Computer Science,10.9,81.1,68.6,73.4,Medium,Passed
STU-52712,Computer Science,9.3,81.7,69.7,74.6,Medium,Passed
STU-52713,Data Science,16.9,79.5,68.3,73.1,Medium,Passed
STU-52714,Business & Economics,30.7,85.6,93.4,100.0,High,Passed
STU-52715,Data Science,27.6,75.9,88.9,95.2,Medium,Passed
STU-52716,Data Science,23.4,81.5,81.2,86.9,Medium,Passed
STU-52717,Computer Science,18.5,70.2,73.3,78.5,Medium,Passed
STU-52718,Data Science,17.4,100.0,81.1,86.8,Medium,Passed
STU-52719,Humanities,20.7,84.2,85.3,91.3,Medium,Passed
STU-52720,Computer Science,9.4,66.7,66.3,71.0,Low,Passed
STU-52721,Business & Economics,16.9,77.6,73.8,79.0,Medium,Passed
STU-52722,Business & Economics,22.4,100.0,91.7,98.2,High,Passed
STU-52723,Business & Economics,16.0,69.9,67.4,72.2,Low,Passed
STU-52724,Business & Economics,16.6,71.7,69.6,74.5,Medium,Passed
STU-52725,Engineering,12.3,90.3,67.7,72.5,Medium,Passed
STU-52726,Computer Science,18.2,72.1,72.0,77.1,Medium,Passed
STU-52727,Business & Economics,12.3,65.6,61.7,66.1,Low,Passed
STU-52728,Computer Science,30.1,88.1,93.4,100.0,High,Passed
STU-52729,Data Science,22.7,54.8,83.1,89.0,Low,Passed
STU-52730,Engineering,7.5,77.0,68.2,73.0,Medium,Passed
STU-52731,Data Science,17.4,82.7,82.7,88.5,Medium,Passed
STU-52732,Business & Economics,19.4,96.5,87.4,93.6,Medium,Passed
STU-52733,Data Science,16.5,95.0,85.2,91.2,Medium,Passed
STU-52734,Computer Science,18.3,71.3,63.9,68.4,Medium,Passed
STU-52735,Engineering,11.0,85.1,75.8,81.2,Medium,Passed
STU-52736,Business & Economics,13.7,86.2,85.7,91.8,Medium,Passed
STU-52737,Engineering,12.3,72.3,70.2,75.2,Medium,Passed
STU-52738,Data Science,12.7,70.3,63.5,68.0,Medium,Passed
STU-52739,Engineering,16.2,81.2,78.9,84.5,Medium,Passed
STU-52740,Computer Science,16.2,64.1,67.9,72.7,Low,Passed
STU-52741,Computer Science,19.1,91.4,84.1,90.0,Medium,Passed
STU-52742,Computer Science,32.6,65.2,89.2,95.5,Low,Passed
STU-52743,Business & Economics,9.6,89.4,84.6,90.6,Medium,Passed
STU-52744,Computer Science,13.9,82.4,80.2,85.9,Medium,Passed
STU-52745,Business & Economics,20.9,82.3,86.8,92.9,Medium,Passed
STU-52746,Computer Science,24.0,90.8,82.9,88.7,High,Passed
STU-52747,Engineering,27.1,75.1,89.3,95.6,Medium,Passed
STU-52748,Business & Economics,11.8,98.3,84.5,90.5,Medium,Passed
STU-52749,Humanities,25.1,100.0,93.4,100.0,High,Passed
STU-52750,Business & Economics,9.5,100.0,81.1,86.8,Medium,Passed
STU-52751,Business & Economics,18.8,100.0,88.0,94.2,Medium,Passed
STU-52752,Humanities,17.2,87.9,93.4,100.0,Medium,Passed
STU-52753,Engineering,32.2,97.7,93.4,100.0,High,Passed
STU-52754,Engineering,30.0,79.5,90.1,96.5,Medium,Passed
STU-52755,Data Science,22.1,70.3,75.3,80.6,Medium,Passed
STU-52756,Data Science,17.0,70.8,83.2,89.1,Medium,Passed
STU-52757,Engineering,16.6,74.1,67.9,72.7,Medium,Passed
STU-52758,Business & Economics,7.9,93.2,73.7,78.9,Medium,Passed
STU-52759,Business & Economics,9.1,91.3,78.5,84.0,Medium,Passed
STU-52760,Computer Science,8.8,95.0,67.7,72.5,Medium,Passed
STU-52761,Engineering,17.9,95.6,84.4,90.4,Medium,Passed
STU-52762,Engineering,21.5,65.5,84.3,90.2,Low,Passed
STU-52763,Computer Science,19.5,100.0,86.3,92.4,Medium,Passed
STU-52764,Business & Economics,4.5,99.0,74.4,79.6,Medium,Passed
STU-52765,Engineering,22.5,65.3,67.7,72.5,Low,Passed
STU-52766,Data Science,17.4,89.8,93.4,100.0,Medium,Passed
STU-52767,Computer Science,17.3,80.7,73.1,78.3,Medium,Passed
STU-52768,Computer Science,20.4,92.5,93.4,100.0,High,Passed
STU-52769,Computer Science,15.5,84.4,78.5,84.0,Medium,Passed
STU-52770,Data Science,7.6,77.4,77.1,82.5,Medium,Passed
STU-52771,Engineering,18.9,83.6,74.8,80.1,Medium,Passed
STU-52772,Engineering,10.5,88.4,77.2,82.7,Medium,Passed
STU-52773,Computer Science,12.1,82.3,80.0,85.7,Medium,Passed
STU-52774,Business & Economics,21.0,84.3,81.5,87.3,Medium,Passed
STU-52775,Humanities,16.0,76.2,68.5,73.3,Medium,Passed
STU-52776,Business & Economics,22.4,62.2,78.9,84.5,Low,Passed
STU-52777,Humanities,32.5,97.1,93.4,100.0,High,Passed
STU-52778,Business & Economics,18.2,78.7,77.3,82.8,Medium,Passed
STU-52779,Business & Economics,20.1,82.4,83.5,89.4,Medium,Passed
STU-52780,Data Science,27.7,100.0,93.4,100.0,High,Passed
STU-52781,Computer Science,14.5,85.6,65.1,69.7,Medium,Passed
STU-52782,Engineering,32.0,91.5,93.4,100.0,High,Passed
STU-52783,Computer Science,22.4,67.6,68.6,73.4,Low,Passed
STU-52784,Business & Economics,20.1,88.4,88.3,94.5,High,Passed
STU-52785,Computer Science,15.8,95.4,77.7,83.2,Medium,Passed
STU-52786,Engineering,18.6,68.7,66.8,71.5,Low,Passed
STU-52787,Computer Science,15.8,91.5,82.1,87.9,Medium,Passed
STU-52788,Data Science,12.5,89.0,82.8,88.6,Medium,Passed
STU-52789,Engineering,20.7,78.5,84.9,90.9,Medium,Passed
STU-52790,Business & Economics,22.6,65.8,80.5,86.2,Low,Passed
STU-52791,Computer Science,25.8,73.7,88.8,95.1,Medium,Passed
STU-52792,Computer Science,16.4,66.2,79.7,85.3,Low,Passed
STU-52793,Computer Science,18.9,62.9,77.1,82.5,Low,Passed
STU-52794,Data Science,7.6,85.3,75.5,80.8,Medium,Passed
STU-52795,Data Science,24.8,73.4,86.3,92.4,Medium,Passed
STU-52796,Humanities,24.8,99.4,93.4,100.0,High,Passed
STU-52797,Humanities,17.8,77.8,90.7,97.1,Medium,Passed
STU-52798,Computer Science,24.5,77.3,85.3,91.3,Medium,Passed
STU-52799,Engineering,23.9,81.7,85.7,91.8,Medium,Passed
STU-52800,Computer Science,2.3,88.2,73.8,79.0,Medium,Passed
STU-52801,Humanities,15.5,78.6,84.6,90.6,Medium,Passed
STU-52802,Computer Science,14.2,76.6,83.6,89.5,Medium,Passed
STU-52803,Computer Science,16.6,70.0,81.3,87.0,Low,Passed
STU-52804,Data Science,10.3,68.1,75.6,80.9,Low,Passed
STU-52805,Business & Economics,12.1,71.5,68.9,73.8,Medium,Passed
STU-52806,Engineering,19.2,84.9,93.3,99.9,Medium,Passed
STU-52807,Data Science,12.3,95.4,85.2,91.2,Medium,Passed
STU-52808,Computer Science,16.6,53.6,76.7,82.1,Low,Passed
STU-52809,Engineering,9.8,58.6,69.3,74.2,Low,Passed
STU-52810,Computer Science,21.9,97.2,93.4,100.0,High,Passed
STU-52811,Data Science,33.2,77.8,88.0,94.2,Medium,Passed
STU-52812,Business & Economics,24.8,67.2,84.8,90.8,Low,Passed
STU-52813,Humanities,19.8,82.2,85.0,91.0,Medium,Passed
STU-52814,Computer Science,23.1,68.8,80.8,86.5,Low,Passed
STU-52815,Engineering,23.7,54.8,69.3,74.2,Low,Passed
STU-52816,Computer Science,18.0,44.2,60.6,64.9,Low,Passed
STU-52817,Computer Science,12.7,69.2,64.8,69.4,Low,Passed
STU-52818,Data Science,33.7,93.8,93.4,100.0,High,Passed
STU-52819,Business & Economics,22.6,80.2,78.2,83.7,Medium,Passed
STU-52820,Computer Science,29.4,96.3,93.4,100.0,High,Passed
STU-52821,Engineering,11.4,72.2,73.7,78.9,Medium,Passed
STU-52822,Business & Economics,15.8,74.8,70.5,75.5,Medium,Passed
STU-52823,Computer Science,21.5,74.1,88.3,94.5,Medium,Passed
STU-52824,Computer Science,18.0,77.2,68.6,73.4,Medium,Passed
STU-52825,Computer Science,19.7,85.0,83.6,89.5,Medium,Passed
STU-52826,Computer Science,20.7,77.3,83.4,89.3,Medium,Passed
STU-52827,Computer Science,15.0,68.0,66.5,71.2,Low,Passed
STU-52828,Business & Economics,14.7,78.1,69.8,74.7,Medium,Passed
STU-52829,Computer Science,9.1,77.8,67.2,71.9,Medium,Passed
STU-52830,Humanities,26.8,93.2,81.2,86.9,High,Passed
STU-52831,Business & Economics,10.2,72.0,71.0,76.0,Medium,Passed
STU-52832,Computer Science,27.8,100.0,93.3,99.9,High,Passed
STU-52833,Computer Science,12.2,70.3,77.1,82.5,Medium,Passed
STU-52834,Data Science,14.9,62.3,70.8,75.8,Low,Passed
STU-52835,Engineering,18.8,73.7,80.7,86.4,Medium,Passed
STU-52836,Data Science,15.7,80.7,83.0,88.9,Medium,Passed
STU-52837,Engineering,20.1,77.8,78.1,83.6,Medium,Passed
STU-52838,Business & Economics,14.9,81.9,89.7,96.0,Medium,Passed
STU-52839,Computer Science,20.1,69.9,81.3,87.0,Low,Passed
STU-52840,Data Science,14.5,84.5,78.3,83.8,Medium,Passed
STU-52841,Engineering,12.4,72.2,66.7,71.4,Medium,Passed
STU-52842,Data Science,13.0,87.8,73.4,78.6,Medium,Passed
STU-52843,Computer Science,19.9,100.0,92.8,99.4,Medium,Passed
STU-52844,Data Science,19.3,100.0,86.1,92.2,Medium,Passed
STU-52845,Humanities,20.7,86.6,88.3,94.5,High,Passed
STU-52846,Computer Science,23.0,100.0,93.4,100.0,High,Passed
STU-52847,Computer Science,19.1,98.4,93.4,100.0,Medium,Passed
STU-52848,Engineering,24.4,100.0,93.4,100.0,High,Passed
STU-52849,Humanities,22.2,79.9,82.4,88.2,Medium,Passed
STU-52850,Business & Economics,12.3,54.9,57.5,61.6,Low,Passed
STU-52851,Computer Science,6.4,62.5,56.6,60.6,Low,Passed
STU-52852,Business & Economics,20.0,74.3,71.6,76.7,Medium,Passed
STU-52853,Business & Economics,21.8,82.7,85.7,91.8,Medium,Passed
STU-52854,Computer Science,17.7,91.3,82.1,87.9,Medium,Passed
STU-52855,Computer Science,24.0,89.7,93.4,100.0,High,Passed
STU-52856,Engineering,12.0,91.9,73.4,78.6,Medium,Passed
STU-52857,Humanities,19.2,69.2,79.3,84.9,Low,Passed
STU-52858,Business & Economics,21.3,72.8,74.2,79.4,Medium,Passed
STU-52859,Engineering,16.2,100.0,85.5,91.5,Medium,Passed
STU-52860,Business & Economics,13.4,76.8,77.6,83.1,Medium,Passed
STU-52861,Data Science,11.2,83.0,71.1,76.1,Medium,Passed
STU-52862,Computer Science,15.0,77.5,89.3,95.6,Medium,Passed
STU-52863,Computer Science,16.4,89.7,84.5,90.5,Medium,Passed
STU-52864,Computer Science,18.6,65.0,73.5,78.7,Low,Passed
STU-52865,Business & Economics,22.4,93.8,93.4,100.0,High,Passed
STU-52866,Computer Science,16.2,100.0,88.1,94.3,Medium,Passed
STU-52867,Computer Science,17.2,95.7,86.5,92.6,Medium,Passed
STU-52868,Business & Economics,24.2,91.1,93.4,100.0,High,Passed
STU-52869,Engineering,16.1,76.4,77.4,82.9,Medium,Passed
STU-52870,Data Science,14.9,58.1,65.3,69.9,Low,Passed
STU-52871,Business & Economics,24.8,62.1,77.6,83.1,Low,Passed
STU-52872,Business & Economics,21.4,76.1,77.6,83.1,Medium,Passed
STU-52873,Humanities,28.0,84.7,93.4,100.0,Medium,Passed
STU-52874,Business & Economics,5.7,62.1,59.0,63.2,Low,Passed
STU-52875,Engineering,25.4,69.4,81.1,86.8,Low,Passed
STU-52876,Engineering,23.5,41.5,69.2,74.1,Low,Passed
STU-52877,Humanities,24.0,100.0,91.3,97.7,High,Passed
STU-52878,Computer Science,4.7,75.2,66.7,71.4,Medium,Passed
STU-52879,Business & Economics,32.1,63.1,91.9,98.4,Low,Passed
STU-52880,Business & Economics,14.5,88.0,76.3,81.7,Medium,Passed
STU-52881,Computer Science,10.3,82.3,75.8,81.2,Medium,Passed
STU-52882,Data Science,11.7,90.3,74.6,79.9,Medium,Passed
STU-52883,Business & Economics,11.1,83.2,70.7,75.7,Medium,Passed
STU-52884,Business & Economics,19.2,75.8,82.9,88.8,Medium,Passed
STU-52885,Business & Economics,22.5,100.0,86.2,92.3,High,Passed
STU-52886,Computer Science,18.3,62.2,63.2,67.7,Low,Passed
STU-52887,Computer Science,8.6,89.8,78.5,84.0,Medium,Passed
STU-52888,Engineering,23.2,91.2,87.4,93.6,High,Passed
STU-52889,Engineering,22.9,90.9,82.8,88.6,High,Passed
STU-52890,Business & Economics,11.3,79.2,69.2,74.1,Medium,Passed
STU-52891,Engineering,24.0,83.8,93.4,100.0,Medium,Passed
STU-52892,Computer Science,27.7,62.3,81.1,86.8,Low,Passed
STU-52893,Business & Economics,11.5,74.5,70.0,74.9,Medium,Passed
STU-52894,Engineering,20.0,100.0,93.4,100.0,Medium,Passed
STU-52895,Business & Economics,17.9,100.0,87.3,93.5,Medium,Passed
STU-52896,Engineering,17.3,80.5,87.5,93.7,Medium,Passed
STU-52897,Engineering,17.8,99.0,87.8,94.0,Medium,Passed
STU-52898,Computer Science,13.0,57.4,74.8,80.1,Low,Passed
STU-52899,Computer Science,2.0,89.6,65.2,69.8,Medium,Passed
STU-52900,Data Science,14.1,78.0,80.3,86.0,Medium,Passed
STU-52901,Computer Science,10.7,93.6,72.4,77.5,Medium,Passed
STU-52902,Engineering,27.6,86.1,90.3,96.7,High,Passed
STU-52903,Engineering,20.0,61.8,67.0,71.7,Low,Passed
STU-52904,Computer Science,17.5,82.1,78.5,84.0,Medium,Passed
STU-52905,Computer Science,24.8,67.5,76.2,81.6,Low,Passed
STU-52906,Engineering,12.2,100.0,80.4,86.1,Medium,Passed
STU-52907,Computer Science,15.9,82.2,79.1,84.7,Medium,Passed
STU-52908,Business & Economics,21.2,64.6,75.5,80.8,Low,Passed
STU-52909,Computer Science,5.0,100.0,69.8,74.7,Medium,Passed
STU-52910,Humanities,21.5,79.8,78.9,84.5,Medium,Passed
STU-52911,Computer Science,14.8,61.5,75.4,80.7,Low,Passed
STU-52912,Data Science,15.2,95.6,84.4,90.4,Medium,Passed
STU-52913,Business & Economics,7.8,91.9,81.7,87.5,Medium,Passed
STU-52914,Engineering,13.9,63.8,75.8,81.2,Low,Passed
STU-52915,Data Science,21.9,60.4,64.6,69.2,Low,Passed
STU-52916,Engineering,20.8,83.7,88.7,95.0,Medium,Passed
STU-52917,Computer Science,10.6,84.0,85.0,91.0,Medium,Passed
STU-52918,Computer Science,17.2,86.5,79.8,85.4,Medium,Passed
STU-52919,Data Science,5.8,92.3,67.5,72.3,Medium,Passed
STU-52920,Engineering,16.3,78.5,70.8,75.8,Medium,Passed
STU-52921,Data Science,26.6,100.0,93.1,99.7,High,Passed
STU-52922,Engineering,14.3,84.1,78.6,84.2,Medium,Passed
STU-52923,Computer Science,33.8,85.4,93.4,100.0,High,Passed
STU-52924,Engineering,21.7,79.8,83.7,89.6,Medium,Passed
STU-52925,Humanities,20.0,71.3,78.2,83.7,Medium,Passed
STU-52926,Computer Science,23.5,70.5,92.2,98.7,Medium,Passed
STU-52927,Computer Science,21.7,58.1,86.3,92.4,Low,Passed
STU-52928,Data Science,13.4,78.5,77.4,82.9,Medium,Passed
STU-52929,Data Science,9.1,79.1,63.3,67.8,Medium,Passed
STU-52930,Data Science,25.2,77.6,93.4,100.0,Medium,Passed
STU-52931,Computer Science,21.0,100.0,93.4,100.0,High,Passed
STU-52932,Business & Economics,12.5,72.3,78.9,84.5,Medium,Passed
STU-52933,Data Science,28.1,87.4,88.3,94.5,High,Passed
STU-52934,Engineering,9.9,80.0,61.8,66.2,Medium,Passed
STU-52935,Engineering,12.2,79.2,80.0,85.6,Medium,Passed
STU-52936,Business & Economics,17.6,78.8,85.8,91.9,Medium,Passed
STU-52937,Data Science,20.9,88.2,88.2,94.4,High,Passed
STU-52938,Computer Science,13.7,98.7,74.6,79.9,Medium,Passed
STU-52939,Engineering,30.5,89.9,93.4,100.0,High,Passed
STU-52940,Humanities,12.0,63.8,63.9,68.4,Low,Passed
STU-52941,Engineering,14.8,57.9,69.4,74.3,Low,Passed
STU-52942,Engineering,25.9,89.0,91.6,98.1,High,Passed
STU-52943,Data Science,20.0,92.3,85.7,91.8,Medium,Passed
STU-52944,Humanities,18.2,80.2,77.6,83.1,Medium,Passed
STU-52945,Humanities,25.8,80.7,88.9,95.2,Medium,Passed
STU-52946,Computer Science,18.6,100.0,87.1,93.2,Medium,Passed
STU-52947,Computer Science,14.0,67.1,72.9,78.0,Low,Passed
STU-52948,Engineering,18.5,76.6,82.7,88.5,Medium,Passed
STU-52949,Business & Economics,11.5,99.5,77.6,83.1,Medium,Passed
STU-52950,Business & Economics,20.7,91.9,93.3,99.9,High,Passed
STU-52951,Data Science,24.1,100.0,93.4,100.0,High,Passed
STU-52952,Computer Science,23.9,74.2,90.0,96.4,Medium,Passed
STU-52953,Computer Science,19.5,78.9,71.2,76.2,Medium,Passed
STU-52954,Engineering,14.0,100.0,82.8,88.6,Medium,Passed
STU-52955,Computer Science,7.8,81.0,61.6,66.0,Medium,Passed
STU-52956,Humanities,19.2,81.9,81.5,87.3,Medium,Passed
STU-52957,Engineering,11.8,83.7,72.6,77.7,Medium,Passed
STU-52958,Computer Science,17.6,82.9,78.9,84.5,Medium,Passed
STU-52959,Engineering,13.5,82.0,78.3,83.8,Medium,Passed
STU-52960,Engineering,15.5,83.0,68.9,73.8,Medium,Passed
STU-52961,Humanities,15.8,96.6,87.8,94.0,Medium,Passed
STU-52962,Engineering,17.8,72.1,79.4,85.0,Medium,Passed
STU-52963,Humanities,16.4,76.5,74.2,79.4,Medium,Passed
STU-52964,Engineering,23.5,99.1,87.7,93.9,High,Passed
STU-52965,Engineering,13.7,89.5,78.1,83.6,Medium,Passed
STU-52966,Data Science,15.8,95.1,83.9,89.8,Medium,Passed
STU-52967,Business & Economics,21.9,98.2,89.5,95.8,High,Passed
STU-52968,Engineering,10.8,81.4,69.4,74.3,Medium,Passed
STU-52969,Computer Science,20.3,100.0,83.5,89.4,High,Passed
STU-52970,Computer Science,18.6,88.3,85.6,91.6,Medium,Passed
STU-52971,Business & Economics,28.1,59.1,78.6,84.1,Low,Passed
STU-52972,Engineering,25.7,100.0,93.4,100.0,High,Passed
STU-52973,Engineering,19.3,69.5,66.9,71.6,Low,Passed
STU-52974,Computer Science,12.4,71.0,78.3,83.8,Medium,Passed
STU-52975,Computer Science,11.4,90.7,84.8,90.8,Medium,Passed
STU-52976,Computer Science,10.8,95.5,85.8,91.9,Medium,Passed
STU-52977,Data Science,16.4,95.1,93.4,100.0,Medium,Passed
STU-52978,Computer Science,22.7,80.4,86.2,92.3,Medium,Passed
STU-52979,Engineering,11.9,56.9,55.9,59.9,Low,Passed
STU-52980,Data Science,24.1,90.7,93.4,100.0,High,Passed
STU-52981,Engineering,19.5,92.7,88.9,95.2,Medium,Passed
STU-52982,Data Science,19.3,95.1,88.5,94.8,Medium,Passed
STU-52983,Computer Science,14.0,90.1,84.2,90.1,Medium,Passed
STU-52984,Computer Science,8.5,64.7,65.4,70.0,Low,Passed
STU-52985,Data Science,27.0,70.1,77.8,83.3,Medium,Passed
STU-52986,Humanities,24.5,92.9,92.5,99.0,High,Passed
STU-52987,Engineering,2.0,88.2,70.8,75.8,Medium,Passed
STU-52988,Engineering,16.1,77.0,73.5,78.7,Medium,Passed
STU-52989,Data Science,22.2,100.0,93.4,100.0,High,Passed
STU-52990,Engineering,28.6,65.2,89.2,95.5,Low,Passed
STU-52991,Business & Economics,16.4,79.3,76.2,81.6,Medium,Passed
STU-52992,Computer Science,24.1,77.6,84.1,90.0,Medium,Passed
STU-52993,Engineering,15.5,93.6,70.5,75.5,Medium,Passed
STU-52994,Engineering,13.1,82.0,73.5,78.7,Medium,Passed
STU-52995,Humanities,19.8,67.4,74.4,79.6,Low,Passed
STU-52996,Engineering,15.1,76.7,73.1,78.3,Medium,Passed
STU-52997,Computer Science,21.4,65.5,79.1,84.7,Low,Passed
STU-52998,Computer Science,10.4,72.8,74.7,80.0,Medium,Passed
STU-52999,Engineering,7.9,62.2,48.8,52.2,Low,Passed
STU-53000,Computer Science,15.2,82.7,68.7,73.5,Medium,Passed
STU-53001,Computer Science,28.4,81.3,87.7,93.9,Medium,Passed
STU-53002,Engineering,24.0,84.8,93.3,99.9,Medium,Passed
STU-53003,Engineering,23.1,69.1,79.9,85.5,Low,Passed
STU-53004,Data Science,15.6,68.8,79.1,84.7,Low,Passed
STU-53005,Business & Economics,9.5,88.2,74.5,79.8,Medium,Passed
STU-53006,Business & Economics,18.2,100.0,88.9,95.2,Medium,Passed
STU-53007,Business & Economics,20.6,61.6,71.8,76.9,Low,Passed
STU-53008,Computer Science,16.5,100.0,84.8,90.8,Medium,Passed
STU-53009,Business & Economics,17.1,71.1,75.3,80.6,Medium,Passed
STU-53010,Computer Science,21.2,100.0,93.4,100.0,High,Passed
STU-53011,Computer Science,18.2,88.6,82.9,88.8,Medium,Passed
STU-53012,Business & Economics,14.0,82.4,73.6,78.8,Medium,Passed
STU-53013,Engineering,17.7,59.6,66.0,70.7,Low,Passed
STU-53014,Engineering,20.2,92.7,84.3,90.3,High,Passed
STU-53015,Engineering,19.7,86.9,83.5,89.4,Medium,Passed
STU-53016,Business & Economics,13.0,69.4,72.9,78.1,Low,Passed
STU-53017,Computer Science,23.6,78.2,88.8,95.1,Medium,Passed
STU-53018,Data Science,10.6,82.2,74.8,80.1,Medium,Passed
STU-53019,Computer Science,18.3,77.9,87.6,93.8,Medium,Passed
STU-53020,Business & Economics,15.9,96.2,93.4,100.0,Medium,Passed
STU-53021,Engineering,8.5,72.5,68.3,73.1,Medium,Passed
STU-53022,Engineering,13.8,87.2,72.9,78.1,Medium,Passed
STU-53023,Computer Science,12.1,65.2,72.6,77.7,Low,Passed
STU-53024,Business & Economics,16.5,84.4,93.4,100.0,Medium,Passed
STU-53025,Humanities,25.7,83.3,93.4,100.0,Medium,Passed
STU-53026,Engineering,15.2,87.2,76.5,81.9,Medium,Passed
STU-53027,Business & Economics,10.5,98.9,73.5,78.7,Medium,Passed
STU-53028,Humanities,20.9,86.6,88.4,94.6,High,Passed
STU-53029,Computer Science,27.2,71.3,80.8,86.5,Medium,Passed
STU-53030,Engineering,12.8,93.8,86.1,92.2,Medium,Passed
STU-53031,Engineering,23.4,61.7,83.7,89.6,Low,Passed
STU-53032,Computer Science,17.5,80.9,82.0,87.8,Medium,Passed
STU-53033,Computer Science,17.3,81.1,78.1,83.6,Medium,Passed
STU-53034,Computer Science,23.9,100.0,93.4,100.0,High,Passed
STU-53035,Engineering,24.4,82.4,91.2,97.6,Medium,Passed
STU-53036,Humanities,16.5,100.0,90.6,97.0,Medium,Passed
STU-53037,Business & Economics,17.4,74.4,79.2,84.8,Medium,Passed
STU-53038,Computer Science,18.2,75.8,72.9,78.1,Medium,Passed
STU-53039,Engineering,19.9,100.0,82.3,88.1,Medium,Passed
STU-53040,Engineering,5.2,53.1,60.4,64.7,Low,Passed
STU-53041,Business & Economics,6.1,77.5,57.7,61.8,Medium,Passed
STU-53042,Business & Economics,20.9,91.4,88.4,94.6,High,Passed
STU-53043,Computer Science,19.1,83.6,90.7,97.1,Medium,Passed
STU-53044,Business & Economics,25.4,94.3,85.7,91.7,High,Passed
STU-53045,Computer Science,17.7,98.0,93.4,100.0,Medium,Passed
STU-53046,Computer Science,29.1,71.9,92.2,98.7,Medium,Passed
STU-53047,Humanities,14.2,83.2,69.9,74.8,Medium,Passed
STU-53048,Computer Science,11.2,73.5,64.8,69.4,Medium,Passed
STU-53049,Business & Economics,13.3,85.2,72.7,77.8,Medium,Passed
STU-53050,Data Science,20.6,71.7,83.9,89.8,Medium,Passed
STU-53051,Data Science,13.3,62.8,62.4,66.8,Low,Passed
STU-53052,Data Science,22.9,82.6,93.4,100.0,Medium,Passed
STU-53053,Computer Science,25.4,66.2,71.9,77.0,Low,Passed
STU-53054,Data Science,20.3,62.5,73.4,78.6,Low,Passed
STU-53055,Engineering,29.4,87.9,93.4,100.0,High,Passed
STU-53056,Computer Science,24.8,85.4,92.7,99.2,High,Passed
STU-53057,Data Science,6.6,86.5,69.2,74.1,Medium,Passed
STU-53058,Computer Science,17.3,68.7,74.3,79.5,Low,Passed
STU-53059,Computer Science,32.9,87.3,93.4,100.0,High,Passed
STU-53060,Engineering,8.9,100.0,79.9,85.5,Medium,Passed
STU-53061,Business & Economics,13.4,70.7,79.0,84.6,Medium,Passed
STU-53062,Engineering,16.9,49.8,60.9,65.2,Low,Passed
STU-53063,Engineering,16.7,97.1,89.1,95.4,Medium,Passed
STU-53064,Computer Science,25.0,89.6,92.8,99.3,High,Passed
STU-53065,Computer Science,19.4,62.9,66.7,71.4,Low,Passed
STU-53066,Business & Economics,23.0,89.7,93.4,100.0,High,Passed
STU-53067,Business & Economics,21.7,97.6,93.4,100.0,High,Passed
STU-53068,Business & Economics,11.9,85.9,86.2,92.3,Medium,Passed
STU-53069,Computer Science,18.2,95.2,80.7,86.4,Medium,Passed
STU-53070,Engineering,19.0,91.9,91.4,97.9,Medium,Passed
STU-53071,Business & Economics,32.4,74.5,93.4,100.0,Medium,Passed
STU-53072,Computer Science,14.9,95.2,75.8,81.2,Medium,Passed
STU-53073,Business & Economics,23.3,87.5,85.1,91.1,High,Passed
STU-53074,Engineering,25.9,82.0,86.3,92.4,Medium,Passed
STU-53075,Engineering,24.5,71.7,82.5,88.3,Medium,Passed
STU-53076,Engineering,31.5,65.7,83.1,89.0,Low,Passed
STU-53077,Business & Economics,23.6,100.0,93.4,100.0,High,Passed
STU-53078,Engineering,25.9,75.0,81.2,86.9,Medium,Passed
STU-53079,Computer Science,17.6,84.5,85.7,91.7,Medium,Passed
STU-53080,Engineering,23.9,83.4,86.4,92.5,Medium,Passed
STU-53081,Business & Economics,18.9,75.7,83.8,89.7,Medium,Passed
STU-53082,Humanities,13.9,86.8,76.0,81.4,Medium,Passed
STU-53083,Business & Economics,26.3,71.0,88.3,94.5,Medium,Passed
STU-53084,Business & Economics,21.3,69.9,72.0,77.1,Low,Passed
STU-53085,Humanities,21.3,66.1,71.8,76.9,Low,Passed
STU-53086,Business & Economics,29.5,71.8,93.4,100.0,Medium,Passed
STU-53087,Business & Economics,16.1,85.6,84.2,90.1,Medium,Passed
STU-53088,Engineering,25.9,59.0,85.2,91.2,Low,Passed
STU-53089,Computer Science,13.9,94.0,80.6,86.3,Medium,Passed
STU-53090,Engineering,15.7,71.3,87.4,93.6,Medium,Passed
STU-53091,Data Science,16.1,87.4,72.8,77.9,Medium,Passed
STU-53092,Business & Economics,14.0,78.6,76.2,81.6,Medium,Passed
STU-53093,Business & Economics,16.4,95.8,86.1,92.2,Medium,Passed
STU-53094,Engineering,28.6,63.4,84.2,90.1,Low,Passed
STU-53095,Data Science,20.3,72.7,85.7,91.7,Medium,Passed
STU-53096,Computer Science,19.2,83.3,86.1,92.2,Medium,Passed
STU-53097,Engineering,19.1,54.7,69.8,74.7,Low,Passed
STU-53098,Computer Science,15.6,68.6,57.3,61.3,Low,Passed
STU-53099,Engineering,27.1,63.6,91.4,97.9,Low,Passed
STU-53100,Computer Science,22.8,90.4,79.8,85.4,High,Passed
STU-53101,Business & Economics,24.3,83.2,93.4,100.0,Medium,Passed
STU-53102,Computer Science,22.9,100.0,82.6,88.4,High,Passed
STU-53103,Data Science,30.4,67.2,87.5,93.7,Low,Passed
STU-53104,Humanities,24.1,75.9,79.6,85.2,Medium,Passed
STU-53105,Computer Science,26.5,78.2,88.3,94.5,Medium,Passed
STU-53106,Engineering,6.3,80.9,60.5,64.8,Medium,Passed
STU-53107,Computer Science,9.9,85.9,72.1,77.2,Medium,Passed
STU-53108,Computer Science,20.5,70.8,72.7,77.8,Medium,Passed
STU-53109,Engineering,26.2,71.9,92.2,98.7,Medium,Passed
STU-53110,Engineering,18.5,76.5,86.0,92.1,Medium,Passed
STU-53111,Business & Economics,16.8,83.1,83.3,89.2,Medium,Passed
STU-53112,Computer Science,8.7,69.0,68.3,73.1,Low,Passed
STU-53113,Business & Economics,14.9,90.0,79.8,85.4,Medium,Passed
STU-53114,Computer Science,18.3,100.0,84.3,90.3,Medium,Passed
STU-53115,Computer Science,30.5,76.8,93.4,100.0,Medium,Passed
STU-53116,Engineering,19.2,96.9,85.9,92.0,Medium,Passed
STU-53117,Humanities,13.8,95.4,76.2,81.6,Medium,Passed
STU-53118,Computer Science,24.0,84.2,82.3,88.1,Medium,Passed
STU-53119,Data Science,19.5,86.1,82.2,88.0,Medium,Passed
STU-53120,Data Science,28.6,100.0,93.4,100.0,High,Passed
STU-53121,Computer Science,18.9,80.7,81.0,86.7,Medium,Passed
STU-53122,Humanities,15.9,90.8,87.6,93.8,Medium,Passed
STU-53123,Data Science,24.4,76.0,81.4,87.2,Medium,Passed
STU-53124,Engineering,18.7,53.5,65.6,70.2,Low,Passed
STU-53125,Business & Economics,23.0,70.4,90.6,97.0,Medium,Passed
STU-53126,Engineering,23.8,72.7,87.0,93.1,Medium,Passed
STU-53127,Engineering,15.3,92.2,72.6,77.7,Medium,Passed
STU-53128,Humanities,13.4,76.1,69.2,74.1,Medium,Passed
STU-53129,Computer Science,18.4,72.3,88.1,94.3,Medium,Passed
STU-53130,Computer Science,22.9,80.1,74.4,79.6,Medium,Passed
STU-53131,Business & Economics,29.3,79.9,93.4,100.0,Medium,Passed
STU-53132,Business & Economics,22.3,74.7,80.3,86.0,Medium,Passed
STU-53133,Business & Economics,14.8,95.1,72.8,77.9,Medium,Passed
STU-53134,Engineering,20.5,83.4,88.6,94.9,Medium,Passed
STU-53135,Business & Economics,18.8,98.5,91.5,98.0,Medium,Passed
STU-53136,Business & Economics,12.5,80.0,75.4,80.7,Medium,Passed
STU-53137,Humanities,23.6,60.4,71.7,76.8,Low,Passed
STU-53138,Computer Science,21.9,77.6,86.5,92.6,Medium,Passed
STU-53139,Computer Science,15.3,81.6,83.9,89.8,Medium,Passed
STU-53140,Computer Science,28.3,47.6,74.7,80.0,Low,Passed
STU-53141,Business & Economics,11.3,94.0,85.6,91.6,Medium,Passed
STU-53142,Computer Science,16.3,68.9,75.0,80.3,Low,Passed
STU-53143,Computer Science,19.8,87.6,84.6,90.6,Medium,Passed
STU-53144,Computer Science,24.0,79.0,86.9,93.0,Medium,Passed
STU-53145,Business & Economics,21.4,79.5,77.1,82.5,Medium,Passed
STU-53146,Computer Science,13.1,70.1,77.8,83.3,Medium,Passed
STU-53147,Data Science,25.9,82.6,88.9,95.2,Medium,Passed
STU-53148,Business & Economics,25.9,68.4,85.3,91.3,Low,Passed
STU-53149,Engineering,25.1,96.6,93.4,100.0,High,Passed
STU-53150,Computer Science,12.9,80.5,69.9,74.8,Medium,Passed
STU-53151,Data Science,14.9,65.2,72.6,77.7,Low,Passed
STU-53152,Data Science,27.2,77.8,93.4,100.0,Medium,Passed
STU-53153,Engineering,14.4,90.2,90.1,96.5,Medium,Passed
STU-53154,Data Science,24.8,93.5,93.4,100.0,High,Passed
STU-53155,Humanities,21.9,75.2,75.9,81.3,Medium,Passed
STU-53156,Engineering,23.9,71.6,85.6,91.6,Medium,Passed
STU-53157,Engineering,19.9,71.8,78.8,84.4,Medium,Passed
STU-53158,Business & Economics,25.7,100.0,93.4,100.0,High,Passed
STU-53159,Computer Science,3.4,82.1,55.5,59.4,Medium,Passed
STU-53160,Business & Economics,25.8,50.7,71.7,76.8,Low,Passed
STU-53161,Business & Economics,13.3,96.2,83.8,89.7,Medium,Passed
STU-53162,Computer Science,16.6,96.1,89.1,95.4,Medium,Passed
STU-53163,Computer Science,13.0,70.5,74.1,79.3,Medium,Passed
STU-53164,Computer Science,16.5,86.7,84.3,90.3,Medium,Passed
STU-53165,Computer Science,22.0,81.9,88.3,94.5,Medium,Passed
STU-53166,Business & Economics,5.4,77.5,69.5,74.4,Medium,Passed
STU-53167,Computer Science,11.2,77.4,67.8,72.6,Medium,Passed
STU-53168,Computer Science,19.4,66.4,76.7,82.1,Low,Passed
STU-53169,Data Science,13.5,80.4,78.9,84.5,Medium,Passed
STU-53170,Computer Science,15.5,98.8,78.8,84.4,Medium,Passed
STU-53171,Engineering,16.3,73.6,80.7,86.4,Medium,Passed
STU-53172,Computer Science,19.7,95.1,88.1,94.3,Medium,Passed
STU-53173,Data Science,12.8,93.7,83.3,89.2,Medium,Passed
STU-53174,Computer Science,14.1,83.7,77.9,83.4,Medium,Passed
STU-53175,Engineering,10.6,96.8,82.1,87.9,Medium,Passed
STU-53176,Humanities,21.0,80.1,79.7,85.3,Medium,Passed
STU-53177,Engineering,21.2,75.9,86.3,92.4,Medium,Passed
STU-53178,Computer Science,24.0,92.1,93.4,100.0,High,Passed
STU-53179,Computer Science,22.5,79.9,86.4,92.5,Medium,Passed
STU-53180,Computer Science,14.6,75.9,78.6,84.2,Medium,Passed
STU-53181,Humanities,17.9,81.8,84.5,90.5,Medium,Passed
STU-53182,Computer Science,18.0,78.6,77.4,82.9,Medium,Passed
STU-53183,Humanities,15.5,84.6,78.9,84.5,Medium,Passed
STU-53184,Engineering,16.9,89.5,88.9,95.2,Medium,Passed
STU-53185,Business & Economics,10.2,85.2,72.3,77.4,Medium,Passed
STU-53186,Business & Economics,19.3,100.0,83.4,89.3,Medium,Passed
STU-53187,Computer Science,14.7,100.0,84.5,90.5,Medium,Passed
STU-53188,Computer Science,11.2,81.6,59.1,63.3,Medium,Passed
STU-53189,Humanities,19.3,85.8,73.5,78.7,Medium,Passed
STU-53190,Computer Science,23.3,79.1,87.7,93.9,Medium,Passed
STU-53191,Engineering,13.1,68.5,63.8,68.3,Low,Passed
STU-53192,Engineering,21.4,56.2,74.4,79.7,Low,Passed
STU-53193,Computer Science,8.5,88.6,76.3,81.7,Medium,Passed
STU-53194,Business & Economics,27.4,100.0,93.4,100.0,High,Passed
STU-53195,Computer Science,12.9,75.6,74.5,79.8,Medium,Passed
STU-53196,Humanities,21.6,83.9,81.4,87.1,Medium,Passed
STU-53197,Engineering,25.3,92.4,92.7,99.2,High,Passed
STU-53198,Engineering,22.9,90.0,93.4,100.0,High,Passed
STU-53199,Computer Science,17.0,89.5,80.6,86.3,Medium,Passed
STU-53200,Data Science,12.4,95.6,80.7,86.4,Medium,Passed
STU-53201,Computer Science,21.2,78.5,93.2,99.8,Medium,Passed
STU-53202,Computer Science,14.7,90.8,74.4,79.7,Medium,Passed
STU-53203,Computer Science,20.4,74.8,71.4,76.4,Medium,Passed
STU-53204,Humanities,20.0,79.1,74.3,79.5,Medium,Passed
STU-53205,Computer Science,25.2,89.4,88.6,94.9,High,Passed
STU-53206,Data Science,11.1,78.0,65.3,69.9,Medium,Passed
STU-53207,Engineering,8.3,78.9,73.4,78.6,Medium,Passed
STU-53208,Business & Economics,22.7,80.6,93.4,100.0,Medium,Passed
STU-53209,Engineering,17.1,65.5,77.9,83.4,Low,Passed
STU-53210,Business & Economics,13.9,82.1,75.6,80.9,Medium,Passed
STU-53211,Computer Science,12.5,86.1,71.6,76.7,Medium,Passed
STU-53212,Computer Science,23.8,100.0,93.4,100.0,High,Passed
STU-53213,Engineering,25.0,68.1,72.1,77.2,Low,Passed
STU-53214,Data Science,16.0,57.4,69.5,74.4,Low,Passed
STU-53215,Data Science,15.8,70.8,67.8,72.6,Medium,Passed
STU-53216,Computer Science,19.2,97.3,93.4,100.0,Medium,Passed
STU-53217,Humanities,15.6,72.9,77.8,83.3,Medium,Passed
STU-53218,Computer Science,23.3,96.2,93.4,100.0,High,Passed
STU-53219,Humanities,19.1,72.3,80.2,85.9,Medium,Passed
STU-53220,Computer Science,21.2,87.8,93.4,100.0,High,Passed
STU-53221,Business & Economics,13.4,91.8,84.5,90.5,Medium,Passed
STU-53222,Computer Science,14.4,76.6,73.5,78.7,Medium,Passed
STU-53223,Computer Science,17.1,76.1,81.0,86.7,Medium,Passed
STU-53224,Engineering,20.2,71.4,75.9,81.3,Medium,Passed
STU-53225,Engineering,23.9,82.5,74.8,80.1,Medium,Passed
STU-53226,Engineering,22.2,93.9,93.4,100.0,High,Passed
STU-53227,Engineering,26.2,71.8,80.6,86.3,Medium,Passed
STU-53228,Engineering,27.9,69.2,77.7,83.2,Low,Passed
STU-53229,Business & Economics,17.6,93.2,88.5,94.8,Medium,Passed
STU-53230,Computer Science,14.3,75.2,76.4,81.8,Medium,Passed
STU-53231,Business & Economics,11.3,95.7,76.2,81.6,Medium,Passed
STU-53232,Data Science,23.4,74.2,79.2,84.8,Medium,Passed
STU-53233,Computer Science,14.6,99.5,92.9,99.5,Medium,Passed
STU-53234,Business & Economics,20.4,77.7,84.6,90.6,Medium,Passed
STU-53235,Business & Economics,28.1,90.8,93.4,100.0,High,Passed
STU-53236,Business & Economics,26.0,85.1,88.9,95.2,High,Passed
STU-53237,Business & Economics,15.2,89.7,81.2,86.9,Medium,Passed
STU-53238,Engineering,27.2,62.5,90.2,96.6,Low,Passed
STU-53239,Computer Science,17.3,79.8,67.3,72.1,Medium,Passed
STU-53240,Business & Economics,14.5,90.4,75.1,80.4,Medium,Passed
STU-53241,Computer Science,22.8,87.0,77.2,82.7,High,Passed
STU-53242,Computer Science,9.0,83.3,81.9,87.7,Medium,Passed
STU-53243,Computer Science,22.7,79.4,79.2,84.8,Medium,Passed
STU-53244,Humanities,14.1,71.5,59.0,63.2,Medium,Passed
STU-53245,Engineering,21.7,86.3,82.9,88.8,High,Passed
STU-53246,Computer Science,22.4,78.3,76.5,81.9,Medium,Passed
STU-53247,Data Science,17.2,91.3,81.4,87.2,Medium,Passed
STU-53248,Engineering,16.0,92.1,75.4,80.7,Medium,Passed
STU-53249,Engineering,19.5,90.8,84.3,90.3,Medium,Passed
STU-53250,Data Science,19.1,97.1,80.6,86.3,Medium,Passed
STU-53251,Engineering,25.0,88.1,93.4,100.0,High,Passed
STU-53252,Engineering,15.2,89.1,87.5,93.7,Medium,Passed
STU-53253,Engineering,17.5,79.3,79.5,85.1,Medium,Passed
STU-53254,Data Science,16.9,82.1,77.0,82.4,Medium,Passed
STU-53255,Business & Economics,10.7,71.2,68.6,73.4,Medium,Passed
STU-53256,Business & Economics,7.8,82.6,72.9,78.0,Medium,Passed
STU-53257,Engineering,13.2,70.4,72.9,78.0,Medium,Passed
STU-53258,Engineering,13.4,66.5,65.5,70.1,Low,Passed
STU-53259,Business & Economics,22.2,75.9,80.9,86.6,Medium,Passed
STU-53260,Business & Economics,33.2,79.2,93.4,100.0,Medium,Passed
STU-53261,Engineering,18.7,91.2,81.2,86.9,Medium,Passed
STU-53262,Business & Economics,20.6,73.6,77.9,83.4,Medium,Passed
STU-53263,Computer Science,13.4,75.1,71.5,76.6,Medium,Passed
STU-53264,Computer Science,17.9,76.9,82.4,88.2,Medium,Passed
STU-53265,Engineering,17.2,67.0,65.1,69.7,Low,Passed
STU-53266,Business & Economics,19.9,81.3,78.4,83.9,Medium,Passed
STU-53267,Engineering,12.9,89.0,80.2,85.9,Medium,Passed
STU-53268,Engineering,17.4,66.7,79.0,84.6,Low,Passed
STU-53269,Business & Economics,21.4,66.5,83.9,89.8,Low,Passed
STU-53270,Engineering,13.8,100.0,79.0,84.6,Medium,Passed
STU-53271,Computer Science,17.7,93.5,85.4,91.4,Medium,Passed
STU-53272,Engineering,16.2,79.1,83.1,89.0,Medium,Passed
STU-53273,Humanities,12.2,74.5,79.0,84.6,Medium,Passed
STU-53274,Engineering,20.2,76.8,78.3,83.8,Medium,Passed
STU-53275,Humanities,26.0,74.7,85.1,91.1,Medium,Passed
STU-53276,Data Science,15.2,70.3,64.6,69.2,Medium,Passed
STU-53277,Computer Science,11.6,80.7,72.9,78.1,Medium,Passed
STU-53278,Engineering,13.2,88.0,76.1,81.5,Medium,Passed
STU-53279,Data Science,13.4,75.3,69.2,74.1,Medium,Passed
STU-53280,Computer Science,10.3,61.3,58.8,62.9,Low,Passed
STU-53281,Computer Science,22.2,100.0,92.7,99.2,High,Passed
STU-53282,Business & Economics,28.7,94.7,93.4,100.0,High,Passed
STU-53283,Engineering,20.2,77.4,87.2,93.4,Medium,Passed
STU-53284,Computer Science,14.7,75.1,69.0,73.9,Medium,Passed
STU-53285,Computer Science,18.3,89.0,88.4,94.6,Medium,Passed
STU-53286,Engineering,15.2,89.6,81.2,86.9,Medium,Passed
STU-53287,Engineering,20.4,82.3,87.8,94.0,Medium,Passed
STU-53288,Engineering,18.5,82.7,79.7,85.3,Medium,Passed
STU-53289,Data Science,20.1,91.1,92.9,99.5,High,Passed
STU-53290,Data Science,13.5,92.3,86.6,92.7,Medium,Passed
STU-53291,Engineering,28.5,100.0,93.4,100.0,High,Passed
STU-53292,Engineering,8.4,81.2,71.5,76.5,Medium,Passed
STU-53293,Engineering,25.6,88.5,83.9,89.8,High,Passed
STU-53294,Computer Science,17.2,82.7,81.6,87.4,Medium,Passed
STU-53295,Business & Economics,19.4,82.7,83.9,89.8,Medium,Passed
STU-53296,Business & Economics,19.7,79.9,78.4,83.9,Medium,Passed
STU-53297,Computer Science,27.0,85.2,89.9,96.3,High,Passed
STU-53298,Computer Science,10.2,82.4,82.0,87.8,Medium,Passed
STU-53299,Computer Science,20.9,96.1,81.2,86.9,High,Passed
STU-53300,Computer Science,14.5,53.1,63.7,68.2,Low,Passed
STU-53301,Data Science,23.5,81.4,80.6,86.3,Medium,Passed
STU-53302,Engineering,24.5,85.8,89.9,96.3,High,Passed
STU-53303,Data Science,22.1,79.8,85.6,91.6,Medium,Passed
STU-53304,Computer Science,22.9,79.1,86.6,92.7,Medium,Passed
STU-53305,Business & Economics,10.4,88.8,76.6,82.0,Medium,Passed
STU-53306,Business & Economics,14.6,72.3,65.9,70.6,Medium,Passed
STU-53307,Computer Science,22.1,94.2,86.7,92.8,High,Passed
STU-53308,Engineering,27.7,68.2,84.6,90.6,Low,Passed
STU-53309,Engineering,11.4,85.5,86.8,92.9,Medium,Passed
STU-53310,Engineering,29.7,100.0,93.4,100.0,High,Passed
STU-53311,Computer Science,27.2,91.1,81.8,87.6,High,Passed
STU-53312,Data Science,20.9,73.1,77.2,82.6,Medium,Passed
STU-53313,Data Science,6.1,78.1,60.4,64.7,Medium,Passed
STU-53314,Engineering,26.4,100.0,91.7,98.2,High,Passed
STU-53315,Computer Science,20.9,76.3,80.2,85.9,Medium,Passed
STU-53316,Computer Science,18.9,73.1,79.8,85.4,Medium,Passed
STU-53317,Data Science,24.4,85.6,93.4,100.0,High,Passed
STU-53318,Computer Science,18.9,83.3,78.5,84.0,Medium,Passed
STU-53319,Computer Science,17.2,89.4,84.9,90.9,Medium,Passed
STU-53320,Computer Science,9.0,94.3,71.5,76.6,Medium,Passed
STU-53321,Computer Science,20.1,94.2,88.3,94.5,High,Passed
STU-53322,Engineering,21.6,88.9,82.4,88.2,High,Passed
STU-53323,Computer Science,23.0,81.5,87.3,93.5,Medium,Passed
STU-53324,Computer Science,22.4,86.0,81.0,86.7,High,Passed
STU-53325,Engineering,12.7,65.6,68.4,73.2,Low,Passed
STU-53326,Business & Economics,14.9,100.0,81.8,87.6,Medium,Passed
STU-53327,Engineering,18.9,92.5,93.4,100.0,Medium,Passed
STU-53328,Data Science,10.0,80.3,72.2,77.3,Medium,Passed
STU-53329,Business & Economics,17.7,71.0,59.0,63.2,Medium,Passed
STU-53330,Computer Science,23.0,72.4,89.6,95.9,Medium,Passed
STU-53331,Humanities,8.6,77.9,64.6,69.2,Medium,Passed
STU-53332,Humanities,26.3,80.0,83.6,89.5,Medium,Passed
STU-53333,Computer Science,23.5,89.2,92.6,99.1,High,Passed
STU-53334,Computer Science,25.6,84.3,85.5,91.5,Medium,Passed
STU-53335,Humanities,19.7,100.0,85.5,91.5,Medium,Passed
STU-53336,Business & Economics,15.6,84.8,86.6,92.7,Medium,Passed
STU-53337,Humanities,8.8,96.7,83.0,88.9,Medium,Passed
STU-53338,Business & Economics,11.3,89.3,75.8,81.1,Medium,Passed
STU-53339,Computer Science,25.1,98.8,93.4,100.0,High,Passed
STU-53340,Business & Economics,20.3,78.5,82.9,88.8,Medium,Passed
STU-53341,Engineering,17.3,76.8,72.9,78.0,Medium,Passed
STU-53342,Humanities,13.3,85.0,72.1,77.2,Medium,Passed
STU-53343,Engineering,15.8,64.0,75.0,80.3,Low,Passed
STU-53344,Computer Science,13.0,66.1,71.7,76.8,Low,Passed
STU-53345,Computer Science,21.4,82.1,77.6,83.1,Medium,Passed
STU-53346,Business & Economics,20.5,60.5,77.7,83.2,Low,Passed
STU-53347,Computer Science,14.9,83.6,78.2,83.7,Medium,Passed
STU-53348,Business & Economics,9.3,99.6,73.8,79.0,Medium,Passed
STU-53349,Computer Science,20.1,97.1,84.7,90.7,High,Passed
STU-53350,Computer Science,20.4,84.4,78.2,83.7,Medium,Passed
STU-53351,Computer Science,21.0,72.0,90.0,96.4,Medium,Passed
STU-53352,Computer Science,17.4,54.1,76.8,82.2,Low,Passed
STU-53353,Engineering,16.1,78.9,67.3,72.0,Medium,Passed
STU-53354,Engineering,11.8,100.0,82.3,88.1,Medium,Passed
STU-53355,Engineering,25.5,73.1,82.3,88.1,Medium,Passed
STU-53356,Business & Economics,26.5,100.0,93.4,100.0,High,Passed
STU-53357,Computer Science,25.9,72.6,83.6,89.5,Medium,Passed
STU-53358,Data Science,29.6,87.9,93.4,100.0,High,Passed
STU-53359,Data Science,20.9,92.0,91.4,97.9,High,Passed
STU-53360,Business & Economics,14.2,69.9,72.5,77.6,Low,Passed
STU-53361,Business & Economics,16.0,75.6,74.8,80.1,Medium,Passed
STU-53362,Computer Science,11.0,76.0,73.2,78.4,Medium,Passed
STU-53363,Computer Science,27.1,88.9,93.4,100.0,High,Passed
STU-53364,Computer Science,4.2,75.2,60.3,64.6,Medium,Passed
STU-53365,Business & Economics,18.1,89.7,90.0,96.4,Medium,Passed
STU-53366,Humanities,13.2,84.7,76.6,82.0,Medium,Passed
STU-53367,Computer Science,21.4,79.6,82.8,88.6,Medium,Passed
STU-53368,Business & Economics,4.1,49.7,53.7,57.5,Low,Passed
STU-53369,Computer Science,23.3,100.0,93.4,100.0,High,Passed
STU-53370,Computer Science,28.5,68.0,81.6,87.4,Low,Passed
STU-53371,Data Science,21.3,75.8,83.0,88.9,Medium,Passed
STU-53372,Computer Science,17.7,100.0,89.5,95.8,Medium,Passed
STU-53373,Business & Economics,16.9,93.2,88.7,95.0,Medium,Passed
STU-53374,Computer Science,17.5,77.8,79.8,85.4,Medium,Passed
STU-53375,Engineering,18.3,83.1,80.3,86.0,Medium,Passed
STU-53376,Business & Economics,18.9,98.8,92.5,99.0,Medium,Passed
STU-53377,Engineering,23.6,76.2,86.8,92.9,Medium,Passed
STU-53378,Computer Science,9.2,91.7,69.7,74.6,Medium,Passed
STU-53379,Business & Economics,30.3,77.0,93.4,100.0,Medium,Passed
STU-53380,Business & Economics,25.2,100.0,93.4,100.0,High,Passed
STU-53381,Computer Science,15.6,88.8,88.1,94.3,Medium,Passed
STU-53382,Computer Science,29.2,94.1,83.0,88.9,High,Passed
STU-53383,Engineering,9.8,92.9,82.7,88.5,Medium,Passed
STU-53384,Humanities,21.7,86.1,82.9,88.8,High,Passed
STU-53385,Computer Science,7.2,87.3,72.2,77.3,Medium,Passed
STU-53386,Business & Economics,11.8,70.8,73.6,78.8,Medium,Passed
STU-53387,Humanities,21.2,67.6,70.4,75.4,Low,Passed
STU-53388,Business & Economics,27.7,77.7,81.9,87.7,Medium,Passed
STU-53389,Computer Science,5.9,73.0,65.3,69.9,Medium,Passed
STU-53390,Humanities,17.5,89.2,65.6,70.2,Medium,Passed
STU-53391,Engineering,19.8,86.2,84.1,90.0,Medium,Passed
STU-53392,Computer Science,12.1,93.1,75.9,81.3,Medium,Passed
STU-53393,Data Science,12.4,91.2,83.6,89.5,Medium,Passed
STU-53394,Engineering,24.5,77.1,78.3,83.8,Medium,Passed
STU-53395,Engineering,22.5,82.6,83.1,89.0,Medium,Passed
STU-53396,Computer Science,9.6,84.7,70.9,75.9,Medium,Passed
STU-53397,Computer Science,19.2,82.5,81.0,86.7,Medium,Passed
STU-53398,Business & Economics,21.6,100.0,87.7,93.9,High,Passed
STU-53399,Humanities,17.5,91.9,80.6,86.3,Medium,Passed
STU-53400,Engineering,28.9,68.9,85.4,91.4,Low,Passed
STU-53401,Computer Science,9.2,90.2,70.3,75.3,Medium,Passed
STU-53402,Computer Science,30.2,87.5,88.5,94.8,High,Passed
STU-53403,Engineering,24.9,87.5,93.4,100.0,High,Passed
STU-53404,Computer Science,10.5,91.9,79.4,85.0,Medium,Passed
STU-53405,Business & Economics,20.7,96.5,93.4,100.0,High,Passed
STU-53406,Engineering,19.0,57.5,71.1,76.1,Low,Passed
STU-53407,Business & Economics,8.0,92.1,75.5,80.8,Medium,Passed
STU-53408,Engineering,15.6,71.9,83.0,88.9,Medium,Passed
STU-53409,Engineering,11.5,90.3,93.4,100.0,Medium,Passed
STU-53410,Computer Science,23.2,84.3,89.4,95.7,Medium,Passed
STU-53411,Engineering,12.7,79.2,74.8,80.1,Medium,Passed
STU-53412,Engineering,18.1,98.3,88.6,94.9,Medium,Passed
STU-53413,Business & Economics,16.3,77.3,84.1,90.0,Medium,Passed
STU-53414,Business & Economics,18.4,94.9,86.3,92.4,Medium,Passed
STU-53415,Business & Economics,23.2,100.0,93.4,100.0,High,Passed
STU-53416,Humanities,18.7,91.4,78.4,83.9,Medium,Passed
STU-53417,Computer Science,24.4,84.0,83.8,89.7,Medium,Passed
STU-53418,Humanities,23.0,76.5,67.7,72.5,Medium,Passed
STU-53419,Computer Science,20.6,90.3,93.4,100.0,High,Passed
STU-53420,Computer Science,18.6,94.3,79.2,84.8,Medium,Passed
STU-53421,Computer Science,23.5,66.8,81.2,86.9,Low,Passed
STU-53422,Computer Science,19.4,86.1,85.5,91.5,Medium,Passed
STU-53423,Engineering,19.3,78.8,82.4,88.2,Medium,Passed
STU-53424,Computer Science,15.5,73.5,64.7,69.3,Medium,Passed
STU-53425,Computer Science,18.1,80.8,80.9,86.6,Medium,Passed
STU-53426,Engineering,4.1,72.4,60.2,64.5,Medium,Passed
STU-53427,Computer Science,6.5,79.3,72.9,78.0,Medium,Passed
STU-53428,Business & Economics,23.7,57.0,75.7,81.0,Low,Passed
STU-53429,Data Science,9.0,83.2,78.9,84.5,Medium,Passed
STU-53430,Computer Science,10.3,61.8,71.2,76.2,Low,Passed
STU-53431,Engineering,17.0,73.2,71.6,76.7,Medium,Passed
STU-53432,Computer Science,25.8,99.0,93.4,100.0,High,Passed
STU-53433,Business & Economics,14.4,91.1,78.6,84.1,Medium,Passed
STU-53434,Data Science,17.4,68.8,77.7,83.2,Low,Passed
STU-53435,Computer Science,24.0,79.5,92.2,98.7,Medium,Passed
STU-53436,Engineering,14.0,80.6,80.8,86.5,Medium,Passed
STU-53437,Computer Science,27.9,92.4,93.4,100.0,High,Passed
STU-53438,Computer Science,14.7,100.0,90.9,97.3,Medium,Passed
STU-53439,Engineering,17.6,87.3,82.2,88.0,Medium,Passed
STU-53440,Computer Science,11.5,61.1,62.6,67.0,Low,Passed
STU-53441,Computer Science,22.0,79.7,90.1,96.5,Medium,Passed
STU-53442,Humanities,21.3,92.2,89.0,95.3,High,Passed
STU-53443,Computer Science,21.2,93.5,89.0,95.3,High,Passed
STU-53444,Computer Science,26.4,63.4,86.3,92.4,Low,Passed
STU-53445,Business & Economics,21.6,76.9,91.4,97.8,Medium,Passed
STU-53446,Computer Science,20.1,100.0,93.4,100.0,High,Passed
STU-53447,Computer Science,13.4,90.7,77.4,82.9,Medium,Passed
STU-53448,Engineering,19.4,88.4,84.8,90.8,Medium,Passed
STU-53449,Business & Economics,13.3,56.3,75.0,80.3,Low,Passed
STU-53450,Computer Science,13.8,85.8,79.8,85.4,Medium,Passed
STU-53451,Engineering,14.2,79.3,83.7,89.6,Medium,Passed
STU-53452,Business & Economics,25.5,62.0,88.5,94.8,Low,Passed
STU-53453,Engineering,16.7,89.8,84.0,89.9,Medium,Passed
STU-53454,Computer Science,12.8,81.5,79.1,84.7,Medium,Passed
STU-53455,Data Science,11.3,91.1,80.3,86.0,Medium,Passed
STU-53456,Computer Science,14.7,94.7,93.4,100.0,Medium,Passed
STU-53457,Engineering,33.1,81.5,91.4,97.8,Medium,Passed
STU-53458,Engineering,24.9,85.2,93.4,100.0,High,Passed
STU-53459,Computer Science,20.7,70.0,73.4,78.6,Low,Passed
STU-53460,Computer Science,16.9,100.0,81.1,86.8,Medium,Passed
STU-53461,Engineering,16.6,56.5,62.8,67.2,Low,Passed
STU-53462,Computer Science,7.2,96.0,76.7,82.1,Medium,Passed
STU-53463,Engineering,18.6,85.4,89.2,95.5,Medium,Passed
STU-53464,Business & Economics,10.7,100.0,76.7,82.1,Medium,Passed
STU-53465,Engineering,17.9,76.2,78.4,83.9,Medium,Passed
STU-53466,Computer Science,21.5,79.6,83.3,89.2,Medium,Passed
STU-53467,Humanities,20.1,90.0,93.4,100.0,High,Passed
STU-53468,Data Science,21.6,96.2,93.1,99.7,High,Passed
STU-53469,Humanities,10.2,83.4,76.4,81.8,Medium,Passed
STU-53470,Engineering,5.8,99.0,80.6,86.3,Medium,Passed
STU-53471,Business & Economics,22.2,80.1,88.8,95.1,Medium,Passed
STU-53472,Computer Science,17.6,78.7,83.7,89.6,Medium,Passed
STU-53473,Computer Science,13.9,100.0,78.8,84.4,Medium,Passed
STU-53474,Engineering,14.0,81.4,79.8,85.4,Medium,Passed
STU-53475,Engineering,20.6,79.0,81.1,86.8,Medium,Passed
STU-53476,Engineering,17.5,80.8,90.6,97.0,Medium,Passed
STU-53477,Data Science,18.7,87.2,88.5,94.8,Medium,Passed
STU-53478,Engineering,34.9,87.2,93.4,100.0,High,Passed
STU-53479,Business & Economics,24.9,85.3,93.4,100.0,High,Passed
STU-53480,Data Science,30.8,80.8,93.4,100.0,Medium,Passed
STU-53481,Data Science,17.2,74.9,72.1,77.2,Medium,Passed
STU-53482,Engineering,23.7,100.0,90.7,97.1,High,Passed
STU-53483,Computer Science,27.3,61.8,80.7,86.4,Low,Passed
STU-53484,Engineering,19.1,76.2,80.1,85.8,Medium,Passed
STU-53485,Computer Science,25.3,82.3,82.4,88.2,Medium,Passed
STU-53486,Computer Science,24.9,86.9,93.4,100.0,High,Passed
STU-53487,Computer Science,17.9,86.2,91.0,97.4,Medium,Passed
STU-53488,Computer Science,20.7,89.1,93.4,100.0,High,Passed
STU-53489,Business & Economics,23.8,90.7,86.5,92.6,High,Passed
STU-53490,Computer Science,26.8,93.8,93.4,100.0,High,Passed
STU-53491,Business & Economics,22.6,61.8,74.9,80.2,Low,Passed
STU-53492,Data Science,21.2,86.1,85.1,91.1,High,Passed
STU-53493,Engineering,19.0,100.0,86.6,92.7,Medium,Passed
STU-53494,Business & Economics,29.7,92.7,93.4,100.0,High,Passed
STU-53495,Business & Economics,23.7,85.5,82.2,88.0,High,Passed
STU-53496,Business & Economics,15.8,84.8,82.5,88.3,Medium,Passed
STU-53497,Humanities,24.3,82.6,93.1,99.7,Medium,Passed
STU-53498,Humanities,15.7,95.5,82.5,88.3,Medium,Passed
STU-53499,Business & Economics,25.4,87.3,93.4,100.0,High,Passed
STU-53500,Data Science,18.7,84.1,87.6,93.8,Medium,Passed
STU-53501,Engineering,27.6,86.8,92.6,99.1,High,Passed
STU-53502,Computer Science,19.7,74.5,86.6,92.7,Medium,Passed
STU-53503,Engineering,16.9,88.7,85.2,91.2,Medium,Passed
STU-53504,Computer Science,30.7,83.9,93.4,100.0,Medium,Passed
STU-53505,Engineering,11.7,77.4,72.2,77.3,Medium,Passed
STU-53506,Engineering,14.6,91.9,82.8,88.6,Medium,Passed
STU-53507,Engineering,19.4,87.3,85.2,91.2,Medium,Passed
STU-53508,Business & Economics,10.2,96.1,70.8,75.8,Medium,Passed
STU-53509,Computer Science,19.9,78.8,92.0,98.5,Medium,Passed
STU-53510,Computer Science,9.7,99.1,72.1,77.2,Medium,Passed
STU-53511,Engineering,14.9,89.6,82.6,88.4,Medium,Passed
STU-53512,Business & Economics,21.4,63.6,70.9,75.9,Low,Passed
STU-53513,Computer Science,19.5,87.5,89.8,96.1,Medium,Passed
STU-53514,Engineering,19.7,77.3,78.3,83.8,Medium,Passed
STU-53515,Computer Science,11.7,78.7,71.5,76.5,Medium,Passed
STU-53516,Engineering,20.9,81.6,91.1,97.5,Medium,Passed
STU-53517,Computer Science,14.1,87.0,68.8,73.7,Medium,Passed
STU-53518,Engineering,13.6,58.1,61.6,66.0,Low,Passed
STU-53519,Computer Science,15.7,82.3,72.7,77.8,Medium,Passed
STU-53520,Engineering,17.8,100.0,92.6,99.1,Medium,Passed
STU-53521,Engineering,18.2,84.8,81.9,87.7,Medium,Passed
STU-53522,Business & Economics,27.6,93.5,93.4,100.0,High,Passed
STU-53523,Data Science,16.7,85.4,84.8,90.8,Medium,Passed
STU-53524,Engineering,11.6,84.2,72.2,77.3,Medium,Passed
STU-53525,Humanities,21.5,77.9,86.6,92.7,Medium,Passed
STU-53526,Engineering,12.4,86.0,77.9,83.4,Medium,Passed
STU-53527,Computer Science,12.1,91.8,77.2,82.7,Medium,Passed
STU-53528,Computer Science,19.4,81.3,78.9,84.5,Medium,Passed
STU-53529,Humanities,13.1,71.4,71.8,76.9,Medium,Passed
STU-53530,Computer Science,16.5,71.1,79.8,85.4,Medium,Passed
STU-53531,Computer Science,14.6,95.6,80.0,85.7,Medium,Passed
STU-53532,Engineering,15.3,100.0,90.1,96.5,Medium,Passed
STU-53533,Engineering,20.1,87.3,89.5,95.8,High,Passed
STU-53534,Computer Science,8.3,81.9,71.0,76.0,Medium,Passed
STU-53535,Business & Economics,10.8,98.2,72.5,77.6,Medium,Passed
STU-53536,Business & Economics,19.3,91.4,84.5,90.5,Medium,Passed
STU-53537,Computer Science,10.5,95.1,74.1,79.3,Medium,Passed
STU-53538,Computer Science,11.1,72.0,61.6,65.9,Medium,Passed
STU-53539,Data Science,22.4,88.9,89.0,95.3,High,Passed
STU-53540,Data Science,19.8,93.2,93.4,100.0,Medium,Passed
STU-53541,Computer Science,9.0,78.1,76.3,81.7,Medium,Passed
STU-53542,Computer Science,18.1,89.9,75.6,80.9,Medium,Passed
STU-53543,Computer Science,27.6,92.7,93.4,100.0,High,Passed
STU-53544,Data Science,24.6,70.7,76.5,81.9,Medium,Passed
STU-53545,Business & Economics,23.6,75.4,74.6,79.9,Medium,Passed
STU-53546,Computer Science,21.3,91.5,90.3,96.7,High,Passed
STU-53547,Engineering,24.8,86.1,82.9,88.8,High,Passed
STU-53548,Business & Economics,9.1,67.0,61.8,66.2,Low,Passed
STU-53549,Computer Science,14.4,100.0,91.6,98.1,Medium,Passed
STU-53550,Computer Science,22.3,93.8,93.4,100.0,High,Passed
STU-53551,Computer Science,15.3,66.7,58.9,63.1,Low,Passed
STU-53552,Engineering,13.9,86.3,80.5,86.2,Medium,Passed
STU-53553,Computer Science,19.4,88.4,83.0,88.9,Medium,Passed
STU-53554,Engineering,22.0,81.9,93.4,100.0,Medium,Passed
STU-53555,Engineering,19.3,100.0,82.2,88.0,Medium,Passed
STU-53556,Data Science,24.7,85.3,86.0,92.1,High,Passed
STU-53557,Business & Economics,12.9,93.3,88.8,95.1,Medium,Passed
STU-53558,Engineering,19.0,90.7,93.1,99.7,Medium,Passed
STU-53559,Business & Economics,22.0,85.0,84.4,90.4,Medium,Passed
STU-53560,Computer Science,24.2,86.2,93.4,100.0,High,Passed
STU-53561,Computer Science,16.8,85.3,84.1,90.0,Medium,Passed
STU-53562,Computer Science,25.1,90.7,89.6,95.9,High,Passed
STU-53563,Computer Science,23.4,91.1,93.4,100.0,High,Passed
STU-53564,Data Science,18.0,92.5,88.6,94.9,Medium,Passed
STU-53565,Engineering,16.2,78.8,82.9,88.7,Medium,Passed
STU-53566,Computer Science,27.4,91.7,93.4,100.0,High,Passed
STU-53567,Computer Science,24.4,73.1,87.7,93.9,Medium,Passed
STU-53568,Computer Science,24.6,72.2,77.3,82.8,Medium,Passed
STU-53569,Data Science,15.2,80.8,76.9,82.3,Medium,Passed
STU-53570,Computer Science,14.0,96.5,87.3,93.5,Medium,Passed
STU-53571,Engineering,22.1,92.1,83.7,89.6,High,Passed
STU-53572,Data Science,18.7,61.4,78.7,84.3,Low,Passed
STU-53573,Data Science,12.7,84.8,81.4,87.2,Medium,Passed
STU-53574,Engineering,10.1,65.3,64.3,68.8,Low,Passed
STU-53575,Engineering,17.4,93.1,85.4,91.4,Medium,Passed
STU-53576,Computer Science,13.2,83.7,63.0,67.4,Medium,Passed
STU-53577,Computer Science,25.5,78.0,85.7,91.7,Medium,Passed
STU-53578,Engineering,25.4,80.2,82.8,88.6,Medium,Passed
STU-53579,Business & Economics,10.4,84.2,70.4,75.4,Medium,Passed
STU-53580,Computer Science,24.0,84.5,91.0,97.4,Medium,Passed
STU-53581,Data Science,25.6,96.8,93.4,100.0,High,Passed
STU-53582,Computer Science,25.2,85.0,92.5,99.0,Medium,Passed
STU-53583,Business & Economics,12.4,67.6,59.7,63.9,Low,Passed
STU-53584,Engineering,11.7,86.5,77.0,82.4,Medium,Passed
STU-53585,Business & Economics,20.2,95.1,93.4,100.0,High,Passed
STU-53586,Computer Science,10.1,77.5,71.6,76.7,Medium,Passed
STU-53587,Business & Economics,8.3,78.6,82.6,88.4,Medium,Passed
STU-53588,Business & Economics,16.1,82.5,91.3,97.7,Medium,Passed
STU-53589,Computer Science,27.1,84.1,93.1,99.7,Medium,Passed
STU-53590,Engineering,25.6,89.0,92.7,99.2,High,Passed
STU-53591,Computer Science,14.9,74.2,73.1,78.3,Medium,Passed
STU-53592,Computer Science,16.7,80.2,74.9,80.2,Medium,Passed
STU-53593,Engineering,23.0,78.3,87.5,93.7,Medium,Passed
STU-53594,Computer Science,22.2,97.1,93.4,100.0,High,Passed
STU-53595,Business & Economics,25.2,79.0,74.8,80.1,Medium,Passed
STU-53596,Computer Science,19.7,76.4,89.4,95.7,Medium,Passed
STU-53597,Business & Economics,19.7,67.1,63.4,67.9,Low,Passed
STU-53598,Humanities,12.8,69.7,67.6,72.4,Low,Passed
STU-53599,Engineering,18.6,75.6,83.0,88.9,Medium,Passed
STU-53600,Computer Science,26.0,98.3,93.4,100.0,High,Passed
STU-53601,Engineering,16.1,72.2,72.1,77.2,Medium,Passed
STU-53602,Computer Science,16.2,74.8,74.0,79.2,Medium,Passed
STU-53603,Engineering,19.7,49.3,62.1,66.5,Low,Passed
STU-53604,Engineering,26.2,77.6,89.3,95.6,Medium,Passed
STU-53605,Engineering,16.9,77.8,66.4,71.1,Medium,Passed
STU-53606,Engineering,16.1,76.7,75.4,80.7,Medium,Passed
STU-53607,Business & Economics,17.1,77.2,82.0,87.8,Medium,Passed
STU-53608,Computer Science,15.3,61.3,68.3,73.1,Low,Passed
STU-53609,Computer Science,19.5,70.5,84.4,90.4,Medium,Passed
STU-53610,Computer Science,24.2,68.2,85.1,91.1,Low,Passed
STU-53611,Data Science,10.8,69.1,66.2,70.9,Low,Passed
STU-53612,Engineering,19.9,80.6,87.1,93.3,Medium,Passed
STU-53613,Humanities,17.7,100.0,93.4,100.0,Medium,Passed
STU-53614,Computer Science,15.0,68.8,75.0,80.3,Low,Passed
STU-53615,Computer Science,13.1,73.3,73.2,78.4,Medium,Passed
STU-53616,Engineering,17.5,92.4,93.4,100.0,Medium,Passed
STU-53617,Business & Economics,12.6,71.3,65.9,70.5,Medium,Passed
STU-53618,Engineering,21.3,78.9,84.0,89.9,Medium,Passed
STU-53619,Data Science,23.8,81.1,85.1,91.1,Medium,Passed
STU-53620,Engineering,18.1,94.0,86.6,92.7,Medium,Passed
STU-53621,Engineering,18.5,85.2,87.9,94.1,Medium,Passed
STU-53622,Computer Science,20.0,84.9,89.1,95.4,Medium,Passed
STU-53623,Business & Economics,21.2,93.0,88.5,94.8,High,Passed
STU-53624,Engineering,10.0,72.9,71.0,76.0,Medium,Passed
STU-53625,Data Science,15.9,80.6,76.9,82.3,Medium,Passed
STU-53626,Computer Science,26.0,100.0,93.4,100.0,High,Passed
STU-53627,Business & Economics,18.8,93.6,85.9,92.0,Medium,Passed
STU-53628,Computer Science,25.9,78.1,89.9,96.2,Medium,Passed
STU-53629,Computer Science,14.4,70.2,72.7,77.8,Medium,Passed
STU-53630,Engineering,23.4,89.4,90.8,97.2,High,Passed
STU-53631,Computer Science,12.8,78.2,68.7,73.6,Medium,Passed
STU-53632,Engineering,24.9,77.4,93.4,100.0,Medium,Passed
STU-53633,Humanities,24.8,60.3,72.0,77.1,Low,Passed
STU-53634,Engineering,24.7,56.7,81.6,87.4,Low,Passed
STU-53635,Engineering,16.9,100.0,87.2,93.4,Medium,Passed
STU-53636,Engineering,21.4,86.8,82.9,88.8,High,Passed
STU-53637,Engineering,26.2,83.0,80.8,86.5,Medium,Passed
STU-53638,Business & Economics,21.1,62.8,79.1,84.7,Low,Passed
STU-53639,Engineering,23.2,66.8,82.6,88.4,Low,Passed
STU-53640,Engineering,23.7,79.2,87.1,93.2,Medium,Passed
STU-53641,Engineering,5.3,97.2,73.8,79.0,Medium,Passed
STU-53642,Computer Science,10.2,78.6,78.6,84.1,Medium,Passed
STU-53643,Computer Science,25.5,81.3,93.4,100.0,Medium,Passed
STU-53644,Business & Economics,16.1,61.3,70.4,75.4,Low,Passed
STU-53645,Business & Economics,4.2,77.2,55.9,59.8,Medium,Passed
STU-53646,Engineering,15.8,91.8,68.5,73.3,Medium,Passed
STU-53647,Engineering,13.5,90.2,80.0,85.7,Medium,Passed
STU-53648,Computer Science,7.8,67.4,69.2,74.1,Low,Passed
STU-53649,Computer Science,29.1,70.2,80.7,86.4,Medium,Passed
STU-53650,Engineering,22.0,85.2,76.5,81.9,High,Passed
STU-53651,Business & Economics,10.9,78.9,75.6,80.9,Medium,Passed
STU-53652,Computer Science,9.6,78.6,69.0,73.9,Medium,Passed
STU-53653,Business & Economics,20.8,81.3,80.9,86.6,Medium,Passed
STU-53654,Business & Economics,15.6,84.6,78.4,83.9,Medium,Passed
STU-53655,Computer Science,21.3,98.0,93.4,100.0,High,Passed
STU-53656,Business & Economics,19.0,94.3,86.2,92.3,Medium,Passed
STU-53657,Engineering,20.5,82.4,91.3,97.7,Medium,Passed
STU-53658,Computer Science,13.1,80.1,84.1,90.0,Medium,Passed
STU-53659,Business & Economics,19.1,87.6,85.8,91.9,Medium,Passed
STU-53660,Engineering,16.3,71.8,77.0,82.4,Medium,Passed
STU-53661,Engineering,20.0,81.7,80.1,85.8,Medium,Passed
STU-53662,Computer Science,16.9,76.5,83.2,89.1,Medium,Passed
STU-53663,Data Science,19.1,81.9,82.9,88.8,Medium,Passed
STU-53664,Computer Science,11.9,83.8,70.7,75.7,Medium,Passed
STU-53665,Computer Science,25.1,89.2,85.1,91.1,High,Passed
STU-53666,Computer Science,15.1,55.8,75.4,80.7,Low,Passed
STU-53667,Computer Science,7.3,64.1,64.1,68.6,Low,Passed
STU-53668,Engineering,25.0,84.6,88.1,94.3,Medium,Passed
STU-53669,Business & Economics,23.9,97.7,93.4,100.0,High,Passed
STU-53670,Engineering,19.4,83.7,83.8,89.7,Medium,Passed
STU-53671,Engineering,15.4,98.5,88.9,95.2,Medium,Passed
STU-53672,Engineering,8.9,65.9,71.5,76.5,Low,Passed
STU-53673,Computer Science,19.2,89.7,85.9,92.0,Medium,Passed
STU-53674,Business & Economics,18.7,94.0,86.5,92.6,Medium,Passed
STU-53675,Engineering,24.6,81.6,89.3,95.6,Medium,Passed
STU-53676,Business & Economics,22.0,75.6,81.5,87.3,Medium,Passed
STU-53677,Data Science,17.9,74.1,70.3,75.3,Medium,Passed
STU-53678,Data Science,13.4,69.7,74.1,79.3,Low,Passed
STU-53679,Engineering,28.3,84.3,93.4,100.0,Medium,Passed
STU-53680,Data Science,10.8,80.8,79.8,85.4,Medium,Passed
STU-53681,Engineering,20.4,79.6,80.6,86.3,Medium,Passed
STU-53682,Engineering,22.1,90.3,84.3,90.3,High,Passed
STU-53683,Computer Science,18.6,68.1,79.1,84.7,Low,Passed
STU-53684,Business & Economics,7.4,100.0,69.8,74.7,Medium,Passed
STU-53685,Business & Economics,18.0,92.1,86.1,92.2,Medium,Passed
STU-53686,Data Science,14.6,97.7,83.3,89.2,Medium,Passed
STU-53687,Engineering,11.5,98.7,85.0,91.0,Medium,Passed
STU-53688,Engineering,17.9,80.9,79.8,85.4,Medium,Passed
STU-53689,Data Science,7.7,99.1,62.1,66.5,Medium,Passed
STU-53690,Humanities,23.9,78.7,92.6,99.1,Medium,Passed
STU-53691,Business & Economics,23.4,87.5,81.4,87.2,High,Passed
STU-53692,Computer Science,10.9,76.2,70.8,75.8,Medium,Passed
STU-53693,Business & Economics,19.6,83.6,83.8,89.7,Medium,Passed
STU-53694,Business & Economics,16.2,89.1,78.6,84.1,Medium,Passed
STU-53695,Business & Economics,23.2,69.0,83.7,89.6,Low,Passed
STU-53696,Engineering,18.6,69.8,78.1,83.6,Low,Passed
STU-53697,Engineering,13.8,76.0,74.0,79.2,Medium,Passed
STU-53698,Business & Economics,11.5,76.8,80.3,86.0,Medium,Passed
STU-53699,Computer Science,27.2,80.5,91.6,98.1,Medium,Passed
STU-53700,Engineering,31.5,81.3,93.4,100.0,Medium,Passed
STU-53701,Business & Economics,17.0,74.1,77.4,82.9,Medium,Passed
STU-53702,Data Science,20.1,88.5,90.9,97.3,High,Passed
STU-53703,Computer Science,18.6,87.9,80.1,85.8,Medium,Passed
STU-53704,Computer Science,13.7,80.1,93.4,100.0,Medium,Passed
STU-53705,Engineering,19.1,72.1,69.8,74.7,Medium,Passed
STU-53706,Engineering,21.8,57.8,68.1,72.9,Low,Passed
STU-53707,Computer Science,26.8,73.3,89.5,95.8,Medium,Passed
STU-53708,Data Science,23.0,88.2,86.4,92.5,High,Passed
STU-53709,Computer Science,12.4,85.7,82.9,88.7,Medium,Passed
STU-53710,Engineering,19.8,70.9,84.6,90.6,Medium,Passed
STU-53711,Business & Economics,15.6,73.3,73.3,78.5,Medium,Passed
STU-53712,Engineering,31.9,86.6,93.4,100.0,High,Passed
STU-53713,Computer Science,19.6,74.8,80.4,86.1,Medium,Passed
STU-53714,Business & Economics,16.6,80.0,93.4,100.0,Medium,Passed
STU-53715,Humanities,18.0,82.2,86.5,92.6,Medium,Passed
STU-53716,Data Science,18.2,59.6,70.6,75.6,Low,Passed
STU-53717,Data Science,11.1,80.4,71.5,76.6,Medium,Passed
STU-53718,Computer Science,12.8,97.3,81.9,87.7,Medium,Passed
STU-53719,Computer Science,20.8,71.2,71.9,77.0,Medium,Passed
STU-53720,Computer Science,20.1,93.8,82.6,88.4,High,Passed
STU-53721,Computer Science,30.0,88.8,93.4,100.0,High,Passed
STU-53722,Computer Science,10.6,66.2,66.5,71.2,Low,Passed
STU-53723,Engineering,19.4,100.0,93.4,100.0,Medium,Passed
STU-53724,Engineering,18.0,92.5,77.2,82.7,Medium,Passed
STU-53725,Engineering,12.8,78.4,77.9,83.4,Medium,Passed
STU-53726,Engineering,21.5,62.2,73.8,79.0,Low,Passed
STU-53727,Business & Economics,23.9,88.9,93.4,100.0,High,Passed
STU-53728,Data Science,17.4,88.1,77.1,82.5,Medium,Passed
STU-53729,Engineering,18.6,70.7,70.0,74.9,Medium,Passed
STU-53730,Engineering,22.0,67.4,68.5,73.3,Low,Passed
STU-53731,Data Science,20.5,78.1,79.9,85.5,Medium,Passed
STU-53732,Computer Science,22.3,66.9,84.2,90.1,Low,Passed
STU-53733,Engineering,28.6,90.6,93.4,100.0,High,Passed
STU-53734,Data Science,26.9,77.1,93.4,100.0,Medium,Passed
STU-53735,Engineering,21.5,100.0,93.4,100.0,High,Passed
STU-53736,Computer Science,13.4,99.3,90.6,97.0,Medium,Passed
STU-53737,Computer Science,25.7,48.3,69.9,74.8,Low,Passed
STU-53738,Business & Economics,14.9,89.0,78.3,83.8,Medium,Passed
STU-53739,Business & Economics,13.2,44.8,55.0,58.9,Low,Passed
STU-53740,Business & Economics,9.8,75.8,56.7,60.7,Medium,Passed
STU-53741,Computer Science,13.6,70.7,66.2,70.9,Medium,Passed
STU-53742,Computer Science,27.0,76.4,92.2,98.7,Medium,Passed
STU-53743,Business & Economics,19.7,76.6,86.7,92.8,Medium,Passed
STU-53744,Business & Economics,18.7,83.1,85.3,91.3,Medium,Passed
STU-53745,Business & Economics,6.1,90.4,76.0,81.4,Medium,Passed
STU-53746,Computer Science,13.3,98.4,68.6,73.4,Medium,Passed
STU-53747,Humanities,7.1,100.0,87.9,94.1,Medium,Passed
STU-53748,Computer Science,26.8,77.3,80.6,86.3,Medium,Passed
STU-53749,Engineering,22.2,86.9,92.5,99.0,High,Passed
STU-53750,Computer Science,25.6,100.0,86.8,92.9,High,Passed
STU-53751,Business & Economics,25.1,97.8,93.4,100.0,High,Passed
STU-53752,Computer Science,20.2,86.3,75.1,80.4,High,Passed
STU-53753,Computer Science,22.7,78.6,91.7,98.2,Medium,Passed
STU-53754,Computer Science,8.7,95.6,72.3,77.4,Medium,Passed
STU-53755,Business & Economics,17.0,66.4,66.0,70.7,Low,Passed
STU-53756,Humanities,8.0,100.0,79.2,84.8,Medium,Passed
STU-53757,Engineering,21.0,94.7,85.6,91.6,High,Passed
STU-53758,Computer Science,17.5,96.5,87.8,94.0,Medium,Passed
STU-53759,Computer Science,15.9,79.3,69.9,74.8,Medium,Passed
STU-53760,Engineering,19.1,86.9,82.4,88.2,Medium,Passed
STU-53761,Humanities,18.8,94.3,90.7,97.1,Medium,Passed
STU-53762,Business & Economics,15.9,80.9,82.3,88.1,Medium,Passed
STU-53763,Computer Science,20.4,61.6,71.6,76.7,Low,Passed
STU-53764,Computer Science,29.1,63.9,85.0,91.0,Low,Passed
STU-53765,Engineering,11.0,81.6,77.4,82.9,Medium,Passed
STU-53766,Business & Economics,17.5,100.0,89.9,96.3,Medium,Passed
STU-53767,Engineering,12.8,60.4,67.0,71.7,Low,Passed
STU-53768,Engineering,16.8,89.1,82.3,88.1,Medium,Passed
STU-53769,Data Science,19.4,100.0,87.6,93.8,Medium,Passed
STU-53770,Humanities,17.0,68.3,60.8,65.1,Low,Passed
STU-53771,Engineering,14.1,91.2,79.9,85.5,Medium,Passed
STU-53772,Business & Economics,14.5,88.5,85.7,91.7,Medium,Passed
STU-53773,Business & Economics,21.1,84.9,85.2,91.2,Medium,Passed
STU-53774,Computer Science,10.5,99.7,82.5,88.3,Medium,Passed
STU-53775,Computer Science,28.5,81.0,85.0,91.0,Medium,Passed
STU-53776,Data Science,24.4,76.2,77.1,82.5,Medium,Passed
STU-53777,Engineering,25.6,91.4,89.5,95.8,High,Passed
STU-53778,Engineering,20.8,100.0,93.4,100.0,High,Passed
STU-53779,Business & Economics,18.1,89.6,85.5,91.5,Medium,Passed
STU-53780,Engineering,28.3,77.0,93.4,100.0,Medium,Passed
STU-53781,Data Science,18.2,74.6,73.2,78.4,Medium,Passed
STU-53782,Business & Economics,17.4,78.9,82.9,88.7,Medium,Passed
STU-53783,Computer Science,22.5,78.2,81.2,86.9,Medium,Passed
STU-53784,Engineering,8.0,78.4,61.4,65.7,Medium,Passed
STU-53785,Humanities,19.1,52.5,66.6,71.3,Low,Passed
STU-53786,Business & Economics,28.5,93.2,93.4,100.0,High,Passed
STU-53787,Computer Science,9.3,78.9,69.5,74.4,Medium,Passed
STU-53788,Business & Economics,19.5,100.0,87.2,93.4,Medium,Passed
STU-53789,Computer Science,25.6,64.8,86.3,92.4,Low,Passed
STU-53790,Data Science,23.1,79.4,88.5,94.8,Medium,Passed
STU-53791,Business & Economics,17.6,95.9,87.9,94.1,Medium,Passed
STU-53792,Engineering,26.1,78.2,91.5,98.0,Medium,Passed
STU-53793,Computer Science,9.3,93.5,67.9,72.7,Medium,Passed
STU-53794,Data Science,15.0,76.1,66.0,70.7,Medium,Passed
STU-53795,Computer Science,12.4,92.4,75.5,80.8,Medium,Passed
STU-53796,Business & Economics,12.6,79.3,70.0,74.9,Medium,Passed
STU-53797,Data Science,17.8,80.6,83.6,89.5,Medium,Passed
STU-53798,Computer Science,11.0,58.2,62.0,66.4,Low,Passed
STU-53799,Engineering,20.2,100.0,81.7,87.5,High,Passed
STU-53800,Business & Economics,16.9,79.3,84.1,90.0,Medium,Passed
STU-53801,Business & Economics,20.4,50.1,81.2,86.9,Low,Passed
STU-53802,Engineering,13.5,58.7,67.1,71.8,Low,Passed
STU-53803,Engineering,15.9,96.1,85.7,91.7,Medium,Passed
STU-53804,Data Science,7.0,69.8,65.6,70.2,Low,Passed
STU-53805,Computer Science,23.3,97.2,84.4,90.4,High,Passed
STU-53806,Engineering,13.7,72.5,84.3,90.3,Medium,Passed
STU-53807,Business & Economics,20.6,66.5,66.7,71.4,Low,Passed
STU-53808,Computer Science,17.9,89.1,89.7,96.0,Medium,Passed
STU-53809,Engineering,20.8,83.9,81.5,87.3,Medium,Passed
STU-53810,Business & Economics,18.3,95.7,93.4,100.0,Medium,Passed
STU-53811,Business & Economics,19.6,79.6,90.0,96.4,Medium,Passed
STU-53812,Humanities,7.2,81.7,70.0,74.9,Medium,Passed
STU-53813,Computer Science,15.5,90.8,76.9,82.3,Medium,Passed
STU-53814,Computer Science,14.4,80.8,81.0,86.7,Medium,Passed
STU-53815,Engineering,17.1,72.1,78.9,84.5,Medium,Passed
STU-53816,Business & Economics,19.3,75.3,82.1,87.9,Medium,Passed
STU-53817,Business & Economics,13.1,82.0,75.1,80.4,Medium,Passed
STU-53818,Data Science,22.7,74.7,91.9,98.4,Medium,Passed
STU-53819,Engineering,20.3,65.9,65.3,69.9,Low,Passed
STU-53820,Engineering,21.4,73.1,80.2,85.9,Medium,Passed
STU-53821,Computer Science,14.0,74.4,77.2,82.6,Medium,Passed
STU-53822,Data Science,33.5,96.3,93.4,100.0,High,Passed
STU-53823,Engineering,15.9,71.9,69.1,74.0,Medium,Passed
STU-53824,Computer Science,11.1,96.3,88.8,95.1,Medium,Passed
STU-53825,Engineering,13.9,69.5,80.8,86.5,Low,Passed
STU-53826,Computer Science,11.2,76.9,76.1,81.5,Medium,Passed
STU-53827,Data Science,23.9,77.7,91.6,98.1,Medium,Passed
STU-53828,Engineering,25.7,95.1,93.4,100.0,High,Passed
STU-53829,Data Science,25.2,75.9,93.4,100.0,Medium,Passed
STU-53830,Computer Science,15.8,93.5,84.6,90.6,Medium,Passed
STU-53831,Engineering,16.6,93.4,90.2,96.6,Medium,Passed
STU-53832,Computer Science,6.8,89.6,68.6,73.4,Medium,Passed
STU-53833,Business & Economics,20.8,68.4,82.9,88.7,Low,Passed
STU-53834,Computer Science,19.1,100.0,93.4,100.0,Medium,Passed
STU-53835,Engineering,25.0,76.4,80.6,86.3,Medium,Passed
STU-53836,Computer Science,38.8,86.9,93.4,100.0,High,Passed
STU-53837,Computer Science,13.6,81.4,78.5,84.0,Medium,Passed
STU-53838,Engineering,18.7,67.3,73.4,78.6,Low,Passed
STU-53839,Business & Economics,23.0,89.3,93.4,100.0,High,Passed
STU-53840,Computer Science,28.7,81.4,93.4,100.0,Medium,Passed
STU-53841,Engineering,20.6,80.1,76.0,81.4,Medium,Passed
STU-53842,Computer Science,20.3,73.0,87.8,94.0,Medium,Passed
STU-53843,Computer Science,16.6,63.5,77.2,82.7,Low,Passed
STU-53844,Business & Economics,4.9,74.9,72.9,78.1,Medium,Passed
STU-53845,Engineering,3.7,86.2,57.5,61.6,Medium,Passed
STU-53846,Business & Economics,20.1,100.0,87.6,93.8,High,Passed
STU-53847,Engineering,12.5,89.4,75.0,80.3,Medium,Passed
STU-53848,Business & Economics,11.8,73.4,62.3,66.7,Medium,Passed
STU-53849,Computer Science,9.8,100.0,78.3,83.8,Medium,Passed
STU-53850,Engineering,26.9,100.0,93.4,100.0,High,Passed
STU-53851,Humanities,15.8,53.5,63.0,67.5,Low,Passed
STU-53852,Computer Science,18.5,71.5,84.2,90.1,Medium,Passed
STU-53853,Business & Economics,12.1,84.2,79.8,85.4,Medium,Passed
STU-53854,Data Science,29.3,100.0,93.4,100.0,High,Passed
STU-53855,Computer Science,3.0,85.5,67.5,72.3,Medium,Passed
STU-53856,Data Science,22.7,96.9,90.2,96.6,High,Passed
STU-53857,Business & Economics,20.8,87.0,84.7,90.7,High,Passed
STU-53858,Engineering,13.0,100.0,81.0,86.7,Medium,Passed
STU-53859,Engineering,12.0,83.4,64.1,68.6,Medium,Passed
STU-53860,Data Science,18.1,85.6,91.9,98.4,Medium,Passed
STU-53861,Data Science,28.5,79.2,81.3,87.0,Medium,Passed
STU-53862,Computer Science,24.0,67.8,79.1,84.7,Low,Passed
STU-53863,Engineering,25.1,86.8,93.1,99.7,High,Passed
STU-53864,Humanities,20.1,65.8,74.9,80.2,Low,Passed
STU-53865,Computer Science,24.7,100.0,93.4,100.0,High,Passed
STU-53866,Engineering,18.0,83.9,86.6,92.7,Medium,Passed
STU-53867,Humanities,13.9,85.1,84.4,90.4,Medium,Passed
STU-53868,Business & Economics,22.8,76.9,78.6,84.1,Medium,Passed
STU-53869,Computer Science,23.6,64.3,85.5,91.5,Low,Passed
STU-53870,Data Science,13.4,67.8,71.5,76.5,Low,Passed
STU-53871,Engineering,11.6,73.1,70.5,75.5,Medium,Passed
STU-53872,Business & Economics,28.2,96.9,93.4,100.0,High,Passed
STU-53873,Data Science,10.2,92.3,87.1,93.2,Medium,Passed
STU-53874,Computer Science,7.2,89.7,81.4,87.1,Medium,Passed
STU-53875,Business & Economics,3.4,71.7,66.6,71.3,Medium,Passed
STU-53876,Engineering,21.6,71.8,79.3,84.9,Medium,Passed
STU-53877,Humanities,18.2,81.8,80.4,86.1,Medium,Passed
STU-53878,Data Science,14.0,80.0,82.9,88.7,Medium,Passed
STU-53879,Computer Science,21.3,72.7,76.1,81.5,Medium,Passed
STU-53880,Engineering,19.3,88.1,86.0,92.1,Medium,Passed
STU-53881,Computer Science,17.5,53.0,67.0,71.7,Low,Passed
STU-53882,Data Science,18.4,61.6,81.9,87.7,Low,Passed
STU-53883,Data Science,21.9,100.0,93.4,100.0,High,Passed
STU-53884,Data Science,19.4,83.8,85.2,91.2,Medium,Passed
STU-53885,Data Science,11.9,56.1,61.6,65.9,Low,Passed
STU-53886,Engineering,9.4,83.3,79.3,84.9,Medium,Passed
STU-53887,Computer Science,22.1,80.8,93.4,100.0,Medium,Passed
STU-53888,Engineering,23.2,72.3,87.9,94.1,Medium,Passed
STU-53889,Data Science,24.0,93.2,90.1,96.5,High,Passed
STU-53890,Data Science,19.1,91.8,85.0,91.0,Medium,Passed
STU-53891,Engineering,19.0,97.1,91.8,98.3,Medium,Passed
STU-53892,Business & Economics,15.4,69.2,75.8,81.1,Low,Passed
STU-53893,Engineering,4.0,65.1,58.1,62.2,Low,Passed
STU-53894,Business & Economics,18.1,88.1,93.4,100.0,Medium,Passed
STU-53895,Computer Science,6.8,96.9,78.2,83.7,Medium,Passed
STU-53896,Engineering,22.1,85.2,81.6,87.4,High,Passed
STU-53897,Business & Economics,19.7,91.8,81.8,87.6,Medium,Passed
STU-53898,Data Science,10.4,88.2,69.7,74.6,Medium,Passed
STU-53899,Data Science,20.0,90.2,93.4,100.0,Medium,Passed
STU-53900,Engineering,22.1,85.6,86.6,92.7,High,Passed
STU-53901,Computer Science,18.6,60.2,75.9,81.3,Low,Passed
STU-53902,Engineering,7.8,100.0,77.7,83.2,Medium,Passed
STU-53903,Business & Economics,17.1,62.1,74.3,79.5,Low,Passed
STU-53904,Engineering,11.6,73.5,74.1,79.3,Medium,Passed
STU-53905,Engineering,24.5,64.9,84.2,90.1,Low,Passed
STU-53906,Computer Science,22.1,86.3,89.1,95.4,High,Passed
STU-53907,Engineering,31.8,71.4,93.4,100.0,Medium,Passed
STU-53908,Business & Economics,21.1,79.7,81.0,86.7,Medium,Passed
STU-53909,Business & Economics,13.4,90.9,70.6,75.6,Medium,Passed
STU-53910,Engineering,14.3,77.4,80.0,85.6,Medium,Passed
STU-53911,Business & Economics,26.8,93.8,84.9,90.9,High,Passed
STU-53912,Engineering,17.2,56.4,72.8,77.9,Low,Passed
STU-53913,Data Science,21.2,83.2,88.5,94.7,Medium,Passed
STU-53914,Engineering,23.7,79.1,83.2,89.1,Medium,Passed
STU-53915,Engineering,7.1,77.1,63.8,68.3,Medium,Passed
STU-53916,Computer Science,13.9,85.5,68.8,73.7,Medium,Passed
STU-53917,Data Science,10.4,83.5,77.6,83.1,Medium,Passed
STU-53918,Business & Economics,17.7,59.3,70.1,75.0,Low,Passed
STU-53919,Engineering,18.6,100.0,85.7,91.7,Medium,Passed
STU-53920,Computer Science,36.6,80.8,93.4,100.0,Medium,Passed
STU-53921,Computer Science,16.7,100.0,78.7,84.3,Medium,Passed
STU-53922,Engineering,17.7,92.4,90.0,96.4,Medium,Passed
STU-53923,Humanities,17.9,86.3,78.0,83.5,Medium,Passed
STU-53924,Engineering,21.4,81.7,82.8,88.6,Medium,Passed
STU-53925,Data Science,17.8,77.1,81.8,87.6,Medium,Passed
STU-53926,Business & Economics,25.3,83.1,92.8,99.4,Medium,Passed
STU-53927,Computer Science,19.1,84.8,81.2,86.9,Medium,Passed
STU-53928,Engineering,28.3,96.0,93.4,100.0,High,Passed
STU-53929,Business & Economics,22.2,49.9,62.8,67.2,Low,Passed
STU-53930,Data Science,24.9,65.3,84.4,90.4,Low,Passed
STU-53931,Computer Science,17.5,100.0,87.0,93.1,Medium,Passed
STU-53932,Computer Science,17.3,100.0,83.5,89.4,Medium,Passed
STU-53933,Computer Science,21.6,80.2,80.2,85.9,Medium,Passed
STU-53934,Engineering,18.8,74.7,74.8,80.1,Medium,Passed
STU-53935,Computer Science,9.9,100.0,76.8,82.2,Medium,Passed
STU-53936,Engineering,24.2,81.5,76.5,81.9,Medium,Passed
STU-53937,Business & Economics,18.1,91.0,85.3,91.3,Medium,Passed
STU-53938,Engineering,19.9,78.7,86.6,92.7,Medium,Passed
STU-53939,Humanities,24.3,85.5,89.8,96.1,High,Passed
STU-53940,Business & Economics,27.5,63.3,84.3,90.3,Low,Passed
STU-53941,Business & Economics,22.0,93.2,93.4,100.0,High,Passed
STU-53942,Business & Economics,18.7,63.1,67.7,72.5,Low,Passed
STU-53943,Engineering,20.9,87.1,93.1,99.7,High,Passed
STU-53944,Data Science,18.0,100.0,91.9,98.4,Medium,Passed
STU-53945,Computer Science,20.2,97.0,88.7,95.0,High,Passed
STU-53946,Data Science,23.9,77.2,88.1,94.3,Medium,Passed
STU-53947,Data Science,20.9,72.5,82.2,88.0,Medium,Passed
STU-53948,Engineering,16.1,82.9,73.1,78.3,Medium,Passed
STU-53949,Business & Economics,21.0,83.1,90.2,96.6,Medium,Passed
STU-53950,Data Science,27.8,97.1,91.9,98.4,High,Passed
STU-53951,Business & Economics,21.8,55.6,79.2,84.8,Low,Passed
STU-53952,Computer Science,10.1,87.6,74.0,79.2,Medium,Passed
STU-53953,Computer Science,9.3,86.1,70.9,75.9,Medium,Passed
STU-53954,Computer Science,14.9,99.1,87.0,93.1,Medium,Passed
STU-53955,Humanities,24.6,100.0,93.4,100.0,High,Passed
STU-53956,Humanities,12.8,68.2,67.6,72.4,Low,Passed
STU-53957,Data Science,23.8,85.1,88.9,95.2,High,Passed
STU-53958,Data Science,20.8,43.9,64.7,69.3,Low,Passed
STU-53959,Computer Science,16.8,96.7,81.4,87.1,Medium,Passed
STU-53960,Humanities,17.3,93.9,88.7,95.0,Medium,Passed
STU-53961,Data Science,14.0,100.0,85.1,91.1,Medium,Passed
STU-53962,Business & Economics,14.6,94.2,85.5,91.5,Medium,Passed
STU-53963,Humanities,30.2,77.0,86.0,92.1,Medium,Passed
STU-53964,Data Science,12.7,80.3,77.0,82.4,Medium,Passed
STU-53965,Humanities,14.9,74.9,77.7,83.2,Medium,Passed
STU-53966,Humanities,20.4,87.8,87.8,94.0,High,Passed
STU-53967,Engineering,12.6,93.1,86.5,92.6,Medium,Passed
STU-53968,Engineering,16.7,88.6,81.8,87.6,Medium,Passed
STU-53969,Engineering,16.1,88.2,73.8,79.0,Medium,Passed
STU-53970,Computer Science,19.8,72.3,86.0,92.1,Medium,Passed
STU-53971,Engineering,23.5,70.2,83.6,89.5,Medium,Passed
STU-53972,Data Science,13.9,75.9,75.8,81.1,Medium,Passed
STU-53973,Computer Science,22.8,100.0,93.4,100.0,High,Passed
STU-53974,Business & Economics,11.9,100.0,81.0,86.7,Medium,Passed
STU-53975,Computer Science,27.2,79.3,93.4,100.0,Medium,Passed
STU-53976,Engineering,12.3,92.2,71.4,76.4,Medium,Passed
STU-53977,Computer Science,20.6,75.7,76.4,81.8,Medium,Passed
STU-53978,Data Science,20.3,84.4,87.8,94.0,Medium,Passed
STU-53979,Engineering,22.0,88.9,89.4,95.7,High,Passed
STU-53980,Data Science,26.5,67.0,79.0,84.6,Low,Passed
STU-53981,Computer Science,14.9,78.8,78.8,84.4,Medium,Passed
STU-53982,Engineering,19.1,90.3,83.7,89.6,Medium,Passed
STU-53983,Computer Science,29.9,94.9,93.4,100.0,High,Passed
STU-53984,Computer Science,16.7,100.0,87.1,93.3,Medium,Passed
STU-53985,Data Science,19.7,81.4,88.8,95.1,Medium,Passed
STU-53986,Business & Economics,15.4,77.0,80.5,86.2,Medium,Passed
STU-53987,Computer Science,19.8,78.3,89.1,95.4,Medium,Passed
STU-53988,Computer Science,16.9,71.6,77.8,83.3,Medium,Passed
STU-53989,Computer Science,20.4,89.9,93.4,100.0,High,Passed
STU-53990,Data Science,19.0,83.7,83.7,89.6,Medium,Passed
STU-53991,Computer Science,30.2,100.0,93.4,100.0,High,Passed
STU-53992,Data Science,15.9,82.1,86.5,92.6,Medium,Passed
STU-53993,Business & Economics,21.1,82.6,90.9,97.3,Medium,Passed
STU-53994,Computer Science,11.9,76.4,79.1,84.7,Medium,Passed
STU-53995,Business & Economics,11.0,67.7,66.2,70.9,Low,Passed
STU-53996,Engineering,2.3,93.2,74.4,79.6,Medium,Passed
STU-53997,Computer Science,18.9,86.1,88.3,94.5,Medium,Passed
STU-53998,Engineering,11.4,53.5,55.6,59.5,Low,Passed
STU-53999,Data Science,19.4,83.1,91.1,97.5,Medium,Passed
STU-54000,Humanities,19.6,78.3,84.1,90.0,Medium,Passed
STU-54001,Business & Economics,15.7,80.6,77.9,83.4,Medium,Passed
STU-54002,Humanities,16.6,61.3,75.5,80.8,Low,Passed
STU-54003,Engineering,14.1,90.9,84.4,90.4,Medium,Passed
STU-54004,Computer Science,21.5,89.4,93.4,100.0,High,Passed
STU-54005,Data Science,20.3,74.2,88.5,94.8,Medium,Passed
STU-54006,Computer Science,11.4,79.6,69.5,74.4,Medium,Passed
STU-54007,Computer Science,16.2,81.6,85.6,91.6,Medium,Passed
STU-54008,Engineering,18.4,100.0,91.2,97.6,Medium,Passed
STU-54009,Business & Economics,15.4,71.0,74.1,79.3,Medium,Passed
STU-54010,Data Science,26.2,66.2,75.9,81.3,Low,Passed
STU-54011,Business & Economics,25.1,81.8,89.1,95.4,Medium,Passed
STU-54012,Computer Science,10.5,93.3,76.2,81.6,Medium,Passed
STU-54013,Computer Science,29.9,84.4,93.4,100.0,Medium,Passed
STU-54014,Data Science,18.6,63.0,67.6,72.4,Low,Passed
STU-54015,Computer Science,14.4,82.1,67.4,72.2,Medium,Passed
STU-54016,Computer Science,12.8,62.5,67.2,71.9,Low,Passed
STU-54017,Computer Science,23.1,100.0,92.8,99.4,High,Passed
STU-54018,Computer Science,24.1,92.7,93.4,100.0,High,Passed
STU-54019,Computer Science,22.8,66.6,77.3,82.8,Low,Passed
STU-54020,Engineering,7.8,74.2,54.9,58.8,Medium,Passed
STU-54021,Engineering,19.5,68.7,73.4,78.6,Low,Passed
STU-54022,Computer Science,29.3,88.1,93.4,100.0,High,Passed
STU-54023,Computer Science,10.3,96.4,76.3,81.7,Medium,Passed
STU-54024,Computer Science,17.2,88.5,79.8,85.4,Medium,Passed
STU-54025,Computer Science,22.9,91.8,83.6,89.5,High,Passed
STU-54026,Computer Science,36.2,94.0,93.4,100.0,High,Passed
STU-54027,Computer Science,22.4,97.1,89.8,96.1,High,Passed
STU-54028,Computer Science,16.9,71.1,81.4,87.1,Medium,Passed
STU-54029,Computer Science,20.3,79.6,91.8,98.3,Medium,Passed
STU-54030,Humanities,10.6,70.9,72.6,77.7,Medium,Passed
STU-54031,Computer Science,20.5,89.8,84.1,90.0,High,Passed
STU-54032,Data Science,22.8,90.4,90.0,96.4,High,Passed
STU-54033,Business & Economics,14.0,78.4,80.3,86.0,Medium,Passed
STU-54034,Computer Science,19.4,78.5,81.2,86.9,Medium,Passed
STU-54035,Data Science,18.1,88.8,70.9,75.9,Medium,Passed
STU-54036,Engineering,6.5,89.3,74.6,79.9,Medium,Passed
STU-54037,Computer Science,19.4,73.2,76.0,81.4,Medium,Passed
STU-54038,Computer Science,17.9,92.1,87.5,93.7,Medium,Passed
STU-54039,Engineering,20.3,87.8,91.4,97.9,High,Passed
STU-54040,Engineering,12.2,76.2,76.8,82.2,Medium,Passed
STU-54041,Data Science,23.7,77.5,85.0,91.0,Medium,Passed
STU-54042,Engineering,15.4,74.8,77.8,83.3,Medium,Passed
STU-54043,Data Science,19.6,78.9,88.6,94.9,Medium,Passed
STU-54044,Engineering,20.6,83.6,83.2,89.1,Medium,Passed
STU-54045,Computer Science,17.4,84.5,79.5,85.1,Medium,Passed
STU-54046,Engineering,21.2,87.2,88.9,95.2,High,Passed
STU-54047,Data Science,23.2,67.8,84.3,90.3,Low,Passed
STU-54048,Engineering,11.7,100.0,87.2,93.4,Medium,Passed
STU-54049,Computer Science,15.6,99.0,83.3,89.2,Medium,Passed
STU-54050,Engineering,10.8,65.8,66.4,71.1,Low,Passed
STU-54051,Business & Economics,15.2,89.5,79.7,85.3,Medium,Passed
STU-54052,Computer Science,19.0,91.7,83.8,89.7,Medium,Passed
STU-54053,Business & Economics,4.9,74.2,66.1,70.8,Medium,Passed
STU-54054,Business & Economics,13.1,87.3,81.4,87.2,Medium,Passed
STU-54055,Engineering,18.8,68.8,67.3,72.1,Low,Passed
STU-54056,Engineering,10.5,91.8,71.0,76.0,Medium,Passed
STU-54057,Engineering,25.7,65.3,71.6,76.7,Low,Passed
STU-54058,Computer Science,22.4,77.7,91.3,97.7,Medium,Passed
STU-54059,Business & Economics,7.0,96.0,75.7,81.0,Medium,Passed
STU-54060,Data Science,10.5,97.7,82.2,88.0,Medium,Passed
STU-54061,Computer Science,23.9,79.8,91.1,97.5,Medium,Passed
STU-54062,Engineering,19.5,96.0,93.1,99.7,Medium,Passed
STU-54063,Computer Science,25.5,89.4,91.4,97.9,High,Passed
STU-54064,Engineering,12.9,83.0,78.7,84.3,Medium,Passed
STU-54065,Data Science,15.9,100.0,86.4,92.5,Medium,Passed
STU-54066,Data Science,23.9,60.7,77.7,83.2,Low,Passed
STU-54067,Engineering,25.0,91.5,84.7,90.7,High,Passed
STU-54068,Computer Science,18.3,85.1,91.4,97.9,Medium,Passed
STU-54069,Data Science,23.3,81.9,93.2,99.8,Medium,Passed
STU-54070,Engineering,17.0,79.0,88.6,94.9,Medium,Passed
STU-54071,Computer Science,19.6,89.1,81.8,87.6,Medium,Passed
STU-54072,Engineering,20.8,59.8,78.0,83.5,Low,Passed
STU-54073,Engineering,29.2,94.3,93.4,100.0,High,Passed
STU-54074,Data Science,13.9,67.4,78.4,83.9,Low,Passed
STU-54075,Data Science,18.4,79.1,92.3,98.8,Medium,Passed
STU-54076,Engineering,2.0,79.0,65.6,70.2,Medium,Passed
STU-54077,Computer Science,13.2,66.2,68.0,72.8,Low,Passed
STU-54078,Engineering,19.5,72.0,76.8,82.2,Medium,Passed
STU-54079,Computer Science,14.0,86.3,75.0,80.3,Medium,Passed
STU-54080,Data Science,28.9,70.6,88.4,94.6,Medium,Passed
STU-54081,Computer Science,12.1,77.1,76.2,81.6,Medium,Passed
STU-54082,Business & Economics,12.6,86.9,76.2,81.6,Medium,Passed
STU-54083,Engineering,11.9,75.1,79.9,85.5,Medium,Passed
STU-54084,Engineering,19.0,71.1,73.6,78.8,Medium,Passed
STU-54085,Humanities,17.9,94.1,87.7,93.9,Medium,Passed
STU-54086,Business & Economics,22.0,100.0,93.4,100.0,High,Passed
STU-54087,Data Science,16.0,77.7,78.6,84.2,Medium,Passed
STU-54088,Business & Economics,24.3,99.7,93.4,100.0,High,Passed
STU-54089,Business & Economics,24.3,92.4,81.3,87.0,High,Passed
STU-54090,Data Science,9.1,87.6,71.1,76.1,Medium,Passed
STU-54091,Business & Economics,21.8,82.1,82.9,88.8,Medium,Passed
STU-54092,Computer Science,14.7,82.1,75.6,80.9,Medium,Passed
STU-54093,Computer Science,25.1,80.7,84.7,90.7,Medium,Passed
STU-54094,Business & Economics,21.5,80.2,82.1,87.9,Medium,Passed
STU-54095,Engineering,27.6,80.2,92.5,99.0,Medium,Passed
STU-54096,Computer Science,13.9,77.1,82.5,88.3,Medium,Passed
STU-54097,Computer Science,23.2,80.7,82.1,87.9,Medium,Passed
STU-54098,Engineering,26.1,56.3,82.8,88.6,Low,Passed
STU-54099,Business & Economics,5.6,61.5,53.1,56.9,Low,Passed
STU-54100,Engineering,32.1,92.0,93.4,100.0,High,Passed
STU-54101,Data Science,12.1,67.4,74.5,79.8,Low,Passed
STU-54102,Engineering,20.8,100.0,81.2,86.9,High,Passed
STU-54103,Computer Science,12.1,85.4,69.8,74.7,Medium,Passed
STU-54104,Business & Economics,5.8,93.6,66.4,71.1,Medium,Passed
STU-54105,Data Science,14.7,82.3,74.7,80.0,Medium,Passed
STU-54106,Engineering,16.7,76.5,77.6,83.1,Medium,Passed
STU-54107,Computer Science,21.6,91.8,93.4,100.0,High,Passed
STU-54108,Humanities,12.9,72.4,74.4,79.7,Medium,Passed
STU-54109,Humanities,31.9,100.0,93.4,100.0,High,Passed
STU-54110,Business & Economics,29.2,91.5,93.4,100.0,High,Passed
STU-54111,Data Science,17.5,90.4,86.6,92.7,Medium,Passed
STU-54112,Computer Science,11.7,97.0,80.8,86.5,Medium,Passed
STU-54113,Computer Science,23.5,92.5,93.4,100.0,High,Passed
STU-54114,Computer Science,15.5,61.4,67.0,71.7,Low,Passed
STU-54115,Computer Science,16.6,65.7,69.9,74.8,Low,Passed
STU-54116,Computer Science,14.4,70.5,78.5,84.0,Medium,Passed
STU-54117,Humanities,16.3,96.8,79.6,85.2,Medium,Passed
STU-54118,Engineering,38.8,82.4,93.4,100.0,Medium,Passed
STU-54119,Business & Economics,20.1,62.3,78.2,83.7,Low,Passed
STU-54120,Computer Science,20.9,96.3,82.6,88.4,High,Passed
STU-54121,Computer Science,25.9,83.1,93.4,100.0,Medium,Passed
STU-54122,Computer Science,14.9,100.0,87.7,93.9,Medium,Passed
STU-54123,Engineering,23.8,83.1,89.2,95.5,Medium,Passed
STU-54124,Engineering,16.1,74.5,78.7,84.3,Medium,Passed
STU-54125,Data Science,15.2,71.9,71.7,76.8,Medium,Passed
STU-54126,Business & Economics,12.0,87.5,80.6,86.3,Medium,Passed
STU-54127,Computer Science,2.0,85.2,69.3,74.2,Medium,Passed
STU-54128,Data Science,19.3,97.1,82.9,88.7,Medium,Passed
STU-54129,Computer Science,16.0,78.8,78.4,83.9,Medium,Passed
STU-54130,Data Science,21.3,72.1,80.4,86.1,Medium,Passed
STU-54131,Engineering,10.2,100.0,85.0,91.0,Medium,Passed
STU-54132,Engineering,21.0,91.1,91.8,98.3,High,Passed
STU-54133,Computer Science,27.3,70.4,91.5,98.0,Medium,Passed
STU-54134,Engineering,18.8,64.1,78.0,83.5,Low,Passed
STU-54135,Computer Science,18.6,97.4,80.6,86.3,Medium,Passed
STU-54136,Computer Science,11.2,78.9,69.7,74.6,Medium,Passed
STU-54137,Humanities,15.3,97.7,91.9,98.4,Medium,Passed
STU-54138,Business & Economics,12.0,89.6,72.2,77.3,Medium,Passed
STU-54139,Computer Science,16.9,94.3,78.2,83.7,Medium,Passed
STU-54140,Data Science,22.2,74.6,88.5,94.8,Medium,Passed
STU-54141,Humanities,10.2,91.2,72.9,78.1,Medium,Passed
STU-54142,Computer Science,15.2,84.7,84.8,90.8,Medium,Passed
STU-54143,Computer Science,18.3,91.6,82.1,87.9,Medium,Passed
STU-54144,Computer Science,25.0,73.6,74.7,80.0,Medium,Passed
STU-54145,Computer Science,27.3,78.2,93.4,100.0,Medium,Passed
STU-54146,Data Science,22.8,100.0,85.3,91.3,High,Passed
STU-54147,Computer Science,41.1,71.9,93.4,100.0,Medium,Passed
STU-54148,Computer Science,19.9,90.8,81.9,87.7,Medium,Passed
STU-54149,Business & Economics,15.2,52.6,57.8,61.9,Low,Passed
STU-54150,Engineering,19.0,62.2,73.6,78.8,Low,Passed
STU-54151,Engineering,14.6,97.3,85.1,91.1,Medium,Passed
STU-54152,Engineering,12.6,100.0,78.8,84.4,Medium,Passed
STU-54153,Engineering,21.4,83.1,86.6,92.7,Medium,Passed
STU-54154,Engineering,17.5,86.1,93.4,100.0,Medium,Passed
STU-54155,Business & Economics,14.4,66.1,74.4,79.6,Low,Passed
STU-54156,Humanities,19.3,81.9,75.9,81.3,Medium,Passed
STU-54157,Data Science,17.1,71.7,77.8,83.3,Medium,Passed
STU-54158,Business & Economics,29.4,100.0,92.3,98.8,High,Passed
STU-54159,Data Science,21.1,100.0,91.2,97.6,High,Passed
STU-54160,Engineering,18.1,61.3,65.9,70.5,Low,Passed
STU-54161,Computer Science,17.6,98.7,83.2,89.1,Medium,Passed
STU-54162,Business & Economics,12.5,95.5,75.2,80.5,Medium,Passed
STU-54163,Computer Science,24.0,100.0,88.1,94.3,High,Passed
STU-54164,Computer Science,6.7,98.7,75.0,80.3,Medium,Passed
STU-54165,Computer Science,22.3,68.1,76.6,82.0,Low,Passed
STU-54166,Engineering,16.0,73.1,72.3,77.4,Medium,Passed
STU-54167,Computer Science,21.4,75.4,75.0,80.3,Medium,Passed
STU-54168,Computer Science,20.3,73.7,78.0,83.5,Medium,Passed
STU-54169,Computer Science,14.4,65.4,65.5,70.1,Low,Passed
STU-54170,Computer Science,15.5,70.0,65.8,70.4,Low,Passed
STU-54171,Business & Economics,26.3,63.8,86.7,92.8,Low,Passed
STU-54172,Computer Science,17.1,84.6,79.8,85.4,Medium,Passed
STU-54173,Humanities,15.3,78.6,82.8,88.6,Medium,Passed
STU-54174,Humanities,30.6,80.2,90.6,97.0,Medium,Passed
STU-54175,Data Science,21.9,77.3,81.1,86.8,Medium,Passed
STU-54176,Computer Science,18.9,92.5,88.8,95.1,Medium,Passed
STU-54177,Computer Science,21.1,88.0,82.9,88.8,High,Passed
STU-54178,Engineering,22.6,77.1,82.5,88.3,Medium,Passed
STU-54179,Engineering,26.3,94.3,87.9,94.1,High,Passed
STU-54180,Engineering,16.7,69.9,67.0,71.7,Low,Passed
STU-54181,Data Science,17.4,80.3,86.4,92.5,Medium,Passed
STU-54182,Engineering,15.6,81.5,73.9,79.1,Medium,Passed
STU-54183,Computer Science,15.4,61.7,71.5,76.5,Low,Passed
STU-54184,Data Science,15.9,74.1,82.7,88.5,Medium,Passed
STU-54185,Engineering,20.6,93.9,80.5,86.2,High,Passed
STU-54186,Business & Economics,30.5,86.5,93.4,100.0,High,Passed
STU-54187,Data Science,17.5,92.2,93.4,100.0,Medium,Passed
STU-54188,Business & Economics,18.2,71.6,75.1,80.4,Medium,Passed
STU-54189,Business & Economics,23.0,72.5,91.3,97.7,Medium,Passed
STU-54190,Data Science,21.0,70.2,68.1,72.9,Medium,Passed
STU-54191,Computer Science,17.4,97.1,84.3,90.2,Medium,Passed
STU-54192,Humanities,22.5,83.7,89.2,95.5,Medium,Passed
STU-54193,Engineering,14.0,94.6,93.4,100.0,Medium,Passed
STU-54194,Computer Science,18.5,100.0,93.4,100.0,Medium,Passed
STU-54195,Business & Economics,20.1,75.5,75.7,81.0,Medium,Passed
STU-54196,Computer Science,13.7,76.2,76.8,82.2,Medium,Passed
STU-54197,Engineering,21.3,82.0,83.6,89.5,Medium,Passed
STU-54198,Business & Economics,27.5,90.5,93.4,100.0,High,Passed
STU-54199,Engineering,18.9,91.0,84.2,90.1,Medium,Passed
